{
"type": "FeatureCollection",
"name": "bbmp_settlements",
"crs": { "type": "name", "properties": { "name": "urn:ogc:def:crs:OGC:1.3:CRS84" } },
"features": [
{ "type": "Feature", "properties": { "fid": 81, "KGISVillageID": 21385, "Category": "Settlement", "Kharab": "SETTLEMENT", "Surveynumber_Old": "SETTLEMENT", "KGISVill_2": "B. Narayanapura" }, "geometry": { "type": "MultiPolygon", "coordinates": [ [ [ [ 77.6770895, 12.9945074 ], [ 77.6766679, 12.9939209 ], [ 77.676366, 12.9935069 ], [ 77.6763322, 12.9929679 ], [ 77.6760555, 12.9919162 ], [ 77.6755729, 12.9917621 ], [ 77.6747959, 12.9918537 ], [ 77.6745407, 12.9920064 ], [ 77.6745501, 12.992185 ], [ 77.6748777, 12.9921693 ], [ 77.6748894, 12.992659 ], [ 77.6750661, 12.9926677 ], [ 77.6750873, 12.9929592 ], [ 77.6758086, 12.9936103 ], [ 77.6757562, 12.9936748 ], [ 77.6758817, 12.9939946 ], [ 77.6762524, 12.993964 ], [ 77.6764641, 12.994542 ], [ 77.6766545, 12.9945582 ], [ 77.6768765, 12.9947972 ], [ 77.6769464, 12.9947851 ], [ 77.6771787, 12.9947437 ], [ 77.6770895, 12.9945074 ] ] ] ] } },
{ "type": "Feature", "properties": { "fid": 125, "KGISVillageID": 21415, "Category": "Settlement", "Kharab": "SETTLEMENT", "Surveynumber_Old": "SETTLEMENT", "KGISVill_2": "Kaggadasanapura Narayanapura" }, "geometry": { "type": "MultiPolygon", "coordinates": [ [ [ [ 77.6804343, 12.9830213 ], [ 77.6804246, 12.982804 ], [ 77.6804066, 12.9827109 ], [ 77.6802636, 12.9827273 ], [ 77.6799079, 12.9829341 ], [ 77.6798123, 12.982701 ], [ 77.6796975, 12.9826856 ], [ 77.6796306, 12.9827239 ], [ 77.6796044, 12.9826431 ], [ 77.6791909, 12.9826995 ], [ 77.6791698, 12.9823088 ], [ 77.6790373, 12.9817301 ], [ 77.6786602, 12.981226 ], [ 77.6783925, 12.9812616 ], [ 77.6779751, 12.9808316 ], [ 77.6780663, 12.9807806 ], [ 77.678031, 12.9806991 ], [ 77.6778931, 12.980717 ], [ 77.6779759, 12.9810478 ], [ 77.6778015, 12.981067 ], [ 77.6773873, 12.9811346 ], [ 77.6769792, 12.9812181 ], [ 77.6767482, 12.9814724 ], [ 77.6767282, 12.981722 ], [ 77.6767747, 12.9821119 ], [ 77.6767654, 12.9823779 ], [ 77.6771694, 12.9831721 ], [ 77.6772914, 12.9834122 ], [ 77.6787008, 12.9833021 ], [ 77.6788556, 12.9835061 ], [ 77.6789845, 12.9839027 ], [ 77.6791995, 12.9840648 ], [ 77.6793803, 12.9841615 ], [ 77.6793184, 12.9845701 ], [ 77.6792408, 12.9850742 ], [ 77.6793293, 12.9851064 ], [ 77.6794723, 12.9850718 ], [ 77.6796517, 12.9844695 ], [ 77.6799969, 12.983704 ], [ 77.6801706, 12.9833951 ], [ 77.6804343, 12.9830213 ] ] ] ] } },
{ "type": "Feature", "properties": { "fid": 239, "KGISVillageID": 21433, "Category": "Settlement", "Kharab": "PALYA", "Surveynumber_Old": "PALYA", "KGISVill_2": "Vibuthipura" }, "geometry": { "type": "MultiPolygon", "coordinates": [ [ [ [ 77.6761176, 12.9640681 ], [ 77.6762809, 12.9649618 ], [ 77.676992, 12.964745 ], [ 77.6767446, 12.9639158 ], [ 77.6761176, 12.9640681 ] ] ] ] } },
{ "type": "Feature", "properties": { "fid": 347, "KGISVillageID": 21492, "Category": "Settlement", "Kharab": "SETTLEMENT", "Surveynumber_Old": "SETTLEMENT", "KGISVill_2": "Yamaluru" }, "geometry": { "type": "MultiPolygon", "coordinates": [ [ [ [ 77.6808805, 12.9470139 ], [ 77.6812081, 12.9470101 ], [ 77.6813298, 12.9470028 ], [ 77.6811938, 12.9461287 ], [ 77.6811816, 12.9460606 ], [ 77.6811337, 12.9457989 ], [ 77.6809503, 12.9458196 ], [ 77.6808926, 12.9456715 ], [ 77.6807442, 12.94535 ], [ 77.6804576, 12.9453372 ], [ 77.6800742, 12.9452811 ], [ 77.6800778, 12.9451404 ], [ 77.6798526, 12.9451307 ], [ 77.6796042, 12.945357 ], [ 77.6795532, 12.9459271 ], [ 77.6793766, 12.9460432 ], [ 77.6794886, 12.9466408 ], [ 77.6796426, 12.9467144 ], [ 77.6797247, 12.9471413 ], [ 77.6802717, 12.9471018 ], [ 77.680291, 12.9473932 ], [ 77.6804614, 12.9473805 ], [ 77.680772, 12.9473228 ], [ 77.6808805, 12.9470139 ] ] ] ] } },
{ "type": "Feature", "properties": { "fid": 384, "KGISVillageID": 21438, "Category": "Settlement", "Kharab": "SETTLEMENT", "Surveynumber_Old": "SETTLEMENT", "KGISVill_2": "Bellandur" }, "geometry": { "type": "MultiPolygon", "coordinates": [ [ [ [ 77.6758472, 12.9309172 ], [ 77.675954, 12.9305579 ], [ 77.6760177, 12.930504 ], [ 77.6761113, 12.9305713 ], [ 77.6760285, 12.9307752 ], [ 77.676112, 12.9308825 ], [ 77.6762101, 12.9308586 ], [ 77.6762664, 12.9310114 ], [ 77.6762104, 12.931057 ], [ 77.6763085, 12.9312888 ], [ 77.6765411, 12.9311567 ], [ 77.6765027, 12.9307746 ], [ 77.6768755, 12.9307539 ], [ 77.6768485, 12.9301441 ], [ 77.6765995, 12.9301542 ], [ 77.6763704, 12.9300966 ], [ 77.6762673, 12.9294882 ], [ 77.6761084, 12.9294951 ], [ 77.6756967, 12.9291108 ], [ 77.675559, 12.9291953 ], [ 77.6754181, 12.9290478 ], [ 77.6752362, 12.9291302 ], [ 77.6752476, 12.9293457 ], [ 77.674727, 12.9294964 ], [ 77.6746224, 12.9296733 ], [ 77.67456, 12.9301564 ], [ 77.6748371, 12.930655 ], [ 77.675245, 12.9307714 ], [ 77.6756745, 12.9307156 ], [ 77.6756984, 12.9309856 ], [ 77.675813, 12.9310447 ], [ 77.6759444, 12.931398 ], [ 77.6760795, 12.9313202 ], [ 77.6758472, 12.9309172 ] ] ] ] } },
{ "type": "Feature", "properties": { "fid": 462, "KGISVillageID": 21468, "Category": "Settlement", "Kharab": "SETTLEMENT", "Surveynumber_Old": "SETTLEMENT", "KGISVill_2": "Kempapura" }, "geometry": { "type": "MultiPolygon", "coordinates": [ [ [ [ 77.6726585, 12.9477027 ], [ 77.6729146, 12.9474692 ], [ 77.6730694, 12.9470644 ], [ 77.6730229, 12.946694 ], [ 77.6731539, 12.9465919 ], [ 77.6731098, 12.9463478 ], [ 77.6732053, 12.9460686 ], [ 77.672497, 12.946087 ], [ 77.6715737, 12.9462323 ], [ 77.6716236, 12.946336 ], [ 77.6723015, 12.9479025 ], [ 77.6726585, 12.9477027 ] ] ] ] } },
{ "type": "Feature", "properties": { "fid": 477, "KGISVillageID": 21444, "Category": "Settlement", "Kharab": "SETTLEMENT", "Surveynumber_Old": "SETTLEMENT", "KGISVill_2": "Belur" }, "geometry": { "type": "MultiPolygon", "coordinates": [ [ [ [ 77.6675579, 12.9446564 ], [ 77.6675436, 12.9441751 ], [ 77.6676378, 12.9437659 ], [ 77.6675572, 12.9434771 ], [ 77.6671522, 12.9432254 ], [ 77.6665882, 12.9431032 ], [ 77.6663041, 12.9432377 ], [ 77.6662028, 12.9434639 ], [ 77.6660637, 12.9434786 ], [ 77.6661083, 12.9439636 ], [ 77.6660901, 12.9442888 ], [ 77.6662493, 12.9448049 ], [ 77.6663092, 12.944808 ], [ 77.6675579, 12.9446564 ] ] ] ] } },
{ "type": "Feature", "properties": { "fid": 562, "KGISVillageID": 21445, "Category": "Settlement", "Kharab": "SETTLEMENT", "Surveynumber_Old": "SETTLEMENT", "KGISVill_2": "Belur Nagasandra" }, "geometry": { "type": "MultiPolygon", "coordinates": [ [ [ [ 77.6558105, 12.9436962 ], [ 77.6570257, 12.9434678 ], [ 77.657075, 12.9430009 ], [ 77.6571436, 12.9428997 ], [ 77.6564704, 12.9429479 ], [ 77.6563627, 12.9429734 ], [ 77.6554073, 12.9430758 ], [ 77.6550122, 12.9430056 ], [ 77.6550082, 12.9432072 ], [ 77.6550099, 12.9432087 ], [ 77.6552414, 12.943552 ], [ 77.6552634, 12.9436819 ], [ 77.6558105, 12.9436962 ] ] ] ] } },
{ "type": "Feature", "properties": { "fid": 675, "KGISVillageID": 21447, "Category": "Settlement", "Kharab": "SETTLEMENT", "Surveynumber_Old": "SETTLEMENT", "KGISVill_2": "Chellagatta" }, "geometry": { "type": "MultiPolygon", "coordinates": [ [ [ [ 77.6491263, 12.9451537 ], [ 77.6493017, 12.9450209 ], [ 77.6492519, 12.9446355 ], [ 77.6493844, 12.9443477 ], [ 77.649528, 12.9441988 ], [ 77.6494919, 12.9440035 ], [ 77.6492672, 12.9439932 ], [ 77.6492331, 12.9439348 ], [ 77.6490654, 12.9436478 ], [ 77.6489779, 12.943355 ], [ 77.6488468, 12.9434273 ], [ 77.6476454, 12.9445072 ], [ 77.647813, 12.9453698 ], [ 77.6478571, 12.9455999 ], [ 77.6484364, 12.9455562 ], [ 77.6486676, 12.9454154 ], [ 77.6489514, 12.9453018 ], [ 77.6491263, 12.9451537 ] ] ] ] } },
{ "type": "Feature", "properties": { "fid": 768, "KGISVillageID": 15545, "Category": "Settlement", "Kharab": "PALYA_SULAGUNTEPALYA", "Surveynumber_Old": "PALYA_SULAGUNTEPALYA", "KGISVill_2": "Tavarekere" }, "geometry": { "type": "MultiPolygon", "coordinates": [ [ [ [ 77.6079877, 12.9313761 ], [ 77.608325, 12.9311737 ], [ 77.6083382, 12.9302208 ], [ 77.6071026, 12.9302726 ], [ 77.6070926, 12.9304823 ], [ 77.6069282, 12.9305005 ], [ 77.6068402, 12.9307665 ], [ 77.6070572, 12.9311968 ], [ 77.6071489, 12.9313733 ], [ 77.6074486, 12.9314075 ], [ 77.6079877, 12.9313761 ] ] ] ] } },
{ "type": "Feature", "properties": { "fid": 796, "KGISVillageID": 15500, "Category": "Settlement", "Kharab": "SETTLEMENT_NEW", "Surveynumber_Old": "SETTLEMENT_NEW", "KGISVill_2": "Adugodi" }, "geometry": { "type": "MultiPolygon", "coordinates": [ [ [ [ 77.6075855, 12.9464782 ], [ 77.6076375, 12.9462052 ], [ 77.6077641, 12.9457235 ], [ 77.6071592, 12.9459124 ], [ 77.6074228, 12.9450683 ], [ 77.6071238, 12.9451071 ], [ 77.6066824, 12.9450567 ], [ 77.6066821, 12.9451275 ], [ 77.6066827, 12.945204 ], [ 77.6067129, 12.9459398 ], [ 77.6068659, 12.9459842 ], [ 77.6067302, 12.9464904 ], [ 77.6070123, 12.9465414 ], [ 77.6075855, 12.9464782 ] ] ] ] } },
{ "type": "Feature", "properties": { "fid": 844, "KGISVillageID": 15500, "Category": "Settlement", "Kharab": "SETTLEMENT", "Surveynumber_Old": "SETTLEMENT", "KGISVill_2": "Adugodi" }, "geometry": { "type": "MultiPolygon", "coordinates": [ [ [ [ 77.6078841, 12.9442134 ], [ 77.6079124, 12.9440306 ], [ 77.6082065, 12.9440294 ], [ 77.6088033, 12.9438297 ], [ 77.6088179, 12.9436882 ], [ 77.609472, 12.9436867 ], [ 77.6096406, 12.9435907 ], [ 77.6096154, 12.9434444 ], [ 77.6098729, 12.9434483 ], [ 77.6098446, 12.94336 ], [ 77.6098076, 12.9432446 ], [ 77.6096978, 12.9429039 ], [ 77.6094877, 12.9428921 ], [ 77.6093665, 12.9427282 ], [ 77.6095143, 12.94266 ], [ 77.6095131, 12.9424339 ], [ 77.6093655, 12.9422331 ], [ 77.6092158, 12.9420649 ], [ 77.6088428, 12.9420728 ], [ 77.6088112, 12.9417822 ], [ 77.6085962, 12.941721 ], [ 77.6076831, 12.944122 ], [ 77.6078841, 12.9442134 ] ] ] ] } },
{ "type": "Feature", "properties": { "fid": 909, "KGISVillageID": 15530, "Category": "Settlement", "Kharab": "SETTLEMENT", "Surveynumber_Old": "SETTLEMENT", "KGISVill_2": "K.G.Koramangala" }, "geometry": { "type": "MultiPolygon", "coordinates": [ [ [ [ 77.6195345, 12.9428225 ], [ 77.619667, 12.9427997 ], [ 77.619617, 12.9426395 ], [ 77.6197676, 12.9424709 ], [ 77.61949, 12.9417509 ], [ 77.6193865, 12.9417595 ], [ 77.6192958, 12.9417646 ], [ 77.6186562, 12.9412233 ], [ 77.6185254, 12.9409468 ], [ 77.6183135, 12.9410714 ], [ 77.618382, 12.9413125 ], [ 77.6183563, 12.941475 ], [ 77.6182185, 12.9415206 ], [ 77.6179617, 12.9415201 ], [ 77.6178679, 12.9424503 ], [ 77.6179418, 12.9431099 ], [ 77.6181567, 12.9434459 ], [ 77.6184746, 12.9435569 ], [ 77.6190682, 12.9434425 ], [ 77.6192227, 12.9433097 ], [ 77.6195345, 12.9428225 ] ] ] ] } },
{ "type": "Feature", "properties": { "fid": 1020, "KGISVillageID": 15516, "Category": "Settlement", "Kharab": "SETTLEMENT", "Surveynumber_Old": "SETTLEMENT", "KGISVill_2": "Ejipura" }, "geometry": { "type": "MultiPolygon", "coordinates": [ [ [ [ 77.62893, 12.9441163 ], [ 77.6287448, 12.9441244 ], [ 77.6287315, 12.9440058 ], [ 77.6285548, 12.9440176 ], [ 77.6285245, 12.9438055 ], [ 77.6284552, 12.9437994 ], [ 77.628176, 12.9438176 ], [ 77.6277988, 12.9439322 ], [ 77.6277461, 12.9440741 ], [ 77.6277508, 12.9442686 ], [ 77.6278166, 12.9443886 ], [ 77.6279145, 12.9449488 ], [ 77.6284507, 12.9449593 ], [ 77.6285853, 12.9448326 ], [ 77.6288065, 12.9448665 ], [ 77.6288803, 12.9448472 ], [ 77.62893, 12.9441163 ] ] ] ] } },
{ "type": "Feature", "properties": { "fid": 1082, "KGISVillageID": 15516, "Category": "Settlement", "Kharab": "MAJARE", "Surveynumber_Old": "MAJARE", "KGISVill_2": "Ejipura" }, "geometry": { "type": "MultiPolygon", "coordinates": [ [ [ [ 77.6244539, 12.9357835 ], [ 77.6239776, 12.9355145 ], [ 77.6238504, 12.9356457 ], [ 77.62337, 12.9355961 ], [ 77.6234163, 12.9356798 ], [ 77.6241136, 12.9365452 ], [ 77.6244423, 12.9367711 ], [ 77.6247555, 12.9364506 ], [ 77.6245767, 12.9363097 ], [ 77.6247122, 12.936205 ], [ 77.6244539, 12.9357835 ] ] ] ] } },
{ "type": "Feature", "properties": { "fid": 1083, "KGISVillageID": 15524, "Category": "Settlement", "Kharab": "PALYA_JOGIPALYA", "Surveynumber_Old": "PALYA_JOGIPALYA", "KGISVill_2": "Jakkasandra" }, "geometry": { "type": "MultiPolygon", "coordinates": [ [ [ [ 77.6242824, 12.9320409 ], [ 77.6241643, 12.9320928 ], [ 77.6239706, 12.9321384 ], [ 77.6240423, 12.933359 ], [ 77.6240501, 12.9334904 ], [ 77.6241407, 12.9338736 ], [ 77.6252488, 12.9337618 ], [ 77.6252415, 12.9337313 ], [ 77.6250097, 12.9327524 ], [ 77.6247451, 12.9326597 ], [ 77.6246513, 12.9325957 ], [ 77.6243948, 12.9322486 ], [ 77.6242824, 12.9320409 ] ] ] ] } },
{ "type": "Feature", "properties": { "fid": 1139, "KGISVillageID": 15542, "Category": "Settlement", "Kharab": "SETTLEMENT", "Surveynumber_Old": "SETTLEMENT", "KGISVill_2": "Shinivagilu" }, "geometry": { "type": "MultiPolygon", "coordinates": [ [ [ [ 77.633337, 12.9367231 ], [ 77.6335478, 12.9366402 ], [ 77.6337055, 12.9367795 ], [ 77.6337734, 12.936702 ], [ 77.6340364, 12.9363235 ], [ 77.6343183, 12.9359517 ], [ 77.633658, 12.9360716 ], [ 77.6334001, 12.9361429 ], [ 77.6331583, 12.9362743 ], [ 77.633337, 12.9367231 ] ] ] ] } },
{ "type": "Feature", "properties": { "fid": 1157, "KGISVillageID": 15093, "Category": "Settlement", "Kharab": "SETTLEMENT", "Surveynumber_Old": "SETTLEMENT", "KGISVill_2": "Dommaluru" }, "geometry": { "type": "MultiPolygon", "coordinates": [ [ [ [ 77.6367551, 12.9625285 ], [ 77.6369095, 12.96237 ], [ 77.6373344, 12.9621358 ], [ 77.6376898, 12.9616773 ], [ 77.6376326, 12.9615684 ], [ 77.637492, 12.9612356 ], [ 77.6373856, 12.9610635 ], [ 77.6362587, 12.9613205 ], [ 77.6344005, 12.9613987 ], [ 77.6343656, 12.9615245 ], [ 77.6342952, 12.9617077 ], [ 77.6341841, 12.9619967 ], [ 77.6343993, 12.9624059 ], [ 77.6344559, 12.9627384 ], [ 77.6346987, 12.9630479 ], [ 77.6349317, 12.963059 ], [ 77.6350777, 12.962919 ], [ 77.6352461, 12.963065 ], [ 77.6354027, 12.9631545 ], [ 77.6366472, 12.9626169 ], [ 77.6367551, 12.9625285 ] ] ] ] } },
{ "type": "Feature", "properties": { "fid": 1234, "KGISVillageID": 15094, "Category": "Settlement", "Kharab": "MAJARE", "Surveynumber_Old": "MAJARE", "KGISVill_2": "Dookanahalli" }, "geometry": { "type": "MultiPolygon", "coordinates": [ [ [ [ 77.636083, 12.9732152 ], [ 77.6359596, 12.9737481 ], [ 77.6363152, 12.9739297 ], [ 77.636637, 12.9742146 ], [ 77.6368864, 12.9740035 ], [ 77.636941, 12.9739116 ], [ 77.6369995, 12.973474 ], [ 77.6364893, 12.9733285 ], [ 77.6363307, 12.9732793 ], [ 77.636083, 12.9732152 ] ] ] ] } },
{ "type": "Feature", "properties": { "fid": 1365, "KGISVillageID": 15117, "Category": "Settlement", "Kharab": "SETTLEMENT", "Surveynumber_Old": "SETTLEMENT", "KGISVill_2": "J.I.Sonnenahalli" }, "geometry": { "type": "MultiPolygon", "coordinates": [ [ [ [ 77.6189378, 12.9575697 ], [ 77.6192507, 12.9576248 ], [ 77.6203434, 12.9567194 ], [ 77.6211156, 12.9563462 ], [ 77.6210595, 12.9560903 ], [ 77.6210279, 12.955963 ], [ 77.6208264, 12.9549951 ], [ 77.6206821, 12.9542973 ], [ 77.6206639, 12.9541541 ], [ 77.6206443, 12.9540503 ], [ 77.6205962, 12.9537999 ], [ 77.6204395, 12.9529817 ], [ 77.6204302, 12.952896 ], [ 77.6204048, 12.9528045 ], [ 77.620399, 12.9527762 ], [ 77.6203695, 12.9526327 ], [ 77.6203652, 12.9526115 ], [ 77.6203529, 12.9525433 ], [ 77.6202864, 12.9524602 ], [ 77.61966, 12.952826 ], [ 77.6196471, 12.9528313 ], [ 77.6197, 12.9529617 ], [ 77.6197161, 12.9529594 ], [ 77.6198002, 12.9529475 ], [ 77.6198493, 12.9531041 ], [ 77.6198676, 12.9531739 ], [ 77.6199026, 12.9532664 ], [ 77.6199765, 12.9535774 ], [ 77.6200609, 12.953933 ], [ 77.620077, 12.9540597 ], [ 77.6201329, 12.9545145 ], [ 77.6201358, 12.9546211 ], [ 77.620032, 12.9546326 ], [ 77.6197128, 12.9546586 ], [ 77.6196072, 12.9546482 ], [ 77.6194855, 12.954659 ], [ 77.6191613, 12.9546889 ], [ 77.6190787, 12.9547162 ], [ 77.6189869, 12.9547417 ], [ 77.618726, 12.9547909 ], [ 77.618637, 12.954816 ], [ 77.6186664, 12.9547081 ], [ 77.6187319, 12.9545227 ], [ 77.6186505, 12.9545153 ], [ 77.6185, 12.9545427 ], [ 77.6184767, 12.9544233 ], [ 77.618381, 12.9542166 ], [ 77.6183663, 12.9540426 ], [ 77.6183726, 12.9539505 ], [ 77.6183765, 12.9538337 ], [ 77.6183318, 12.9537645 ], [ 77.6182354, 12.9536083 ], [ 77.6181776, 12.9535599 ], [ 77.6181187, 12.9534913 ], [ 77.6180857, 12.9534529 ], [ 77.6182134, 12.9538738 ], [ 77.6181099, 12.9543648 ], [ 77.6181171, 12.9555174 ], [ 77.6181378, 12.9561043 ], [ 77.618634, 12.9565123 ], [ 77.6186743, 12.9565669 ], [ 77.6187251, 12.9564347 ], [ 77.6189408, 12.9563835 ], [ 77.6190054, 12.9563744 ], [ 77.6190804, 12.9564455 ], [ 77.6192918, 12.9566635 ], [ 77.6193648, 12.9567586 ], [ 77.619308, 12.9568139 ], [ 77.6191503, 12.9569255 ], [ 77.619044, 12.9569693 ], [ 77.6189837, 12.9569093 ], [ 77.6188496, 12.9567727 ], [ 77.6187896, 12.9568469 ], [ 77.6186031, 12.9570625 ], [ 77.6187253, 12.9572008 ], [ 77.6188164, 12.9572882 ], [ 77.6187781, 12.9573489 ], [ 77.6186688, 12.9575007 ], [ 77.6183926, 12.95779 ], [ 77.6183122, 12.9577063 ], [ 77.6182596, 12.9577584 ], [ 77.6181544, 12.9578732 ], [ 77.6180732, 12.9579741 ], [ 77.6179671, 12.9580627 ], [ 77.6179418, 12.9579608 ], [ 77.6179035, 12.9578555 ], [ 77.6178698, 12.95776 ], [ 77.6178269, 12.9576557 ], [ 77.6177839, 12.9577633 ], [ 77.6176669, 12.9579979 ], [ 77.6175552, 12.95865 ], [ 77.6174823, 12.9591499 ], [ 77.6171905, 12.9611589 ], [ 77.6171415, 12.9616844 ], [ 77.6180614, 12.9621499 ], [ 77.6183893, 12.9608805 ], [ 77.6186453, 12.9590836 ], [ 77.6188026, 12.9584439 ], [ 77.6189378, 12.9575697 ] ] ] ] } },
{ "type": "Feature", "properties": { "fid": 1403, "KGISVillageID": 15149, "Category": "Settlement", "Kharab": "SETTLEMENT", "Surveynumber_Old": "SETTLEMENT", "KGISVill_2": "S.I.Neelasandra" }, "geometry": { "type": "MultiPolygon", "coordinates": [ [ [ [ 77.6123983, 12.9563108 ], [ 77.6126614, 12.9562196 ], [ 77.6134167, 12.955954 ], [ 77.6133503, 12.9557092 ], [ 77.6137042, 12.9554645 ], [ 77.6137425, 12.9554149 ], [ 77.613628, 12.9551461 ], [ 77.6135809, 12.9549933 ], [ 77.613267, 12.9549501 ], [ 77.6129403, 12.9550091 ], [ 77.6128363, 12.9547215 ], [ 77.6129712, 12.9547168 ], [ 77.6129156, 12.9545475 ], [ 77.6131825, 12.9544868 ], [ 77.6131796, 12.954354 ], [ 77.6127865, 12.9544207 ], [ 77.6126785, 12.953927 ], [ 77.6125733, 12.9535923 ], [ 77.6109919, 12.9540856 ], [ 77.6116321, 12.9562904 ], [ 77.6120242, 12.9564696 ], [ 77.6123983, 12.9563108 ] ], [ [ 77.6124245, 12.9541847 ], [ 77.6119984, 12.9543587 ], [ 77.6118407, 12.9542961 ], [ 77.611794, 12.9539193 ], [ 77.6123259, 12.9538159 ], [ 77.6124245, 12.9541847 ] ] ] ] } },
{ "type": "Feature", "properties": { "fid": 1531, "KGISVillageID": 15135, "Category": "Settlement", "Kharab": "SETTLEMENT", "Surveynumber_Old": "SETTLEMENT", "KGISVill_2": "Kuppasandra" }, "geometry": { "type": "MultiPolygon", "coordinates": [ [ [ [ 77.6131113, 12.9656953 ], [ 77.6132706, 12.9655173 ], [ 77.6134248, 12.9652133 ], [ 77.6134731, 12.9649078 ], [ 77.6141816, 12.965172 ], [ 77.6142353, 12.965158 ], [ 77.6144257, 12.9639286 ], [ 77.6142095, 12.9637449 ], [ 77.6135655, 12.9636597 ], [ 77.6128106, 12.9635035 ], [ 77.6124523, 12.96342 ], [ 77.6124325, 12.9631761 ], [ 77.6121789, 12.9631688 ], [ 77.6122319, 12.9633728 ], [ 77.6115759, 12.9633785 ], [ 77.6114443, 12.9640828 ], [ 77.6114685, 12.9643134 ], [ 77.6115115, 12.9644878 ], [ 77.6120481, 12.9647093 ], [ 77.6125384, 12.9648762 ], [ 77.6131769, 12.9649254 ], [ 77.6129726, 12.9655299 ], [ 77.6131113, 12.9656953 ] ] ] ] } },
{ "type": "Feature", "properties": { "fid": 1541, "KGISVillageID": 15121, "Category": "Settlement", "Kharab": "SETTLEMENT", "Surveynumber_Old": "SETTLEMENT", "KGISVill_2": "K.G.Byadarahalli" }, "geometry": { "type": "MultiPolygon", "coordinates": [ [ [ [ 77.6067047, 12.9993199 ], [ 77.6066041, 12.998757 ], [ 77.6064607, 12.9987542 ], [ 77.6064003, 12.9982501 ], [ 77.606425, 12.9980388 ], [ 77.6059129, 12.997869 ], [ 77.6051405, 12.9978439 ], [ 77.6049559, 12.9984444 ], [ 77.6050978, 12.998456 ], [ 77.605136, 12.9987892 ], [ 77.6054025, 12.9995699 ], [ 77.6057636, 12.9995883 ], [ 77.6062774, 12.9994134 ], [ 77.6066245, 12.9993389 ], [ 77.6067047, 12.9993199 ] ] ] ] } },
{ "type": "Feature", "properties": { "fid": 1543, "KGISVillageID": 15121, "Category": "Settlement", "Kharab": "STATION_CIVIL", "Surveynumber_Old": "STATION_CIVIL", "KGISVill_2": "K.G.Byadarahalli" }, "geometry": { "type": "MultiPolygon", "coordinates": [ [ [ [ 77.6055464, 13.003865 ], [ 77.6055535, 13.0035655 ], [ 77.6055187, 13.0035276 ], [ 77.6054619, 13.0034659 ], [ 77.6054141, 13.0034141 ], [ 77.6056255, 13.0031132 ], [ 77.6059462, 13.0029697 ], [ 77.6060968, 13.0028627 ], [ 77.6062912, 13.0025488 ], [ 77.6063842, 13.0025872 ], [ 77.6065425, 13.0026515 ], [ 77.6064864, 13.0024952 ], [ 77.6064606, 13.0024245 ], [ 77.6065586, 13.002395 ], [ 77.6067844, 13.0023226 ], [ 77.6068986, 13.0022585 ], [ 77.6069987, 13.0022025 ], [ 77.6071217, 13.0021761 ], [ 77.6072039, 13.0021581 ], [ 77.6072014, 13.0021068 ], [ 77.6071723, 13.0014351 ], [ 77.6070351, 13.0013968 ], [ 77.6066969, 13.0012955 ], [ 77.6065512, 13.0004491 ], [ 77.6064682, 12.9999276 ], [ 77.6066997, 12.9998782 ], [ 77.6066532, 12.9995695 ], [ 77.6066245, 12.9993389 ], [ 77.6062774, 12.9994134 ], [ 77.6057636, 12.9995883 ], [ 77.6054025, 12.9995699 ], [ 77.605136, 12.9987892 ], [ 77.6050978, 12.998456 ], [ 77.6049559, 12.9984444 ], [ 77.6047506, 12.998463 ], [ 77.6047746, 12.9986764 ], [ 77.6038785, 12.9988701 ], [ 77.6021372, 12.9994975 ], [ 77.6018829, 12.9998056 ], [ 77.6017784, 13.0006126 ], [ 77.603071, 13.0024094 ], [ 77.6035877, 13.0030662 ], [ 77.6036767, 13.0030844 ], [ 77.6037541, 13.0030789 ], [ 77.6041202, 13.0030461 ], [ 77.6045706, 13.0039716 ], [ 77.6046187, 13.0040693 ], [ 77.6047109, 13.0040488 ], [ 77.6050663, 13.0039707 ], [ 77.6055464, 13.003865 ] ] ] ] } },
{ "type": "Feature", "properties": { "fid": 1581, "KGISVillageID": 15123, "Category": "Settlement", "Kharab": "PALYA_MAMKARIYANAPALYA", "Surveynumber_Old": "PALYA_MAMKARIYANAPALYA", "KGISVill_2": "K.G.Doddakunte" }, "geometry": { "type": "MultiPolygon", "coordinates": [ [ [ [ 77.6151958, 13.0029759 ], [ 77.6152677, 13.0023424 ], [ 77.6150204, 13.0023185 ], [ 77.6149624, 13.0029299 ], [ 77.6149597, 13.003066 ], [ 77.6151958, 13.0029759 ] ] ] ] } },
{ "type": "Feature", "properties": { "fid": 1583, "KGISVillageID": 15123, "Category": "Settlement", "Kharab": "PALYA_PAPIREADYPALYA", "Surveynumber_Old": "PALYA_PAPIREADYPALYA", "KGISVill_2": "K.G.Doddakunte" }, "geometry": { "type": "MultiPolygon", "coordinates": [ [ [ [ 77.6138867, 13.000342 ], [ 77.6137503, 13.0005765 ], [ 77.6142007, 13.0010188 ], [ 77.6143529, 13.0010212 ], [ 77.6143813, 13.00118 ], [ 77.614597, 13.0010861 ], [ 77.6147288, 13.0009851 ], [ 77.6146578, 13.0008506 ], [ 77.6147529, 13.000839 ], [ 77.6147145, 13.000729 ], [ 77.6147756, 13.0006036 ], [ 77.61476, 13.000354 ], [ 77.6146728, 13.0001543 ], [ 77.6144593, 13.0001327 ], [ 77.6138867, 13.000342 ] ] ] ] } },
{ "type": "Feature", "properties": { "fid": 1610, "KGISVillageID": 15119, "Category": "Settlement", "Kharab": "PALYA", "Surveynumber_Old": "PALYA", "KGISVill_2": "K.G.Byadarahalli" }, "geometry": { "type": "MultiPolygon", "coordinates": [ [ [ [ 77.6126346, 12.9983327 ], [ 77.6126945, 12.9982852 ], [ 77.6126139, 12.9981557 ], [ 77.6124519, 12.9978959 ], [ 77.6124062, 12.9978296 ], [ 77.6120876, 12.99803 ], [ 77.6123175, 12.9983697 ], [ 77.612401, 12.9984685 ], [ 77.6126346, 12.9983327 ] ] ] ] } },
{ "type": "Feature", "properties": { "fid": 1643, "KGISVillageID": 15123, "Category": "Settlement", "Kharab": "MAJARE_MUTHAKARANAPALYA", "Surveynumber_Old": "MAJARE_MUTHAKARANAPALYA", "KGISVill_2": "K.G.Doddakunte" }, "geometry": { "type": "MultiPolygon", "coordinates": [ [ [ [ 77.619494, 12.9995111 ], [ 77.619284, 12.9993289 ], [ 77.6190945, 12.9990424 ], [ 77.6190226, 12.9987033 ], [ 77.6180768, 12.9983418 ], [ 77.6178299, 12.9980241 ], [ 77.617699, 12.9981092 ], [ 77.6174946, 12.9981592 ], [ 77.6175343, 12.9983744 ], [ 77.6174593, 12.9985145 ], [ 77.6175387, 12.9990888 ], [ 77.6175833, 12.9993659 ], [ 77.6179646, 12.9992882 ], [ 77.6180311, 12.9993566 ], [ 77.6181543, 12.9993312 ], [ 77.6182141, 13.0001432 ], [ 77.6185802, 12.9999526 ], [ 77.6186518, 13.0000175 ], [ 77.6192052, 12.9998 ], [ 77.6193003, 12.9998263 ], [ 77.6195405, 12.9996913 ], [ 77.619494, 12.9995111 ] ] ] ] } },
{ "type": "Feature", "properties": { "fid": 1728, "KGISVillageID": 15123, "Category": "Settlement", "Kharab": "MAJARE_JEEVANAHALLI", "Surveynumber_Old": "MAJARE_JEEVANAHALLI", "KGISVill_2": "K.G.Doddakunte" }, "geometry": { "type": "MultiPolygon", "coordinates": [ [ [ [ 77.6287783, 12.9966757 ], [ 77.6291889, 12.9964803 ], [ 77.6295729, 12.9962731 ], [ 77.6295263, 12.9961971 ], [ 77.6292116, 12.9957329 ], [ 77.6289584, 12.9954134 ], [ 77.6288684, 12.9953709 ], [ 77.6283895, 12.9953606 ], [ 77.6282308, 12.9950912 ], [ 77.6278385, 12.9950481 ], [ 77.6278509, 12.9949311 ], [ 77.6273376, 12.9950373 ], [ 77.6273614, 12.9952161 ], [ 77.6272998, 12.995576 ], [ 77.6272731, 12.9962658 ], [ 77.627392, 12.9963234 ], [ 77.6276437, 12.9964451 ], [ 77.627633, 12.9966029 ], [ 77.6278412, 12.9966101 ], [ 77.6287783, 12.9966757 ] ] ] ] } },
{ "type": "Feature", "properties": { "fid": 1780, "KGISVillageID": 15123, "Category": "Settlement", "Kharab": "SETTLEMENT", "Surveynumber_Old": "SETTLEMENT", "KGISVill_2": "K.G.Doddakunte" }, "geometry": { "type": "MultiPolygon", "coordinates": [ [ [ [ 77.621746, 12.9963067 ], [ 77.621819, 12.9962416 ], [ 77.6218962, 12.9963129 ], [ 77.6220869, 12.9962512 ], [ 77.6220117, 12.995897 ], [ 77.6221046, 12.9958943 ], [ 77.6221198, 12.9957837 ], [ 77.6222853, 12.9958001 ], [ 77.6223084, 12.995693 ], [ 77.6225231, 12.9956703 ], [ 77.6228027, 12.9956335 ], [ 77.6228174, 12.9955141 ], [ 77.6229942, 12.9954985 ], [ 77.6230024, 12.9955685 ], [ 77.6230748, 12.9955465 ], [ 77.6234681, 12.9953523 ], [ 77.6237821, 12.9953772 ], [ 77.6237299, 12.9951535 ], [ 77.6238735, 12.9951155 ], [ 77.6238845, 12.994988 ], [ 77.623473, 12.9950169 ], [ 77.623152, 12.9950769 ], [ 77.6230702, 12.9950947 ], [ 77.6230372, 12.9948763 ], [ 77.6228428, 12.9948763 ], [ 77.6228389, 12.9947596 ], [ 77.6227935, 12.9946473 ], [ 77.6229407, 12.9946071 ], [ 77.6229328, 12.9945466 ], [ 77.622921, 12.9944581 ], [ 77.622593, 12.9945673 ], [ 77.622077, 12.9946793 ], [ 77.6220024, 12.9947305 ], [ 77.6221315, 12.9948845 ], [ 77.6220685, 12.9949442 ], [ 77.6219782, 12.994878 ], [ 77.6215544, 12.994862 ], [ 77.6216763, 12.9947059 ], [ 77.6216304, 12.994628 ], [ 77.6215111, 12.9946679 ], [ 77.6214852, 12.9945556 ], [ 77.6208821, 12.994691 ], [ 77.6205909, 12.99472 ], [ 77.6207029, 12.9950481 ], [ 77.6205574, 12.9951202 ], [ 77.620442, 12.995143 ], [ 77.6204645, 12.9952471 ], [ 77.6206362, 12.9952629 ], [ 77.6210454, 12.9957052 ], [ 77.6216384, 12.9963078 ], [ 77.6216311, 12.996454 ], [ 77.6218246, 12.9963729 ], [ 77.621746, 12.9963067 ] ] ] ] } },
{ "type": "Feature", "properties": { "fid": 1797, "KGISVillageID": 15072, "Category": "Settlement", "Kharab": "MAJARE_KOLLAHALLI", "Surveynumber_Old": "MAJARE_KOLLAHALLI", "KGISVill_2": "Alasuru" }, "geometry": { "type": "MultiPolygon", "coordinates": [ [ [ [ 77.6244808, 12.9863698 ], [ 77.6240486, 12.9857922 ], [ 77.6236906, 12.9855695 ], [ 77.6234042, 12.9856563 ], [ 77.6234081, 12.9858 ], [ 77.6232769, 12.9859465 ], [ 77.6235572, 12.9864367 ], [ 77.6235103, 12.9867164 ], [ 77.6236951, 12.9867744 ], [ 77.6237967, 12.9869629 ], [ 77.6240599, 12.9869355 ], [ 77.624381, 12.9869317 ], [ 77.6245702, 12.9875553 ], [ 77.624573, 12.9875646 ], [ 77.6245742, 12.9875684 ], [ 77.6246041, 12.987667 ], [ 77.6246295, 12.9876654 ], [ 77.6247563, 12.9876667 ], [ 77.6250155, 12.9876692 ], [ 77.6250771, 12.9876698 ], [ 77.624905, 12.9866291 ], [ 77.6244808, 12.9863698 ] ] ] ] } },
{ "type": "Feature", "properties": { "fid": 2002, "KGISVillageID": 15118, "Category": "Settlement", "Kharab": "PALYA_KADAREE", "Surveynumber_Old": "PALYA_KADAREE", "KGISVill_2": "K.G.Binnamangala" }, "geometry": { "type": "MultiPolygon", "coordinates": [ [ [ [ 77.63595, 12.9869297 ], [ 77.6359316, 12.9865881 ], [ 77.6355791, 12.986369 ], [ 77.6353871, 12.9863632 ], [ 77.6352301, 12.9863552 ], [ 77.6350537, 12.9863673 ], [ 77.6349915, 12.9864587 ], [ 77.6348733, 12.9868057 ], [ 77.6350482, 12.9871116 ], [ 77.6350932, 12.9873862 ], [ 77.6351112, 12.987486 ], [ 77.6353822, 12.9875178 ], [ 77.6357504, 12.9875178 ], [ 77.636008, 12.9873501 ], [ 77.6360653, 12.987083 ], [ 77.63595, 12.9869297 ] ] ] ] } },
{ "type": "Feature", "properties": { "fid": 2100, "KGISVillageID": 21390, "Category": "Settlement", "Kharab": "PALYA", "Surveynumber_Old": "PALYA", "KGISVill_2": "Byyappanahalli Manavarthekaval" }, "geometry": { "type": "MultiPolygon", "coordinates": [ [ [ [ 77.6378593, 13.0012959 ], [ 77.6378395, 13.0006195 ], [ 77.6372242, 13.0006606 ], [ 77.6372144, 13.0013962 ], [ 77.6378593, 13.0012959 ] ] ] ] } },
{ "type": "Feature", "properties": { "fid": 2107, "KGISVillageID": 21390, "Category": "Settlement", "Kharab": "SETTLEMENT", "Surveynumber_Old": "SETTLEMENT", "KGISVill_2": "Byyappanahalli Manavarthekaval" }, "geometry": { "type": "MultiPolygon", "coordinates": [ [ [ [ 77.6407174, 13.0006165 ], [ 77.6413337, 13.0006102 ], [ 77.6419288, 13.0005483 ], [ 77.6418955, 13.0001009 ], [ 77.6415922, 13.0000674 ], [ 77.6414821, 12.9997095 ], [ 77.6406713, 12.9998492 ], [ 77.6407174, 13.0006165 ] ] ] ] } },
{ "type": "Feature", "properties": { "fid": 2152, "KGISVillageID": 21406, "Category": "Settlement", "Kharab": "SETTLEMENT", "Surveynumber_Old": "SETTLEMENT", "KGISVill_2": "K.G.Byyappanahalli" }, "geometry": { "type": "MultiPolygon", "coordinates": [ [ [ [ 77.6434402, 12.9950167 ], [ 77.6434382, 12.994957 ], [ 77.6434337, 12.9948273 ], [ 77.6434141, 12.9946136 ], [ 77.6434, 12.9945369 ], [ 77.6433692, 12.9943696 ], [ 77.6434183, 12.9940974 ], [ 77.6434112, 12.993937 ], [ 77.6434107, 12.9939031 ], [ 77.6434101, 12.9938712 ], [ 77.6434055, 12.9935939 ], [ 77.643502, 12.9931964 ], [ 77.6434715, 12.9931409 ], [ 77.6434147, 12.9930173 ], [ 77.643379, 12.9929394 ], [ 77.6430067, 12.9927752 ], [ 77.6426487, 12.9926958 ], [ 77.642127, 12.9927825 ], [ 77.6420508, 12.9928221 ], [ 77.6415018, 12.9929465 ], [ 77.641508, 12.9930875 ], [ 77.6415187, 12.9931771 ], [ 77.6415383, 12.9932815 ], [ 77.6415771, 12.9938424 ], [ 77.6417257, 12.9938862 ], [ 77.6417738, 12.9944586 ], [ 77.642973, 12.9953352 ], [ 77.6431413, 12.995372 ], [ 77.6432829, 12.9953533 ], [ 77.6433181, 12.9953707 ], [ 77.6433972, 12.9954098 ], [ 77.6434375, 12.9954254 ], [ 77.6434465, 12.9952023 ], [ 77.6434437, 12.9951198 ], [ 77.6434417, 12.9950591 ], [ 77.6434402, 12.9950167 ] ] ] ] } },
{ "type": "Feature", "properties": { "fid": 2245, "KGISVillageID": 21387, "Category": "Settlement", "Kharab": "MAJARE_KRISHNANURU", "Surveynumber_Old": "MAJARE_KRISHNANURU", "KGISVill_2": "Bendeganahalli" }, "geometry": { "type": "MultiPolygon", "coordinates": [ [ [ [ 77.6528524, 12.9967663 ], [ 77.6528405, 12.9966864 ], [ 77.6528295, 12.9966119 ], [ 77.6527384, 12.996167 ], [ 77.6527297, 12.9961664 ], [ 77.6525338, 12.9961522 ], [ 77.6520888, 12.9961199 ], [ 77.6519604, 12.9964874 ], [ 77.6519422, 12.9965396 ], [ 77.6522055, 12.9967244 ], [ 77.6525555, 12.9969701 ], [ 77.6526644, 12.9969626 ], [ 77.6526695, 12.9968134 ], [ 77.6527551, 12.9967914 ], [ 77.6528524, 12.9967663 ] ] ] ] } },
{ "type": "Feature", "properties": { "fid": 2301, "KGISVillageID": 21405, "Category": "Settlement", "Kharab": "PALYA_JOGAPALYA", "Surveynumber_Old": "PALYA_JOGAPALYA", "KGISVill_2": "K.G.Byrasandra" }, "geometry": { "type": "MultiPolygon", "coordinates": [ [ [ [ 77.6560216, 12.9831949 ], [ 77.6559678, 12.9830894 ], [ 77.655625, 12.9832207 ], [ 77.6553825, 12.9826777 ], [ 77.6543665, 12.9827585 ], [ 77.6542667, 12.9827382 ], [ 77.6541715, 12.9827092 ], [ 77.6541461, 12.9827744 ], [ 77.6541006, 12.9828433 ], [ 77.6538197, 12.9833199 ], [ 77.6538463, 12.9834143 ], [ 77.6539149, 12.9836554 ], [ 77.6538032, 12.9838642 ], [ 77.6537714, 12.9839309 ], [ 77.65376, 12.9839549 ], [ 77.6540168, 12.9840076 ], [ 77.6540215, 12.984009 ], [ 77.6540251, 12.9840101 ], [ 77.6540373, 12.9840118 ], [ 77.65421, 12.9840343 ], [ 77.6543468, 12.9840522 ], [ 77.6552316, 12.9841677 ], [ 77.6553996, 12.9841985 ], [ 77.655627, 12.9842213 ], [ 77.6559109, 12.9842497 ], [ 77.6563015, 12.9842888 ], [ 77.6562991, 12.983891 ], [ 77.6562819, 12.9835911 ], [ 77.6560216, 12.9831949 ] ] ] ] } },
{ "type": "Feature", "properties": { "fid": 2305, "KGISVillageID": 21412, "Category": "Settlement", "Kharab": "SETTLEMENT", "Surveynumber_Old": "SETTLEMENT", "KGISVill_2": "K.G.Srinivasapura" }, "geometry": { "type": "MultiPolygon", "coordinates": [ [ [ [ 77.6533342, 12.9856763 ], [ 77.6537977, 12.9856703 ], [ 77.6539131, 12.9856554 ], [ 77.653897, 12.9854268 ], [ 77.6538922, 12.985298 ], [ 77.6538282, 12.9851951 ], [ 77.6536506, 12.985054 ], [ 77.6520602, 12.9847154 ], [ 77.6518551, 12.9855403 ], [ 77.6520584, 12.9855529 ], [ 77.6527953, 12.985847 ], [ 77.6533342, 12.9856763 ] ] ] ] } },
{ "type": "Feature", "properties": { "fid": 2438, "KGISVillageID": 15118, "Category": "Settlement", "Kharab": "SETTLEMENT", "Surveynumber_Old": "SETTLEMENT", "KGISVill_2": "K.G.Binnamangala" }, "geometry": { "type": "MultiPolygon", "coordinates": [ [ [ [ 77.6408679, 12.9803207 ], [ 77.6414019, 12.9801676 ], [ 77.641446, 12.9799178 ], [ 77.6415889, 12.9797466 ], [ 77.6423983, 12.979972 ], [ 77.6424665, 12.9798536 ], [ 77.6424964, 12.9797178 ], [ 77.6424426, 12.9793481 ], [ 77.6415471, 12.9792759 ], [ 77.6415667, 12.9787742 ], [ 77.6411194, 12.9788468 ], [ 77.6410251, 12.979177 ], [ 77.6408655, 12.9791899 ], [ 77.6405586, 12.9790919 ], [ 77.6404236, 12.9789895 ], [ 77.6402291, 12.979199 ], [ 77.640176, 12.9793082 ], [ 77.6400649, 12.9794949 ], [ 77.6401263, 12.979554 ], [ 77.6400332, 12.9798789 ], [ 77.6400539, 12.9800985 ], [ 77.6402543, 12.9802138 ], [ 77.6403534, 12.9804317 ], [ 77.6408679, 12.9803207 ] ] ] ] } },
{ "type": "Feature", "properties": { "fid": 2485, "KGISVillageID": 21413, "Category": "Settlement", "Kharab": "SETTLEMENT", "Surveynumber_Old": "SETTLEMENT", "KGISVill_2": "K.G.Thippasandra" }, "geometry": { "type": "MultiPolygon", "coordinates": [ [ [ [ 77.6460353, 12.9725772 ], [ 77.6465586, 12.9726094 ], [ 77.646629, 12.9723438 ], [ 77.6469254, 12.9723274 ], [ 77.6468839, 12.9718487 ], [ 77.646662, 12.9716689 ], [ 77.6462175, 12.9717094 ], [ 77.6461188, 12.9715532 ], [ 77.6457004, 12.9715375 ], [ 77.6455778, 12.9717692 ], [ 77.6455814, 12.9719357 ], [ 77.6454531, 12.9722282 ], [ 77.6453233, 12.9722248 ], [ 77.6452806, 12.9723771 ], [ 77.6451378, 12.9723459 ], [ 77.6451111, 12.9724946 ], [ 77.6454974, 12.9726847 ], [ 77.6456412, 12.972717 ], [ 77.6457588, 12.9727326 ], [ 77.6460353, 12.9725772 ] ] ] ] } },
{ "type": "Feature", "properties": { "fid": 2579, "KGISVillageID": 15094, "Category": "Settlement", "Kharab": "SETTLEMENT", "Surveynumber_Old": "SETTLEMENT", "KGISVill_2": "Dookanahalli" }, "geometry": { "type": "MultiPolygon", "coordinates": [ [ [ [ 77.6402311, 12.9686058 ], [ 77.6402775, 12.9685815 ], [ 77.6404211, 12.9684403 ], [ 77.6403096, 12.9681439 ], [ 77.6403595, 12.9680991 ], [ 77.6402095, 12.9673028 ], [ 77.640109, 12.9672526 ], [ 77.6395349, 12.9670458 ], [ 77.639077, 12.9671932 ], [ 77.6389462, 12.9673104 ], [ 77.6389797, 12.9676723 ], [ 77.6392287, 12.9679494 ], [ 77.6396173, 12.9683308 ], [ 77.6399765, 12.9682465 ], [ 77.6400488, 12.9684521 ], [ 77.6401389, 12.968431 ], [ 77.6401514, 12.9685581 ], [ 77.6402311, 12.9686058 ] ] ] ] } },
{ "type": "Feature", "properties": { "fid": 2788, "KGISVillageID": 21477, "Category": "Settlement", "Kharab": "PALYA_MURUGENA", "Surveynumber_Old": "PALYA_MURUGENA", "KGISVill_2": "Kodihalli" }, "geometry": { "type": "MultiPolygon", "coordinates": [ [ [ [ 77.6551002, 12.9578295 ], [ 77.6548154, 12.9569047 ], [ 77.6552565, 12.9568366 ], [ 77.6550727, 12.9567171 ], [ 77.6544169, 12.9567503 ], [ 77.6544796, 12.9559956 ], [ 77.6543444, 12.9558735 ], [ 77.6539886, 12.9559592 ], [ 77.6541468, 12.9566664 ], [ 77.6539881, 12.9569276 ], [ 77.6539942, 12.9570151 ], [ 77.654096, 12.9574533 ], [ 77.6542462, 12.9574638 ], [ 77.6543833, 12.9579613 ], [ 77.6550012, 12.9578687 ], [ 77.6551002, 12.9578295 ] ] ] ] } },
{ "type": "Feature", "properties": { "fid": 2842, "KGISVillageID": 21477, "Category": "Settlement", "Kharab": "SETTLEMENT", "Surveynumber_Old": "SETTLEMENT", "KGISVill_2": "Kodihalli" }, "geometry": { "type": "MultiPolygon", "coordinates": [ [ [ [ 77.6485565, 12.964263 ], [ 77.6485173, 12.9639662 ], [ 77.6486405, 12.9632367 ], [ 77.6483791, 12.9628415 ], [ 77.6483126, 12.9626343 ], [ 77.6480489, 12.9625093 ], [ 77.6479891, 12.9623475 ], [ 77.6478013, 12.9623765 ], [ 77.6475713, 12.9625315 ], [ 77.6474542, 12.9627025 ], [ 77.647317, 12.9626929 ], [ 77.6471831, 12.9627908 ], [ 77.6471979, 12.9629903 ], [ 77.6472032, 12.963063 ], [ 77.6471427, 12.9630664 ], [ 77.6470491, 12.9630717 ], [ 77.6471162, 12.9633802 ], [ 77.6470877, 12.9636732 ], [ 77.6471024, 12.9637633 ], [ 77.6472924, 12.9639728 ], [ 77.647195, 12.9640573 ], [ 77.6472972, 12.9641736 ], [ 77.647661, 12.9642061 ], [ 77.6478701, 12.9645469 ], [ 77.647873, 12.9647418 ], [ 77.6486106, 12.9643614 ], [ 77.6485565, 12.964263 ] ] ] ] } },
{ "type": "Feature", "properties": { "fid": 3095, "KGISVillageID": 21478, "Category": "Settlement", "Kharab": "SETTLEMENT", "Surveynumber_Old": "SETTLEMENT", "KGISVill_2": "Konena Agrahara" }, "geometry": { "type": "MultiPolygon", "coordinates": [ [ [ [ 77.6623693, 12.9590938 ], [ 77.6623436, 12.9588087 ], [ 77.6624184, 12.9587228 ], [ 77.6623725, 12.9583926 ], [ 77.6619661, 12.9583689 ], [ 77.6617795, 12.9583708 ], [ 77.6612665, 12.9583679 ], [ 77.6612206, 12.9585205 ], [ 77.6613456, 12.9585781 ], [ 77.6613219, 12.959014 ], [ 77.6613467, 12.9591726 ], [ 77.6623693, 12.9590938 ] ] ] ] } },
{ "type": "Feature", "properties": { "fid": 3175, "KGISVillageID": 21405, "Category": "Settlement", "Kharab": "PALYA_GARAGAMANTHANAPALYA", "Surveynumber_Old": "PALYA_GARAGAMANTHANAPALYA", "KGISVill_2": "K.G.Byrasandra" }, "geometry": { "type": "MultiPolygon", "coordinates": [ [ [ [ 77.6642768, 12.9744945 ], [ 77.6645958, 12.9744301 ], [ 77.6647638, 12.9748184 ], [ 77.6649311, 12.9747861 ], [ 77.6650094, 12.9744041 ], [ 77.6658844, 12.97418 ], [ 77.6658129, 12.9738692 ], [ 77.6657915, 12.9737507 ], [ 77.6657656, 12.9736435 ], [ 77.6657314, 12.9735526 ], [ 77.665595, 12.9728446 ], [ 77.6656103, 12.9726956 ], [ 77.6656042, 12.9726977 ], [ 77.6655449, 12.972616 ], [ 77.6655182, 12.9727579 ], [ 77.6654857, 12.9728976 ], [ 77.6645126, 12.9732225 ], [ 77.6639436, 12.9734226 ], [ 77.6640408, 12.9736551 ], [ 77.664109, 12.974028 ], [ 77.664178, 12.9743264 ], [ 77.6641792, 12.974486 ], [ 77.6642768, 12.9744945 ] ] ] ] } },
{ "type": "Feature", "properties": { "fid": 3185, "KGISVillageID": 21415, "Category": "Settlement", "Kharab": "PALYA", "Surveynumber_Old": "PALYA", "KGISVill_2": "Kaggadasanapura Narayanapura" }, "geometry": { "type": "MultiPolygon", "coordinates": [ [ [ [ 77.6717429, 12.9764099 ], [ 77.6717464, 12.9762256 ], [ 77.6716672, 12.9760682 ], [ 77.6715515, 12.9760527 ], [ 77.6714736, 12.9758366 ], [ 77.6710346, 12.97592 ], [ 77.6707554, 12.9753147 ], [ 77.6703676, 12.9754285 ], [ 77.6702622, 12.9754869 ], [ 77.6701131, 12.9756241 ], [ 77.670229, 12.9759826 ], [ 77.6703298, 12.9759851 ], [ 77.6703653, 12.9760788 ], [ 77.6704998, 12.9760287 ], [ 77.6706517, 12.9763692 ], [ 77.6709135, 12.9767912 ], [ 77.6712393, 12.9767035 ], [ 77.6716884, 12.9765562 ], [ 77.6717429, 12.9764099 ] ] ] ] } },
{ "type": "Feature", "properties": { "fid": 3292, "KGISVillageID": 21405, "Category": "Settlement", "Kharab": "SETTLEMENT", "Surveynumber_Old": "SETTLEMENT", "KGISVill_2": "K.G.Byrasandra" }, "geometry": { "type": "MultiPolygon", "coordinates": [ [ [ [ 77.6657018, 12.9824095 ], [ 77.6656943, 12.9817276 ], [ 77.6656689, 12.9816115 ], [ 77.6654385, 12.9814943 ], [ 77.665342, 12.9815029 ], [ 77.6651946, 12.9815366 ], [ 77.6647156, 12.9815854 ], [ 77.664684, 12.9816717 ], [ 77.6646626, 12.982554 ], [ 77.6646853, 12.9826302 ], [ 77.665124, 12.9826998 ], [ 77.6654547, 12.9825554 ], [ 77.6657018, 12.9824095 ] ] ] ] } },
{ "type": "Feature", "properties": { "fid": 3378, "KGISVillageID": 21405, "Category": "Settlement", "Kharab": "PALYA", "Surveynumber_Old": "PALYA", "KGISVill_2": "K.G.Byrasandra" }, "geometry": { "type": "MultiPolygon", "coordinates": [ [ [ [ 77.657606, 12.9823815 ], [ 77.6576346, 12.9824887 ], [ 77.6579751, 12.9825128 ], [ 77.6580674, 12.9824659 ], [ 77.6580343, 12.9817963 ], [ 77.6575402, 12.9818563 ], [ 77.657606, 12.9823815 ] ] ] ] } },
{ "type": "Feature", "properties": { "fid": 3420, "KGISVillageID": 21387, "Category": "Settlement", "Kharab": "MAJARE_BASAVANAPURA", "Surveynumber_Old": "MAJARE_BASAVANAPURA", "KGISVill_2": "Bendeganahalli" }, "geometry": { "type": "MultiPolygon", "coordinates": [ [ [ [ 77.6636944, 12.990921 ], [ 77.6637932, 12.9901826 ], [ 77.6644757, 12.9902963 ], [ 77.6645737, 12.9901869 ], [ 77.6648727, 12.9903388 ], [ 77.6648231, 12.9899471 ], [ 77.6648795, 12.9896983 ], [ 77.6637276, 12.9896607 ], [ 77.6627105, 12.9894687 ], [ 77.6626723, 12.9896562 ], [ 77.6626574, 12.9904106 ], [ 77.6632364, 12.9904982 ], [ 77.6632105, 12.9908397 ], [ 77.6635865, 12.9909058 ], [ 77.6636944, 12.990921 ] ] ] ] } },
{ "type": "Feature", "properties": { "fid": 3430, "KGISVillageID": 21387, "Category": "Settlement", "Kharab": "SETTLEMENT", "Surveynumber_Old": "SETTLEMENT", "KGISVill_2": "Bendeganahalli" }, "geometry": { "type": "MultiPolygon", "coordinates": [ [ [ [ 77.6632973, 12.995084 ], [ 77.6637559, 12.9948068 ], [ 77.663968, 12.9945642 ], [ 77.6629024, 12.9942036 ], [ 77.6626506, 12.9947933 ], [ 77.6620223, 12.994824 ], [ 77.6616927, 12.9949667 ], [ 77.6615909, 12.9953204 ], [ 77.6619398, 12.9954586 ], [ 77.6624342, 12.9954825 ], [ 77.662549, 12.9956483 ], [ 77.6630669, 12.9955761 ], [ 77.6632973, 12.995084 ] ] ] ] } },
{ "type": "Feature", "properties": { "fid": 3591, "KGISVillageID": 21414, "Category": "Settlement", "Kharab": "SETTLEMENT", "Surveynumber_Old": "SETTLEMENT", "KGISVill_2": "K.G.Vijanapura" }, "geometry": { "type": "MultiPolygon", "coordinates": [ [ [ [ 77.6696984, 13.0034796 ], [ 77.6698648, 13.003437 ], [ 77.6700055, 13.0035654 ], [ 77.6708533, 13.0033234 ], [ 77.6708332, 13.0030611 ], [ 77.6707651, 13.0024935 ], [ 77.6699262, 13.0023414 ], [ 77.6698829, 13.0022006 ], [ 77.6694418, 13.0022749 ], [ 77.6691153, 13.0023085 ], [ 77.6690825, 13.0024206 ], [ 77.6690558, 13.0025336 ], [ 77.6690288, 13.0029784 ], [ 77.6692694, 13.0032975 ], [ 77.669419, 13.0033657 ], [ 77.6696984, 13.0034796 ] ] ] ] } },
{ "type": "Feature", "properties": { "fid": 3632, "KGISVillageID": 21408, "Category": "Settlement", "Kharab": "PALYA_YARATTUGA", "Surveynumber_Old": "PALYA_YARATTUGA", "KGISVill_2": "K.G.Kowdenahalli" }, "geometry": { "type": "MultiPolygon", "coordinates": [ [ [ [ 77.6728995, 13.014769 ], [ 77.6734017, 13.0146495 ], [ 77.6733575, 13.0144954 ], [ 77.673466, 13.0144792 ], [ 77.6734639, 13.0143629 ], [ 77.6734059, 13.0142908 ], [ 77.6731459, 13.013751 ], [ 77.6730987, 13.0136619 ], [ 77.6729889, 13.0136723 ], [ 77.6721576, 13.0136978 ], [ 77.6720432, 13.0136967 ], [ 77.6720508, 13.0137907 ], [ 77.6721132, 13.0143188 ], [ 77.6721933, 13.0147879 ], [ 77.6722354, 13.0148968 ], [ 77.6723371, 13.0148834 ], [ 77.6726668, 13.0148361 ], [ 77.6727839, 13.0148123 ], [ 77.6728995, 13.014769 ] ] ] ] } },
{ "type": "Feature", "properties": { "fid": 3735, "KGISVillageID": 21404, "Category": "Settlement", "Kharab": "MAJARE_CHENNASANDRA", "Surveynumber_Old": "MAJARE_CHENNASANDRA", "KGISVill_2": "K.G.Banasawadi" }, "geometry": { "type": "MultiPolygon", "coordinates": [ [ [ [ 77.6590769, 13.0108655 ], [ 77.6591869, 13.0107071 ], [ 77.659268, 13.0102834 ], [ 77.6592133, 13.0096545 ], [ 77.6589678, 13.0095465 ], [ 77.6584406, 13.0093233 ], [ 77.6579, 13.009634 ], [ 77.6578395, 13.0101867 ], [ 77.6577933, 13.0103151 ], [ 77.6580154, 13.0104881 ], [ 77.6580738, 13.0106405 ], [ 77.6585622, 13.010738 ], [ 77.6590769, 13.0108655 ] ] ] ] } },
{ "type": "Feature", "properties": { "fid": 3811, "KGISVillageID": 21398, "Category": "Settlement", "Kharab": "SETTLEMENT", "Surveynumber_Old": "SETTLEMENT", "KGISVill_2": "Horamavu" }, "geometry": { "type": "MultiPolygon", "coordinates": [ [ [ [ 77.6599319, 13.0279588 ], [ 77.6599294, 13.0278121 ], [ 77.6601064, 13.0277628 ], [ 77.6602582, 13.0277129 ], [ 77.660449, 13.0276164 ], [ 77.6606069, 13.0275524 ], [ 77.6607663, 13.0274539 ], [ 77.6605854, 13.0273474 ], [ 77.6605683, 13.0271807 ], [ 77.6604849, 13.0272117 ], [ 77.6604202, 13.0271086 ], [ 77.6602346, 13.0271573 ], [ 77.6602048, 13.027005 ], [ 77.660058, 13.0269732 ], [ 77.6600596, 13.0267459 ], [ 77.6603908, 13.0268115 ], [ 77.6603977, 13.0267487 ], [ 77.6602373, 13.0266901 ], [ 77.6601162, 13.0265465 ], [ 77.6597471, 13.0266336 ], [ 77.6596016, 13.0265419 ], [ 77.6594169, 13.0265907 ], [ 77.6593982, 13.0273589 ], [ 77.6593705, 13.0274447 ], [ 77.659501, 13.027755 ], [ 77.659673, 13.0279379 ], [ 77.6598402, 13.0279835 ], [ 77.6599319, 13.0279588 ] ] ] ] } },
{ "type": "Feature", "properties": { "fid": 3939, "KGISVillageID": 21402, "Category": "Settlement", "Kharab": "SETTLEMENT", "Surveynumber_Old": "SETTLEMENT", "KGISVill_2": "J.I.Kalkere" }, "geometry": { "type": "MultiPolygon", "coordinates": [ [ [ [ 77.6747536, 13.0365696 ], [ 77.6748946, 13.0362826 ], [ 77.6749235, 13.0359701 ], [ 77.6748642, 13.0356691 ], [ 77.6748997, 13.0351632 ], [ 77.675109, 13.0350096 ], [ 77.6749679, 13.0347589 ], [ 77.6749726, 13.0345726 ], [ 77.6749918, 13.0343483 ], [ 77.6749131, 13.0343711 ], [ 77.6748498, 13.03456 ], [ 77.6745719, 13.0345724 ], [ 77.674333, 13.0345104 ], [ 77.6743864, 13.0341163 ], [ 77.6738995, 13.0339299 ], [ 77.6736284, 13.0337289 ], [ 77.6734539, 13.0336715 ], [ 77.6732214, 13.0336266 ], [ 77.6728669, 13.0335788 ], [ 77.6726926, 13.0335504 ], [ 77.6724404, 13.0335045 ], [ 77.6719816, 13.0337552 ], [ 77.6716375, 13.0339259 ], [ 77.6714854, 13.0349358 ], [ 77.6720978, 13.0356939 ], [ 77.6721049, 13.0357787 ], [ 77.6721965, 13.0357665 ], [ 77.6723899, 13.0357473 ], [ 77.6724122, 13.035648 ], [ 77.6725977, 13.0356716 ], [ 77.672568, 13.0361171 ], [ 77.672649, 13.0362818 ], [ 77.6726327, 13.0369979 ], [ 77.6729812, 13.0370046 ], [ 77.6730136, 13.0370839 ], [ 77.6734021, 13.0371108 ], [ 77.6734626, 13.0369843 ], [ 77.673595, 13.0364072 ], [ 77.6735947, 13.0360847 ], [ 77.6740327, 13.0361374 ], [ 77.6741095, 13.0365403 ], [ 77.674518, 13.0365305 ], [ 77.6745462, 13.0366483 ], [ 77.6747536, 13.0365696 ] ] ] ] } },
{ "type": "Feature", "properties": { "fid": 4258, "KGISVillageID": 21399, "Category": "Settlement", "Kharab": "SETTLEMENT", "Surveynumber_Old": "SETTLEMENT", "KGISVill_2": "Horamavu Agara" }, "geometry": { "type": "MultiPolygon", "coordinates": [ [ [ [ 77.6561561, 13.037604 ], [ 77.6547892, 13.0368213 ], [ 77.6541443, 13.0376633 ], [ 77.6544365, 13.0387674 ], [ 77.6556248, 13.0389537 ], [ 77.6561835, 13.0384301 ], [ 77.6561561, 13.037604 ] ] ] ] } },
{ "type": "Feature", "properties": { "fid": 4376, "KGISVillageID": 21399, "Category": "Settlement", "Kharab": "MAJARE", "Surveynumber_Old": "MAJARE", "KGISVill_2": "Horamavu Agara" }, "geometry": { "type": "MultiPolygon", "coordinates": [ [ [ [ 77.6460483, 13.038905 ], [ 77.6460807, 13.0392607 ], [ 77.6471204, 13.0392139 ], [ 77.6471396, 13.0389243 ], [ 77.6466506, 13.0388868 ], [ 77.6460483, 13.038905 ] ] ] ] } },
{ "type": "Feature", "properties": { "fid": 4453, "KGISVillageID": 21401, "Category": "Settlement", "Kharab": "PALYA", "Surveynumber_Old": "PALYA", "KGISVill_2": "J.I.Chellakere" }, "geometry": { "type": "MultiPolygon", "coordinates": [ [ [ [ 77.6383536, 13.0301443 ], [ 77.6384861, 13.0300444 ], [ 77.6390265, 13.0300366 ], [ 77.6390074, 13.0296338 ], [ 77.6389946, 13.0292981 ], [ 77.6389933, 13.0292135 ], [ 77.6388603, 13.0292187 ], [ 77.6388845, 13.0284064 ], [ 77.6381574, 13.0284964 ], [ 77.6381547, 13.0291087 ], [ 77.6381576, 13.0291699 ], [ 77.6380094, 13.0291952 ], [ 77.6380464, 13.030167 ], [ 77.6383536, 13.0301443 ] ] ] ] } },
{ "type": "Feature", "properties": { "fid": 4463, "KGISVillageID": 21401, "Category": "Settlement", "Kharab": "SETTLEMENT", "Surveynumber_Old": "SETTLEMENT", "KGISVill_2": "J.I.Chellakere" }, "geometry": { "type": "MultiPolygon", "coordinates": [ [ [ [ 77.6420848, 13.0290729 ], [ 77.6420218, 13.0282859 ], [ 77.6423934, 13.0282188 ], [ 77.6424651, 13.0280836 ], [ 77.6423176, 13.0272568 ], [ 77.6418881, 13.0272526 ], [ 77.6419715, 13.026877 ], [ 77.6419014, 13.0268606 ], [ 77.6418572, 13.0268666 ], [ 77.6417468, 13.0268817 ], [ 77.6416597, 13.0269029 ], [ 77.6408784, 13.0270072 ], [ 77.6409463, 13.0276082 ], [ 77.6405908, 13.0280147 ], [ 77.6407234, 13.029224 ], [ 77.6407469, 13.0292984 ], [ 77.6419849, 13.0290848 ], [ 77.6420848, 13.0290729 ] ] ] ] } },
{ "type": "Feature", "properties": { "fid": 4604, "KGISVillageID": 21401, "Category": "Settlement", "Kharab": "PALYA_BABASAHEBPALYA", "Surveynumber_Old": "PALYA_BABASAHEBPALYA", "KGISVill_2": "J.I.Chellakere" }, "geometry": { "type": "MultiPolygon", "coordinates": [ [ [ [ 77.6477761, 13.0258277 ], [ 77.6479978, 13.0258023 ], [ 77.648187, 13.0257621 ], [ 77.6485129, 13.0256416 ], [ 77.648115, 13.0242632 ], [ 77.6480867, 13.0241703 ], [ 77.648518, 13.0241241 ], [ 77.6484992, 13.0240271 ], [ 77.6483385, 13.0232508 ], [ 77.6482831, 13.0230005 ], [ 77.6478252, 13.0231131 ], [ 77.6470044, 13.0232711 ], [ 77.6471299, 13.0242254 ], [ 77.6473582, 13.0243438 ], [ 77.6475527, 13.0252536 ], [ 77.6476967, 13.0257879 ], [ 77.6477761, 13.0258277 ] ] ] ] } },
{ "type": "Feature", "properties": { "fid": 4695, "KGISVillageID": 21404, "Category": "Settlement", "Kharab": "SETTLEMENT", "Surveynumber_Old": "SETTLEMENT", "KGISVill_2": "K.G.Banasawadi" }, "geometry": { "type": "MultiPolygon", "coordinates": [ [ [ [ 77.652001, 13.0145168 ], [ 77.6531623, 13.0140964 ], [ 77.6536634, 13.0139381 ], [ 77.6534115, 13.0130522 ], [ 77.6533539, 13.0128157 ], [ 77.6532241, 13.0126383 ], [ 77.6531067, 13.0126431 ], [ 77.6529913, 13.0127485 ], [ 77.6528833, 13.0127856 ], [ 77.6529087, 13.0128878 ], [ 77.6524852, 13.0129374 ], [ 77.6522525, 13.0127583 ], [ 77.6515068, 13.0126473 ], [ 77.6508906, 13.0128662 ], [ 77.6507874, 13.0133917 ], [ 77.6507994, 13.0134482 ], [ 77.6504859, 13.0135497 ], [ 77.6504878, 13.0136225 ], [ 77.6507084, 13.0136576 ], [ 77.6509847, 13.0140512 ], [ 77.6510697, 13.0145124 ], [ 77.6512512, 13.0146944 ], [ 77.6514692, 13.0146477 ], [ 77.652001, 13.0145168 ] ] ] ] } },
{ "type": "Feature", "properties": { "fid": 4785, "KGISVillageID": 21404, "Category": "Settlement", "Kharab": "MAJARE_CHENNABANASAWADI", "Surveynumber_Old": "MAJARE_CHENNABANASAWADI", "KGISVill_2": "K.G.Banasawadi" }, "geometry": { "type": "MultiPolygon", "coordinates": [ [ [ [ 77.6477983, 13.0071531 ], [ 77.6475914, 13.0071911 ], [ 77.647573, 13.0070448 ], [ 77.6476581, 13.0069764 ], [ 77.6474143, 13.0063452 ], [ 77.6458395, 13.0064694 ], [ 77.6459173, 13.0065467 ], [ 77.645889, 13.0067114 ], [ 77.6462213, 13.007504 ], [ 77.646342, 13.0075214 ], [ 77.6465695, 13.0077035 ], [ 77.6473725, 13.0073398 ], [ 77.6476404, 13.0076345 ], [ 77.647922, 13.007574 ], [ 77.6477983, 13.0071531 ] ] ] ] } },
{ "type": "Feature", "properties": { "fid": 4835, "KGISVillageID": 21404, "Category": "Settlement", "Kharab": "MAJARE_SUBBANNANAPALYA", "Surveynumber_Old": "MAJARE_SUBBANNANAPALYA", "KGISVill_2": "K.G.Banasawadi" }, "geometry": { "type": "MultiPolygon", "coordinates": [ [ [ [ 77.6403019, 13.0082117 ], [ 77.6403306, 13.0080936 ], [ 77.6405321, 13.0080961 ], [ 77.6405284, 13.0079327 ], [ 77.6405073, 13.0073779 ], [ 77.6408008, 13.0073064 ], [ 77.6403243, 13.007083 ], [ 77.6396116, 13.0068047 ], [ 77.6391643, 13.0069086 ], [ 77.6391504, 13.0075163 ], [ 77.6393999, 13.0076696 ], [ 77.6393474, 13.0079806 ], [ 77.6403019, 13.0082117 ] ] ] ] } },
{ "type": "Feature", "properties": { "fid": 4863, "KGISVillageID": 15122, "Category": "Settlement", "Kharab": "SETTLEMENT", "Surveynumber_Old": "SETTLEMENT", "KGISVill_2": "K.G.Byataguttepalya" }, "geometry": { "type": "MultiPolygon", "coordinates": [ [ [ [ 77.6369058, 13.0087975 ], [ 77.6368838, 13.0084858 ], [ 77.6366199, 13.0082811 ], [ 77.636433, 13.0082791 ], [ 77.6364035, 13.0086186 ], [ 77.6363734, 13.0090587 ], [ 77.6363637, 13.00948 ], [ 77.6363934, 13.0095776 ], [ 77.6368775, 13.0095815 ], [ 77.636882, 13.0094571 ], [ 77.6369058, 13.0087975 ] ] ] ] } },
{ "type": "Feature", "properties": { "fid": 4972, "KGISVillageID": 15124, "Category": "Settlement", "Kharab": "MAJARE_KOMBANAHALLI", "Surveynumber_Old": "MAJARE_KOMBANAHALLI", "KGISVill_2": "K.G.Kacharakanahalli" }, "geometry": { "type": "MultiPolygon", "coordinates": [ [ [ [ 77.6378286, 13.0171081 ], [ 77.6378457, 13.0169081 ], [ 77.6378709, 13.0167909 ], [ 77.6378285, 13.0165733 ], [ 77.637667, 13.016278 ], [ 77.6374392, 13.0162941 ], [ 77.6371578, 13.0163697 ], [ 77.637128, 13.0163776 ], [ 77.6367987, 13.0164784 ], [ 77.6368971, 13.0170332 ], [ 77.636778, 13.0169885 ], [ 77.636765, 13.0170667 ], [ 77.6370452, 13.0172979 ], [ 77.637552, 13.0173754 ], [ 77.6378286, 13.0171081 ] ] ] ] } },
{ "type": "Feature", "properties": { "fid": 5031, "KGISVillageID": 15124, "Category": "Settlement", "Kharab": "SETTLEMENT", "Surveynumber_Old": "SETTLEMENT", "KGISVill_2": "K.G.Kacharakanahalli" }, "geometry": { "type": "MultiPolygon", "coordinates": [ [ [ [ 77.6313056, 13.0223566 ], [ 77.6314667, 13.0223369 ], [ 77.6316763, 13.0222409 ], [ 77.6315788, 13.0219405 ], [ 77.6320612, 13.021821 ], [ 77.6320753, 13.0214173 ], [ 77.6321784, 13.0213572 ], [ 77.6321836, 13.021049 ], [ 77.63191, 13.0207407 ], [ 77.6317597, 13.0204435 ], [ 77.6317179, 13.0203666 ], [ 77.6316561, 13.0203656 ], [ 77.6311497, 13.0203574 ], [ 77.6308189, 13.0202718 ], [ 77.6306832, 13.0200492 ], [ 77.630807, 13.0196631 ], [ 77.6302184, 13.019741 ], [ 77.6302665, 13.0200804 ], [ 77.6301551, 13.0201452 ], [ 77.6299661, 13.020163 ], [ 77.6299058, 13.020413 ], [ 77.6298908, 13.0207129 ], [ 77.6298449, 13.0215058 ], [ 77.6298287, 13.0218169 ], [ 77.629931, 13.0218991 ], [ 77.6299517, 13.0219157 ], [ 77.6305836, 13.0223691 ], [ 77.6308291, 13.0223146 ], [ 77.6313056, 13.0223566 ] ] ] ] } },
{ "type": "Feature", "properties": { "fid": 5183, "KGISVillageID": 15124, "Category": "Settlement", "Kharab": "MAJARE_KARIYANAMHALE", "Surveynumber_Old": "MAJARE_KARIYANAMHALE", "KGISVill_2": "K.G.Kacharakanahalli" }, "geometry": { "type": "MultiPolygon", "coordinates": [ [ [ [ 77.6242527, 13.0138084 ], [ 77.6246217, 13.0135803 ], [ 77.6244735, 13.0132072 ], [ 77.6246383, 13.0131281 ], [ 77.6244262, 13.012557 ], [ 77.62421, 13.012618 ], [ 77.6240807, 13.0126464 ], [ 77.6232659, 13.012729 ], [ 77.6229549, 13.012962 ], [ 77.6230066, 13.0130695 ], [ 77.6232246, 13.0134642 ], [ 77.6232637, 13.013575 ], [ 77.6234605, 13.0141308 ], [ 77.623929, 13.01397 ], [ 77.6242227, 13.0138274 ], [ 77.6242527, 13.0138084 ] ] ] ] } },
{ "type": "Feature", "properties": { "fid": 5226, "KGISVillageID": 15126, "Category": "Settlement", "Kharab": "SETTLEMENT", "Surveynumber_Old": "SETTLEMENT", "KGISVill_2": "K.G.Lingarajapura" }, "geometry": { "type": "MultiPolygon", "coordinates": [ [ [ [ 77.6272058, 13.009528 ], [ 77.627182, 13.0093788 ], [ 77.6270331, 13.0094048 ], [ 77.6269926, 13.0092812 ], [ 77.6268026, 13.0092637 ], [ 77.6268095, 13.0090369 ], [ 77.6271392, 13.0090572 ], [ 77.6272621, 13.0090055 ], [ 77.627324, 13.0084084 ], [ 77.6273246, 13.0083937 ], [ 77.6273266, 13.0083463 ], [ 77.6273291, 13.0082838 ], [ 77.6273325, 13.008201 ], [ 77.6272969, 13.0078329 ], [ 77.6272943, 13.0078056 ], [ 77.6272338, 13.0074652 ], [ 77.6270305, 13.0073119 ], [ 77.6268414, 13.0073182 ], [ 77.6265841, 13.0073609 ], [ 77.626464, 13.0071915 ], [ 77.6260628, 13.0072067 ], [ 77.6257591, 13.0073258 ], [ 77.6256198, 13.0074111 ], [ 77.625624, 13.0078117 ], [ 77.6256248, 13.0079036 ], [ 77.6256707, 13.0081609 ], [ 77.6257736, 13.0083854 ], [ 77.6258525, 13.0085583 ], [ 77.6257248, 13.0086702 ], [ 77.625749, 13.0090023 ], [ 77.6259531, 13.0089978 ], [ 77.6261346, 13.0089918 ], [ 77.6261606, 13.0089909 ], [ 77.6264347, 13.00899 ], [ 77.6266329, 13.0090099 ], [ 77.6266657, 13.0091258 ], [ 77.6266473, 13.0094504 ], [ 77.6267314, 13.0095999 ], [ 77.6272058, 13.009528 ] ] ] ] } },
{ "type": "Feature", "properties": { "fid": 5315, "KGISVillageID": 15125, "Category": "Settlement", "Kharab": "SETTLEMENT", "Surveynumber_Old": "SETTLEMENT", "KGISVill_2": "K.G.Kadagondanahalli" }, "geometry": { "type": "MultiPolygon", "coordinates": [ [ [ [ 77.6179632, 13.0165209 ], [ 77.6175698, 13.0155415 ], [ 77.617461, 13.0152958 ], [ 77.6172975, 13.0153325 ], [ 77.616952, 13.01541 ], [ 77.616762, 13.0156859 ], [ 77.6171224, 13.0168271 ], [ 77.6175737, 13.0166596 ], [ 77.6179632, 13.0165209 ] ] ] ] } },
{ "type": "Feature", "properties": { "fid": 5346, "KGISVillageID": 15088, "Category": "Settlement", "Kharab": "MAJARE", "Surveynumber_Old": "MAJARE", "KGISVill_2": "Devarajeevanahalli" }, "geometry": { "type": "MultiPolygon", "coordinates": [ [ [ [ 77.611738, 13.0115735 ], [ 77.6119484, 13.0116024 ], [ 77.6123657, 13.0113986 ], [ 77.6123854, 13.0113896 ], [ 77.6127355, 13.0111746 ], [ 77.6137087, 13.0107623 ], [ 77.6142745, 13.0105082 ], [ 77.6140198, 13.0098353 ], [ 77.6142434, 13.0097357 ], [ 77.6144882, 13.0097935 ], [ 77.6152215, 13.0093331 ], [ 77.6153712, 13.0092718 ], [ 77.6154576, 13.0092364 ], [ 77.6154583, 13.0091895 ], [ 77.6154636, 13.0088601 ], [ 77.6152149, 13.0078885 ], [ 77.6149588, 13.0073806 ], [ 77.6149741, 13.0073675 ], [ 77.6154088, 13.0070863 ], [ 77.615367, 13.0070051 ], [ 77.6152525, 13.0066702 ], [ 77.6152319, 13.0066101 ], [ 77.6152045, 13.0065667 ], [ 77.6147399, 13.005835 ], [ 77.6142982, 13.0051428 ], [ 77.6142704, 13.0049563 ], [ 77.6142449, 13.0047852 ], [ 77.6142879, 13.0045665 ], [ 77.6137714, 13.003754 ], [ 77.6137266, 13.0036446 ], [ 77.6135328, 13.0037237 ], [ 77.6133298, 13.0039497 ], [ 77.6137658, 13.0045439 ], [ 77.6133797, 13.0046534 ], [ 77.6123716, 13.0047939 ], [ 77.6119213, 13.0048431 ], [ 77.6117915, 13.0048668 ], [ 77.6119328, 13.0057866 ], [ 77.6122432, 13.0057257 ], [ 77.6125378, 13.0071423 ], [ 77.6121218, 13.0072772 ], [ 77.6124669, 13.0074155 ], [ 77.612656, 13.0077154 ], [ 77.6128555, 13.0082027 ], [ 77.6129558, 13.0084575 ], [ 77.6131502, 13.0086242 ], [ 77.6119936, 13.008788 ], [ 77.6120708, 13.0091324 ], [ 77.6121156, 13.0093327 ], [ 77.6121801, 13.0096234 ], [ 77.612214, 13.0097769 ], [ 77.6118909, 13.0101742 ], [ 77.6118186, 13.0105566 ], [ 77.6118482, 13.0106249 ], [ 77.6122546, 13.0104526 ], [ 77.612363, 13.0105861 ], [ 77.6116242, 13.0109104 ], [ 77.6114577, 13.0109821 ], [ 77.6113164, 13.0111169 ], [ 77.6111797, 13.0112338 ], [ 77.6113204, 13.0117262 ], [ 77.611738, 13.0115735 ] ] ] ] } },
{ "type": "Feature", "properties": { "fid": 5422, "KGISVillageID": 15088, "Category": "Settlement", "Kharab": "SETTLEMENT", "Surveynumber_Old": "SETTLEMENT", "KGISVill_2": "Devarajeevanahalli" }, "geometry": { "type": "MultiPolygon", "coordinates": [ [ [ [ 77.6100464, 13.0146457 ], [ 77.6102608, 13.0146268 ], [ 77.6107789, 13.0141044 ], [ 77.6107616, 13.0140465 ], [ 77.6107534, 13.0140191 ], [ 77.6103592, 13.0135207 ], [ 77.6100762, 13.0125793 ], [ 77.6106238, 13.0123468 ], [ 77.611222, 13.0121341 ], [ 77.6111732, 13.011923 ], [ 77.6111372, 13.0116647 ], [ 77.6111467, 13.0115411 ], [ 77.6101548, 13.0119976 ], [ 77.609866, 13.0116083 ], [ 77.6102974, 13.0112992 ], [ 77.6106119, 13.0109481 ], [ 77.6108136, 13.0107981 ], [ 77.610862, 13.0107556 ], [ 77.6104237, 13.0097742 ], [ 77.608902, 13.0100337 ], [ 77.6086944, 13.0099442 ], [ 77.6084199, 13.0099935 ], [ 77.6085805, 13.0107004 ], [ 77.6082809, 13.0107654 ], [ 77.6079799, 13.0108564 ], [ 77.6077099, 13.0107538 ], [ 77.6079573, 13.0111168 ], [ 77.608015, 13.0111993 ], [ 77.608036, 13.0112299 ], [ 77.6080968, 13.0114044 ], [ 77.6083235, 13.0120138 ], [ 77.6083837, 13.0122429 ], [ 77.6086953, 13.012689 ], [ 77.60876, 13.0129963 ], [ 77.6082977, 13.0131409 ], [ 77.6084844, 13.0136162 ], [ 77.608624, 13.013551 ], [ 77.6088124, 13.0139532 ], [ 77.6088517, 13.0145999 ], [ 77.6088596, 13.0148557 ], [ 77.6088612, 13.0148582 ], [ 77.6089054, 13.0149353 ], [ 77.6091425, 13.0151217 ], [ 77.6100464, 13.0146457 ] ] ] ] } },
{ "type": "Feature", "properties": { "fid": 5490, "KGISVillageID": 15133, "Category": "Settlement", "Kharab": "SETTLEMENT", "Surveynumber_Old": "SETTLEMENT", "KGISVill_2": "Kavala Byrasandra" }, "geometry": { "type": "MultiPolygon", "coordinates": [ [ [ [ 77.6067494, 13.0214827 ], [ 77.6072897, 13.0216048 ], [ 77.6078416, 13.0211236 ], [ 77.6074529, 13.0203142 ], [ 77.6072604, 13.019925 ], [ 77.6072375, 13.0198788 ], [ 77.6070011, 13.0198004 ], [ 77.6070378, 13.0195071 ], [ 77.6065766, 13.0195218 ], [ 77.6065808, 13.0197374 ], [ 77.6064492, 13.0197113 ], [ 77.6063813, 13.0198702 ], [ 77.6062412, 13.0197858 ], [ 77.605978, 13.0198543 ], [ 77.6060092, 13.0199888 ], [ 77.6055777, 13.0200688 ], [ 77.6055495, 13.0204753 ], [ 77.6057213, 13.0207161 ], [ 77.6058514, 13.020691 ], [ 77.6059586, 13.0208346 ], [ 77.6060784, 13.0208098 ], [ 77.6061763, 13.0209808 ], [ 77.6062901, 13.0209236 ], [ 77.6064301, 13.0215124 ], [ 77.6067494, 13.0214827 ] ] ] ] } },
{ "type": "Feature", "properties": { "fid": 5543, "KGISVillageID": 15129, "Category": "Settlement", "Kharab": "SETTLEMENT", "Surveynumber_Old": "SETTLEMENT", "KGISVill_2": "K.G.Shamapura" }, "geometry": { "type": "MultiPolygon", "coordinates": [ [ [ [ 77.6147914, 13.027386 ], [ 77.6144403, 13.0268147 ], [ 77.6143153, 13.0267376 ], [ 77.6142865, 13.0267271 ], [ 77.6141458, 13.0266453 ], [ 77.6141405, 13.0266464 ], [ 77.6142898, 13.0269282 ], [ 77.6140026, 13.0270634 ], [ 77.6143032, 13.0275659 ], [ 77.6146988, 13.0274201 ], [ 77.6147914, 13.027386 ] ] ] ] } },
{ "type": "Feature", "properties": { "fid": 5604, "KGISVillageID": 15125, "Category": "Settlement", "Kharab": "SETTLEMENT", "Surveynumber_Old": "SETTLEMENT", "KGISVill_2": "K.G.Kadagondanahalli" }, "geometry": { "type": "MultiPolygon", "coordinates": [ [ [ [ 77.6203087, 13.0219057 ], [ 77.620842, 13.021891 ], [ 77.6214332, 13.0217072 ], [ 77.6211214, 13.0206606 ], [ 77.6209563, 13.0206959 ], [ 77.6207955, 13.0205874 ], [ 77.6195013, 13.0208641 ], [ 77.6194643, 13.0212686 ], [ 77.6196097, 13.0219342 ], [ 77.6203087, 13.0219057 ] ] ] ] } },
{ "type": "Feature", "properties": { "fid": 5682, "KGISVillageID": 15146, "Category": "Settlement", "Kharab": "PALYA_YIRAPAIYAKANAPALYA", "Surveynumber_Old": "PALYA_YIRAPAIYAKANAPALYA", "KGISVill_2": "Nagavara" }, "geometry": { "type": "MultiPolygon", "coordinates": [ [ [ [ 77.6135221, 13.0397164 ], [ 77.6139552, 13.0395107 ], [ 77.6142074, 13.0395034 ], [ 77.6140585, 13.0392485 ], [ 77.6131659, 13.0395706 ], [ 77.6123217, 13.039744 ], [ 77.6120813, 13.0399794 ], [ 77.6120832, 13.0400295 ], [ 77.6120865, 13.0401214 ], [ 77.6120946, 13.0403442 ], [ 77.612403, 13.0403288 ], [ 77.6126418, 13.040295 ], [ 77.612783, 13.040401 ], [ 77.6131643, 13.0403134 ], [ 77.6135752, 13.0403249 ], [ 77.6135221, 13.0397164 ] ] ] ] } },
{ "type": "Feature", "properties": { "fid": 5686, "KGISVillageID": 15146, "Category": "Settlement", "Kharab": "PALYA", "Surveynumber_Old": "PALYA", "KGISVill_2": "Nagavara" }, "geometry": { "type": "MultiPolygon", "coordinates": [ [ [ [ 77.6133445, 13.0338578 ], [ 77.6133314, 13.0337979 ], [ 77.6130284, 13.0335991 ], [ 77.6128922, 13.0336215 ], [ 77.6123408, 13.0337918 ], [ 77.6124937, 13.0341878 ], [ 77.6125425, 13.0343464 ], [ 77.6131935, 13.0343631 ], [ 77.6132303, 13.0345518 ], [ 77.6133558, 13.0345307 ], [ 77.6134833, 13.0344915 ], [ 77.6133445, 13.0338578 ] ] ] ] } },
{ "type": "Feature", "properties": { "fid": 5712, "KGISVillageID": 15160, "Category": "Settlement", "Kharab": "SETTLEMENT", "Surveynumber_Old": "SETTLEMENT", "KGISVill_2": "Vishwanatha Nagenahalli" }, "geometry": { "type": "MultiPolygon", "coordinates": [ [ [ [ 77.6045844, 13.0394023 ], [ 77.6046144, 13.0393109 ], [ 77.6045925, 13.0390579 ], [ 77.6045672, 13.0387265 ], [ 77.6033117, 13.0389949 ], [ 77.6032809, 13.0394427 ], [ 77.6045844, 13.0394023 ] ] ] ] } },
{ "type": "Feature", "properties": { "fid": 5852, "KGISVillageID": 15146, "Category": "Settlement", "Kharab": "SETTLEMENT", "Surveynumber_Old": "SETTLEMENT", "KGISVill_2": "Nagavara" }, "geometry": { "type": "MultiPolygon", "coordinates": [ [ [ [ 77.6227976, 13.0389893 ], [ 77.6228222, 13.0391384 ], [ 77.6230584, 13.0392003 ], [ 77.6232363, 13.0389844 ], [ 77.6234593, 13.0388966 ], [ 77.6236992, 13.0388254 ], [ 77.6238234, 13.0387885 ], [ 77.6238476, 13.0387813 ], [ 77.6239121, 13.0388362 ], [ 77.6241791, 13.0390636 ], [ 77.6241735, 13.0386907 ], [ 77.624283, 13.0386764 ], [ 77.6243208, 13.0383771 ], [ 77.6245264, 13.0383516 ], [ 77.6244733, 13.0381967 ], [ 77.624181, 13.0382567 ], [ 77.6237506, 13.0383014 ], [ 77.623582, 13.0376864 ], [ 77.6233104, 13.0372595 ], [ 77.6226283, 13.03682 ], [ 77.6219586, 13.0369878 ], [ 77.6217572, 13.0369662 ], [ 77.621239, 13.0373551 ], [ 77.6213567, 13.0376226 ], [ 77.6212552, 13.0380355 ], [ 77.621356, 13.0381193 ], [ 77.6213506, 13.0382409 ], [ 77.6215335, 13.0382182 ], [ 77.6215513, 13.0386915 ], [ 77.6217009, 13.0386718 ], [ 77.6217413, 13.0388012 ], [ 77.6221387, 13.0389046 ], [ 77.6222066, 13.0389802 ], [ 77.6222267, 13.0390025 ], [ 77.6226119, 13.0389936 ], [ 77.6227976, 13.0389893 ] ] ] ] } },
{ "type": "Feature", "properties": { "fid": 5963, "KGISVillageID": 15114, "Category": "Settlement", "Kharab": "SETTLEMENT", "Surveynumber_Old": "SETTLEMENT", "KGISVill_2": "Hennuru" }, "geometry": { "type": "MultiPolygon", "coordinates": [ [ [ [ 77.6348096, 13.0346867 ], [ 77.6347557, 13.0342697 ], [ 77.6347218, 13.0340401 ], [ 77.6348236, 13.0336974 ], [ 77.6346288, 13.0336224 ], [ 77.6345045, 13.0336331 ], [ 77.634429, 13.0334896 ], [ 77.6342768, 13.0333973 ], [ 77.6339518, 13.0334703 ], [ 77.6335488, 13.0335579 ], [ 77.6334607, 13.0336199 ], [ 77.6334083, 13.0336845 ], [ 77.6333063, 13.0339396 ], [ 77.633297, 13.0343013 ], [ 77.6332984, 13.0343778 ], [ 77.6334013, 13.034377 ], [ 77.6334105, 13.0345475 ], [ 77.6335787, 13.0345769 ], [ 77.6339244, 13.0346551 ], [ 77.6339605, 13.0347959 ], [ 77.6341862, 13.0348228 ], [ 77.6341772, 13.0346794 ], [ 77.6343601, 13.0346839 ], [ 77.6346496, 13.0346857 ], [ 77.6348096, 13.0346867 ] ] ] ] } },
{ "type": "Feature", "properties": { "fid": 6008, "KGISVillageID": 21431, "Category": "Settlement", "Kharab": "PALYA", "Surveynumber_Old": "PALYA", "KGISVill_2": "Thanisandra" }, "geometry": { "type": "MultiPolygon", "coordinates": [ [ [ [ 77.6315229, 13.0463366 ], [ 77.631417, 13.047736 ], [ 77.6324217, 13.0476397 ], [ 77.6323364, 13.0464933 ], [ 77.6321162, 13.0464166 ], [ 77.6315229, 13.0463366 ] ] ] ] } },
{ "type": "Feature", "properties": { "fid": 6126, "KGISVillageID": 21400, "Category": "Settlement", "Kharab": "SETTLEMENT", "Surveynumber_Old": "SETTLEMENT", "KGISVill_2": "J.I.Channasandra" }, "geometry": { "type": "MultiPolygon", "coordinates": [ [ [ [ 77.6808685, 13.0417499 ], [ 77.6811402, 13.0417057 ], [ 77.6811386, 13.0416567 ], [ 77.6811354, 13.0415559 ], [ 77.6811355, 13.0414959 ], [ 77.681256, 13.041472 ], [ 77.6813894, 13.0414442 ], [ 77.6814899, 13.0414231 ], [ 77.681448, 13.0409993 ], [ 77.6809753, 13.0410711 ], [ 77.6806954, 13.0410598 ], [ 77.6802774, 13.041029 ], [ 77.6801832, 13.0409275 ], [ 77.6795251, 13.0409753 ], [ 77.6793337, 13.0409644 ], [ 77.6792244, 13.0409644 ], [ 77.6793261, 13.0414809 ], [ 77.6795578, 13.0414651 ], [ 77.6795383, 13.0416728 ], [ 77.6796773, 13.0416454 ], [ 77.6798481, 13.0416156 ], [ 77.680019, 13.0415943 ], [ 77.6801379, 13.0415827 ], [ 77.6802295, 13.0415738 ], [ 77.6802983, 13.0415671 ], [ 77.6803307, 13.0418217 ], [ 77.6807896, 13.0417675 ], [ 77.6808685, 13.0417499 ] ] ] ] } },
{ "type": "Feature", "properties": { "fid": 6342, "KGISVillageID": 21408, "Category": "Settlement", "Kharab": "SETTLEMENT", "Surveynumber_Old": "SETTLEMENT", "KGISVill_2": "K.G.Kowdenahalli" }, "geometry": { "type": "MultiPolygon", "coordinates": [ [ [ [ 77.6794604, 13.0202195 ], [ 77.6795451, 13.0201367 ], [ 77.6796199, 13.0206222 ], [ 77.6803382, 13.0203731 ], [ 77.6804304, 13.0201189 ], [ 77.6805088, 13.0200529 ], [ 77.6803861, 13.019391 ], [ 77.6806413, 13.0194088 ], [ 77.6808802, 13.0193929 ], [ 77.6809149, 13.0187038 ], [ 77.6805483, 13.0187052 ], [ 77.6797562, 13.0187087 ], [ 77.6797205, 13.019081 ], [ 77.6792943, 13.0192145 ], [ 77.6791133, 13.019531 ], [ 77.6791333, 13.0198761 ], [ 77.6793045, 13.0198809 ], [ 77.6793299, 13.0199913 ], [ 77.6794139, 13.0200614 ], [ 77.6793858, 13.0201456 ], [ 77.6794604, 13.0202195 ] ] ] ] } },
{ "type": "Feature", "properties": { "fid": 6445, "KGISVillageID": 21408, "Category": "Settlement", "Kharab": "SETTLEMENT", "Surveynumber_Old": "SETTLEMENT", "KGISVill_2": "K.G.Kowdenahalli" }, "geometry": { "type": "MultiPolygon", "coordinates": [ [ [ [ 77.6792178, 13.0135237 ], [ 77.6792397, 13.0134313 ], [ 77.6792687, 13.0133347 ], [ 77.6793952, 13.0128076 ], [ 77.6792497, 13.0128417 ], [ 77.6792227, 13.0124761 ], [ 77.6790816, 13.0124207 ], [ 77.6778216, 13.0130273 ], [ 77.6783638, 13.0135987 ], [ 77.678512, 13.0141452 ], [ 77.6788603, 13.0140278 ], [ 77.6790349, 13.0139872 ], [ 77.6792178, 13.0135237 ] ] ] ] } },
{ "type": "Feature", "properties": { "fid": 6564, "KGISVillageID": 15145, "Category": "Settlement", "Kharab": "SETTLEMENT", "Surveynumber_Old": "SETTLEMENT", "KGISVill_2": "Nagashettihalli" }, "geometry": { "type": "MultiPolygon", "coordinates": [ [ [ [ 77.5734142, 13.0428064 ], [ 77.5734949, 13.0427952 ], [ 77.5737502, 13.0427597 ], [ 77.5742107, 13.0427168 ], [ 77.5743081, 13.0425113 ], [ 77.5743464, 13.0424273 ], [ 77.5744265, 13.0422517 ], [ 77.5741957, 13.0415869 ], [ 77.5739208, 13.0412008 ], [ 77.5736016, 13.0409968 ], [ 77.5731202, 13.0409843 ], [ 77.5729169, 13.0411148 ], [ 77.5727877, 13.0417004 ], [ 77.5728283, 13.041942 ], [ 77.5728471, 13.0420534 ], [ 77.5728644, 13.0421367 ], [ 77.5729873, 13.0424149 ], [ 77.5731253, 13.0426077 ], [ 77.5733216, 13.0428192 ], [ 77.5734142, 13.0428064 ] ] ] ] } },
{ "type": "Feature", "properties": { "fid": 6600, "KGISVillageID": 15100, "Category": "Settlement", "Kharab": "SETTLEMENT", "Surveynumber_Old": "SETTLEMENT", "KGISVill_2": "Geddalahalli" }, "geometry": { "type": "MultiPolygon", "coordinates": [ [ [ [ 77.5772836, 13.0301854 ], [ 77.576934, 13.0301567 ], [ 77.5768228, 13.0295096 ], [ 77.5767533, 13.0293468 ], [ 77.5766484, 13.029271 ], [ 77.5761796, 13.0294115 ], [ 77.5761782, 13.0305148 ], [ 77.576187, 13.0311396 ], [ 77.5765312, 13.0311815 ], [ 77.5765639, 13.0309741 ], [ 77.5774133, 13.0309655 ], [ 77.5773692, 13.0306045 ], [ 77.5772836, 13.0301854 ] ] ] ] } },
{ "type": "Feature", "properties": { "fid": 6640, "KGISVillageID": 15148, "Category": "Settlement", "Kharab": "SETTLEMENT", "Surveynumber_Old": "SETTLEMENT", "KGISVill_2": "S.I.Boopasandra" }, "geometry": { "type": "MultiPolygon", "coordinates": [ [ [ [ 77.5820402, 13.0445283 ], [ 77.5821802, 13.0444992 ], [ 77.5821786, 13.0443308 ], [ 77.5820259, 13.0443815 ], [ 77.5820099, 13.0442012 ], [ 77.5818726, 13.0442421 ], [ 77.581836, 13.0437246 ], [ 77.581791, 13.0435599 ], [ 77.5816605, 13.0435927 ], [ 77.5816488, 13.0434883 ], [ 77.5815639, 13.042953 ], [ 77.5810128, 13.043046 ], [ 77.580562, 13.0431381 ], [ 77.5805229, 13.0436912 ], [ 77.5807252, 13.044343 ], [ 77.5811714, 13.0446082 ], [ 77.581404, 13.0446864 ], [ 77.5820402, 13.0445283 ] ] ] ] } },
{ "type": "Feature", "properties": { "fid": 6752, "KGISVillageID": 15102, "Category": "Settlement", "Kharab": "SETTLEMENT", "Surveynumber_Old": "SETTLEMENT", "KGISVill_2": "Guddadhahalli" }, "geometry": { "type": "MultiPolygon", "coordinates": [ [ [ [ 77.5962237, 13.0392727 ], [ 77.5960522, 13.03914 ], [ 77.5963921, 13.0387109 ], [ 77.5961938, 13.0385496 ], [ 77.5959563, 13.0384186 ], [ 77.5953876, 13.0385883 ], [ 77.5953321, 13.0388567 ], [ 77.5954289, 13.03899 ], [ 77.5953467, 13.0390639 ], [ 77.5953483, 13.0393411 ], [ 77.5956683, 13.0393747 ], [ 77.5960773, 13.0392672 ], [ 77.5961849, 13.0393266 ], [ 77.5962237, 13.0392727 ] ] ] ] } },
{ "type": "Feature", "properties": { "fid": 6753, "KGISVillageID": 15102, "Category": "Settlement", "Kharab": "SETTLEMENT_NEW", "Surveynumber_Old": "SETTLEMENT_NEW", "KGISVill_2": "Guddadhahalli" }, "geometry": { "type": "MultiPolygon", "coordinates": [ [ [ [ 77.5969157, 13.0400942 ], [ 77.5969238, 13.0398189 ], [ 77.5967211, 13.0391987 ], [ 77.5962237, 13.0392727 ], [ 77.5961849, 13.0393266 ], [ 77.5963757, 13.0398144 ], [ 77.5964921, 13.039831 ], [ 77.5966646, 13.0401501 ], [ 77.5969157, 13.0400942 ] ] ] ] } },
{ "type": "Feature", "properties": { "fid": 6865, "KGISVillageID": 15086, "Category": "Settlement", "Kharab": "SETTLEMENT", "Surveynumber_Old": "SETTLEMENT", "KGISVill_2": "Cholanayakanahalli" }, "geometry": { "type": "MultiPolygon", "coordinates": [ [ [ [ 77.596911, 13.0372533 ], [ 77.5972766, 13.0370391 ], [ 77.5975256, 13.0367598 ], [ 77.5978796, 13.0365483 ], [ 77.5980217, 13.0363992 ], [ 77.598034, 13.0363643 ], [ 77.5980726, 13.0362026 ], [ 77.597851, 13.0362312 ], [ 77.5974865, 13.035406 ], [ 77.597068, 13.0355522 ], [ 77.5969563, 13.0357471 ], [ 77.5966904, 13.035698 ], [ 77.5965669, 13.0357468 ], [ 77.5963941, 13.0357141 ], [ 77.596313, 13.0356952 ], [ 77.5961532, 13.0357088 ], [ 77.5961272, 13.0359042 ], [ 77.5958801, 13.0360828 ], [ 77.5958526, 13.0363658 ], [ 77.5958281, 13.0365033 ], [ 77.5962779, 13.0369029 ], [ 77.5967575, 13.0372323 ], [ 77.596911, 13.0372533 ] ] ] ] } },
{ "type": "Feature", "properties": { "fid": 6927, "KGISVillageID": 15112, "Category": "Settlement", "Kharab": "SETTLEMENT", "Surveynumber_Old": "SETTLEMENT", "KGISVill_2": "Hebbala" }, "geometry": { "type": "MultiPolygon", "coordinates": [ [ [ [ 77.5917496, 13.0394691 ], [ 77.5914223, 13.0393636 ], [ 77.5909062, 13.0392202 ], [ 77.5904779, 13.0391028 ], [ 77.5900633, 13.039136 ], [ 77.5898201, 13.0396777 ], [ 77.5897546, 13.0400471 ], [ 77.5902032, 13.0410469 ], [ 77.5903122, 13.0412554 ], [ 77.5906839, 13.041332 ], [ 77.5911871, 13.0410926 ], [ 77.5917776, 13.040256 ], [ 77.5917496, 13.0394691 ] ] ] ] } },
{ "type": "Feature", "properties": { "fid": 6992, "KGISVillageID": 15098, "Category": "Settlement", "Kharab": "SETTLEMENT", "Surveynumber_Old": "SETTLEMENT", "KGISVill_2": "Gangenahalli" }, "geometry": { "type": "MultiPolygon", "coordinates": [ [ [ [ 77.5908658, 13.0251168 ], [ 77.5910458, 13.0257813 ], [ 77.5912711, 13.0252691 ], [ 77.5913946, 13.0248882 ], [ 77.5914003, 13.0248695 ], [ 77.591365, 13.0245211 ], [ 77.5912789, 13.0244808 ], [ 77.5911201, 13.0244378 ], [ 77.5909671, 13.0242589 ], [ 77.5905051, 13.0240847 ], [ 77.5903957, 13.0241717 ], [ 77.5902953, 13.0243708 ], [ 77.5904656, 13.0247032 ], [ 77.5904368, 13.0249298 ], [ 77.5905342, 13.0250479 ], [ 77.5908658, 13.0251168 ] ] ] ] } },
{ "type": "Feature", "properties": { "fid": 7044, "KGISVillageID": 15142, "Category": "Settlement", "Kharab": "SETTLEMENT", "Surveynumber_Old": "SETTLEMENT", "KGISVill_2": "Matadhahalli" }, "geometry": { "type": "MultiPolygon", "coordinates": [ [ [ [ 77.6025254, 13.0224046 ], [ 77.6026149, 13.0225132 ], [ 77.6029046, 13.0224469 ], [ 77.6027855, 13.0218695 ], [ 77.6024197, 13.0218659 ], [ 77.6023092, 13.021655 ], [ 77.6022657, 13.0215485 ], [ 77.6015759, 13.0216623 ], [ 77.6016648, 13.0219116 ], [ 77.6017321, 13.0221128 ], [ 77.6018596, 13.0225432 ], [ 77.6025254, 13.0224046 ] ] ] ] } },
{ "type": "Feature", "properties": { "fid": 7049, "KGISVillageID": 15142, "Category": "Settlement", "Kharab": "PAIKI", "Surveynumber_Old": "26/PAI", "KGISVill_2": "Matadhahalli" }, "geometry": { "type": "MultiPolygon", "coordinates": [ [ [ [ 77.5975517, 13.018011 ], [ 77.5976022, 13.0185467 ], [ 77.5977014, 13.0185384 ], [ 77.5980243, 13.0184732 ], [ 77.5979717, 13.01795 ], [ 77.5978361, 13.017611 ], [ 77.597551, 13.0176183 ], [ 77.5973655, 13.0177361 ], [ 77.5975517, 13.018011 ] ] ] ] } },
{ "type": "Feature", "properties": { "fid": 7111, "KGISVillageID": 15121, "Category": "Settlement", "Kharab": "MAJARE", "Surveynumber_Old": "MAJARE", "KGISVill_2": "K.G.Byadarahalli" }, "geometry": { "type": "MultiPolygon", "coordinates": [ [ [ [ 77.5995913, 13.0040141 ], [ 77.6003322, 13.003872 ], [ 77.6003096, 13.0037395 ], [ 77.6005748, 13.003701 ], [ 77.6007861, 13.0036836 ], [ 77.6003149, 13.0031022 ], [ 77.5999983, 13.0027042 ], [ 77.5995131, 13.0029393 ], [ 77.5992278, 13.003077 ], [ 77.5989262, 13.0031803 ], [ 77.5988252, 13.0032121 ], [ 77.5983668, 13.0033374 ], [ 77.5984983, 13.0039132 ], [ 77.5986948, 13.0037764 ], [ 77.598942, 13.0037996 ], [ 77.5990225, 13.0039437 ], [ 77.5991859, 13.0039608 ], [ 77.5995913, 13.0040141 ] ] ] ] } },
{ "type": "Feature", "properties": { "fid": 7154, "KGISVillageID": 15141, "Category": "Settlement", "Kharab": "SETTLEMENT", "Surveynumber_Old": "SETTLEMENT", "KGISVill_2": "Matadhahalli" }, "geometry": { "type": "MultiPolygon", "coordinates": [ [ [ [ 77.5945508, 13.009421 ], [ 77.5945827, 13.0093771 ], [ 77.594528, 13.0092533 ], [ 77.5948189, 13.0090299 ], [ 77.594589, 13.0086299 ], [ 77.5946538, 13.0085203 ], [ 77.5942891, 13.0076795 ], [ 77.5942002, 13.0074196 ], [ 77.5940411, 13.0074496 ], [ 77.5940004, 13.0073661 ], [ 77.5938629, 13.0074444 ], [ 77.5937346, 13.0072954 ], [ 77.5936368, 13.0070593 ], [ 77.5932557, 13.0065337 ], [ 77.5929896, 13.0066647 ], [ 77.5929036, 13.0067083 ], [ 77.5925751, 13.0074106 ], [ 77.5925575, 13.0074482 ], [ 77.5925967, 13.0075416 ], [ 77.5926763, 13.00773 ], [ 77.5926597, 13.0079461 ], [ 77.5930121, 13.0084915 ], [ 77.593075, 13.008646 ], [ 77.5931346, 13.0087915 ], [ 77.5931797, 13.0089015 ], [ 77.593255, 13.0090434 ], [ 77.5933868, 13.0092908 ], [ 77.5935086, 13.0097321 ], [ 77.5935934, 13.0098174 ], [ 77.5944938, 13.0094998 ], [ 77.5945042, 13.0094853 ], [ 77.5945508, 13.009421 ] ] ] ] } },
{ "type": "Feature", "properties": { "fid": 7219, "KGISVillageID": 15164, "Category": "Settlement", "Kharab": "PIPE_LINE", "Surveynumber_Old": "PIPE_LINE", "KGISVill_2": "Vyyalikaval" }, "geometry": { "type": "MultiPolygon", "coordinates": [ [ [ [ 77.5728361, 13.0186476 ], [ 77.5728696, 13.0184065 ], [ 77.5730511, 13.0172849 ], [ 77.5731012, 13.0167044 ], [ 77.5731924, 13.016254 ], [ 77.5732537, 13.0157651 ], [ 77.5731581, 13.0155978 ], [ 77.5730977, 13.0156083 ], [ 77.573055, 13.0161628 ], [ 77.5730073, 13.0164214 ], [ 77.5729658, 13.0167049 ], [ 77.5729347, 13.0172915 ], [ 77.5728197, 13.0181153 ], [ 77.5728361, 13.0186476 ] ] ] ] } },
{ "type": "Feature", "properties": { "fid": 7220, "KGISVillageID": 15164, "Category": "Settlement", "Kharab": "PIPE_LINE", "Surveynumber_Old": "PIPE_LINE", "KGISVill_2": "Vyyalikaval" }, "geometry": { "type": "MultiPolygon", "coordinates": [ [ [ [ 77.5728361, 13.0186476 ], [ 77.5728197, 13.0181153 ], [ 77.5727415, 13.0186012 ], [ 77.5727404, 13.0186116 ], [ 77.5728361, 13.0186476 ] ] ] ] } },
{ "type": "Feature", "properties": { "fid": 7225, "KGISVillageID": 15164, "Category": "Settlement", "Kharab": "PIPE_LINE", "Surveynumber_Old": "PIPE_LINE", "KGISVill_2": "Vyyalikaval" }, "geometry": { "type": "MultiPolygon", "coordinates": [ [ [ [ 77.5727671, 13.0193103 ], [ 77.572778, 13.0191899 ], [ 77.5728103, 13.0188341 ], [ 77.5728361, 13.0186476 ], [ 77.5727404, 13.0186116 ], [ 77.5726684, 13.019295 ], [ 77.5727671, 13.0193103 ] ] ] ] } },
{ "type": "Feature", "properties": { "fid": 7226, "KGISVillageID": 15164, "Category": "Settlement", "Kharab": "PIPE_LINE", "Surveynumber_Old": "PIPE_LINE", "KGISVill_2": "Vyyalikaval" }, "geometry": { "type": "MultiPolygon", "coordinates": [ [ [ [ 77.5727508, 13.0194125 ], [ 77.5727671, 13.0193103 ], [ 77.5726684, 13.019295 ], [ 77.5726279, 13.019472 ], [ 77.5727508, 13.0194125 ] ] ] ] } },
{ "type": "Feature", "properties": { "fid": 7233, "KGISVillageID": 15164, "Category": "Settlement", "Kharab": "PIPE_LINE", "Surveynumber_Old": "PIPE_LINE", "KGISVill_2": "Vyyalikaval" }, "geometry": { "type": "MultiPolygon", "coordinates": [ [ [ [ 77.5724736, 13.0209726 ], [ 77.5726072, 13.0202061 ], [ 77.5727364, 13.0194934 ], [ 77.5727485, 13.0194268 ], [ 77.5727508, 13.0194125 ], [ 77.5726279, 13.019472 ], [ 77.5724969, 13.0200798 ], [ 77.5723724, 13.0206733 ], [ 77.5724237, 13.0209744 ], [ 77.5724736, 13.0209726 ] ] ] ] } },
{ "type": "Feature", "properties": { "fid": 7234, "KGISVillageID": 15164, "Category": "Settlement", "Kharab": "PIPE_LINE", "Surveynumber_Old": "PIPE_LINE", "KGISVill_2": "Vyyalikaval" }, "geometry": { "type": "MultiPolygon", "coordinates": [ [ [ [ 77.572334, 13.0209776 ], [ 77.5724237, 13.0209744 ], [ 77.5723724, 13.0206733 ], [ 77.5723709, 13.0206805 ], [ 77.5723122, 13.0209789 ], [ 77.572334, 13.0209776 ] ] ] ] } },
{ "type": "Feature", "properties": { "fid": 7300, "KGISVillageID": 30090, "Category": "Settlement", "Kharab": "SETTLEMENT", "Surveynumber_Old": "SETTLEMENT", "KGISVill_2": "Jakkasandra" }, "geometry": { "type": "MultiPolygon", "coordinates": [ [ [ [ 77.5731947, 13.0043076 ], [ 77.5730544, 13.0050017 ], [ 77.5734025, 13.0050705 ], [ 77.5736355, 13.0049678 ], [ 77.5735899, 13.0043372 ], [ 77.5731947, 13.0043076 ] ] ] ] } },
{ "type": "Feature", "properties": { "fid": 7311, "KGISVillageID": 40193, "Category": "Settlement", "Kharab": "SETTLEMENT", "Surveynumber_Old": "SETTLEMENT", "KGISVill_2": "K.G.Ranganathapura" }, "geometry": { "type": "MultiPolygon", "coordinates": [ [ [ [ 77.5714947, 13.006597 ], [ 77.5712621, 13.0064965 ], [ 77.5710007, 13.0066807 ], [ 77.571005, 13.0070918 ], [ 77.5708887, 13.0071599 ], [ 77.5710653, 13.0078241 ], [ 77.571726, 13.0079835 ], [ 77.5719641, 13.0074361 ], [ 77.5718793, 13.0067772 ], [ 77.5714947, 13.006597 ] ] ] ] } },
{ "type": "Feature", "properties": { "fid": 7329, "KGISVillageID": 15143, "Category": "Settlement", "Kharab": "PALYA_DIVHANARAPALYA", "Surveynumber_Old": "PALYA_DIVHANARAPALYA", "KGISVill_2": "Matthikere" }, "geometry": { "type": "MultiPolygon", "coordinates": [ [ [ [ 77.5620386, 13.0255408 ], [ 77.5623055, 13.0249563 ], [ 77.5623533, 13.0248696 ], [ 77.5622363, 13.0248383 ], [ 77.5613372, 13.0245974 ], [ 77.5612866, 13.0255534 ], [ 77.5616044, 13.0255319 ], [ 77.5620075, 13.0255401 ], [ 77.5620386, 13.0255408 ] ] ] ] } },
{ "type": "Feature", "properties": { "fid": 7334, "KGISVillageID": 15165, "Category": "Settlement", "Kharab": "MAJARE_NHAGANHATHAPURA", "Surveynumber_Old": "MAJARE_NHAGANHATHAPURA", "KGISVill_2": "Vyyalikaval" }, "geometry": { "type": "MultiPolygon", "coordinates": [ [ [ [ 77.5619144, 13.0199655 ], [ 77.5617864, 13.0193254 ], [ 77.561674, 13.0191 ], [ 77.5609123, 13.0187826 ], [ 77.5608055, 13.0187914 ], [ 77.5603254, 13.0189168 ], [ 77.5603001, 13.0196078 ], [ 77.5604696, 13.0202637 ], [ 77.5612149, 13.0201356 ], [ 77.5619239, 13.0199704 ], [ 77.5619144, 13.0199655 ] ] ] ] } },
{ "type": "Feature", "properties": { "fid": 7354, "KGISVillageID": 15085, "Category": "Settlement", "Kharab": "PIPE_LINE", "Surveynumber_Old": "PIPE_LINE", "KGISVill_2": "Chikkamaranahalli" }, "geometry": { "type": "MultiPolygon", "coordinates": [ [ [ [ 77.5633449, 13.0352826 ], [ 77.5656399, 13.0334943 ], [ 77.5668119, 13.0326171 ], [ 77.5672117, 13.0323556 ], [ 77.5682369, 13.0315952 ], [ 77.5691095, 13.0308619 ], [ 77.5697171, 13.0303698 ], [ 77.5698912, 13.0302574 ], [ 77.5698584, 13.0300877 ], [ 77.5698468, 13.0300273 ], [ 77.5696409, 13.030172 ], [ 77.5691084, 13.0305996 ], [ 77.568195, 13.0313496 ], [ 77.5681169, 13.0314174 ], [ 77.5671603, 13.0322034 ], [ 77.566562, 13.0326297 ], [ 77.5655882, 13.0333546 ], [ 77.5655402, 13.0333928 ], [ 77.5633805, 13.0350736 ], [ 77.5632604, 13.035165 ], [ 77.5631262, 13.0353143 ], [ 77.5632339, 13.035404 ], [ 77.5633449, 13.0352826 ] ] ] ] } },
{ "type": "Feature", "properties": { "fid": 7384, "KGISVillageID": 15143, "Category": "Settlement", "Kharab": "SETTLEMENT", "Surveynumber_Old": "SETTLEMENT", "KGISVill_2": "Matthikere" }, "geometry": { "type": "MultiPolygon", "coordinates": [ [ [ [ 77.5630304, 13.0354268 ], [ 77.5631262, 13.0353143 ], [ 77.5632604, 13.035165 ], [ 77.5632222, 13.0350423 ], [ 77.5630868, 13.0342113 ], [ 77.5630854, 13.0337628 ], [ 77.5629803, 13.0337633 ], [ 77.5617126, 13.033862 ], [ 77.5607837, 13.0338035 ], [ 77.5608053, 13.034459 ], [ 77.561043, 13.0354067 ], [ 77.5619943, 13.035512 ], [ 77.5630304, 13.0354268 ] ] ] ] } },
{ "type": "Feature", "properties": { "fid": 7507, "KGISVillageID": 15105, "Category": "Settlement", "Kharab": "SETTLEMENT", "Surveynumber_Old": "SETTLEMENT", "KGISVill_2": "Guttahalli" }, "geometry": { "type": "MultiPolygon", "coordinates": [ [ [ [ 77.5650987, 12.9539279 ], [ 77.5655647, 12.9538898 ], [ 77.5659453, 12.9538425 ], [ 77.5659582, 12.9536262 ], [ 77.5667165, 12.9534157 ], [ 77.5667301, 12.9531489 ], [ 77.5666445, 12.9529222 ], [ 77.5666914, 12.9528626 ], [ 77.5666196, 12.9526364 ], [ 77.5666729, 12.9525676 ], [ 77.5666211, 12.9520559 ], [ 77.5663188, 12.9520409 ], [ 77.5659821, 12.9519757 ], [ 77.5658317, 12.9520508 ], [ 77.5656598, 12.9519823 ], [ 77.5655846, 12.9519759 ], [ 77.5652723, 12.9519493 ], [ 77.5651559, 12.9519903 ], [ 77.5651502, 12.9519923 ], [ 77.5649421, 12.9520657 ], [ 77.5646283, 12.9520907 ], [ 77.5646001, 12.9521764 ], [ 77.5644897, 12.9525153 ], [ 77.5645148, 12.9526057 ], [ 77.5646194, 12.9529827 ], [ 77.5646314, 12.9531185 ], [ 77.5646456, 12.9532786 ], [ 77.5647589, 12.9535023 ], [ 77.5647865, 12.9535568 ], [ 77.5648187, 12.9536205 ], [ 77.5650123, 12.9536557 ], [ 77.5650917, 12.9539057 ], [ 77.5650987, 12.9539279 ] ] ] ] } },
{ "type": "Feature", "properties": { "fid": 7536, "KGISVillageID": 15109, "Category": "Settlement", "Kharab": "PALYA_HARIJANA", "Surveynumber_Old": "PALYA_HARIJANA", "KGISVill_2": "Hanumanthapura" }, "geometry": { "type": "MultiPolygon", "coordinates": [ [ [ [ 77.5646164, 12.973705 ], [ 77.5634922, 12.9733592 ], [ 77.5632107, 12.9732547 ], [ 77.5631407, 12.9732287 ], [ 77.562966, 12.9731639 ], [ 77.5629137, 12.9731445 ], [ 77.5628569, 12.9731218 ], [ 77.5628212, 12.9738071 ], [ 77.5628059, 12.9740999 ], [ 77.5628142, 12.9741321 ], [ 77.5628748, 12.9743689 ], [ 77.5630474, 12.9743823 ], [ 77.5645338, 12.9745663 ], [ 77.5646726, 12.9738389 ], [ 77.5646164, 12.973705 ] ] ] ] } },
{ "type": "Feature", "properties": { "fid": 7623, "KGISVillageID": 15481, "Category": "Settlement", "Kharab": "MAJARE", "Surveynumber_Old": "MAJARE", "KGISVill_2": "Kethamaranahalli" }, "geometry": { "type": "MultiPolygon", "coordinates": [ [ [ [ 77.564445, 12.991079 ], [ 77.5640103, 12.9911665 ], [ 77.5640257, 12.9913945 ], [ 77.5639126, 12.9919076 ], [ 77.5642119, 12.9918939 ], [ 77.5645942, 12.9917252 ], [ 77.564445, 12.991079 ] ] ] ] } },
{ "type": "Feature", "properties": { "fid": 7826, "KGISVillageID": 15140, "Category": "Settlement", "Kharab": "SETTLEMENT", "Surveynumber_Old": "SETTLEMENT", "KGISVill_2": "Malenahalli" }, "geometry": { "type": "MultiPolygon", "coordinates": [ [ [ [ 77.5817415, 13.0007354 ], [ 77.5816989, 13.0004792 ], [ 77.5818759, 13.0000591 ], [ 77.5820186, 12.9996492 ], [ 77.5819578, 12.99938 ], [ 77.5825839, 12.9993755 ], [ 77.5823665, 12.9990575 ], [ 77.5821607, 12.9988862 ], [ 77.5822675, 12.9988566 ], [ 77.5826073, 12.9985926 ], [ 77.5830081, 12.9983022 ], [ 77.5827228, 12.9979203 ], [ 77.5820611, 12.997832 ], [ 77.582062, 12.9979786 ], [ 77.5818109, 12.9983204 ], [ 77.5815499, 12.9984753 ], [ 77.5808972, 12.9979052 ], [ 77.5811219, 12.9983002 ], [ 77.5811052, 12.9987693 ], [ 77.5808926, 12.9987533 ], [ 77.5804424, 12.998934 ], [ 77.5796468, 12.9989267 ], [ 77.5794355, 12.9984934 ], [ 77.5790959, 12.9985734 ], [ 77.5791188, 12.9980144 ], [ 77.5793411, 12.9979661 ], [ 77.5794117, 12.9975851 ], [ 77.5794067, 12.9973448 ], [ 77.5786522, 12.9971442 ], [ 77.5783051, 12.9973555 ], [ 77.5782894, 12.9976448 ], [ 77.5781958, 12.9991718 ], [ 77.5780022, 12.9991828 ], [ 77.5780418, 12.9993955 ], [ 77.5781723, 12.9995397 ], [ 77.5781303, 12.9998653 ], [ 77.5782307, 13.0002817 ], [ 77.5782658, 13.0004256 ], [ 77.5785848, 13.0003512 ], [ 77.5794701, 13.0003256 ], [ 77.5794894, 13.0003244 ], [ 77.5800269, 13.0002897 ], [ 77.5803162, 13.0002591 ], [ 77.5810373, 13.0000395 ], [ 77.58125, 12.9999716 ], [ 77.5814494, 12.9999079 ], [ 77.581487, 13.0002489 ], [ 77.5815312, 13.0006384 ], [ 77.5815466, 13.0007767 ], [ 77.5815577, 13.0008764 ], [ 77.5817415, 13.0007354 ] ] ] ] } },
{ "type": "Feature", "properties": { "fid": 7831, "KGISVillageID": 15161, "Category": "Settlement", "Kharab": "SETTLEMENT", "Surveynumber_Old": "SETTLEMENT", "KGISVill_2": "Vyyalikaval" }, "geometry": { "type": "MultiPolygon", "coordinates": [ [ [ [ 77.5824093, 13.0028685 ], [ 77.5823418, 13.0026364 ], [ 77.5823137, 13.0025777 ], [ 77.5822398, 13.0021567 ], [ 77.5823345, 13.0016863 ], [ 77.5822567, 13.0013128 ], [ 77.5822243, 13.0011572 ], [ 77.5822136, 13.0011057 ], [ 77.581665, 13.0013718 ], [ 77.5812483, 13.0014928 ], [ 77.5812271, 13.0010346 ], [ 77.5815577, 13.0008764 ], [ 77.5815466, 13.0007767 ], [ 77.5815312, 13.0006384 ], [ 77.581487, 13.0002489 ], [ 77.5814494, 12.9999079 ], [ 77.58125, 12.9999716 ], [ 77.5810373, 13.0000395 ], [ 77.5803162, 13.0002591 ], [ 77.5800269, 13.0002897 ], [ 77.5794894, 13.0003244 ], [ 77.5799919, 13.0017433 ], [ 77.5796326, 13.0018408 ], [ 77.5798034, 13.0024477 ], [ 77.5801507, 13.002349 ], [ 77.580237, 13.002698 ], [ 77.5806987, 13.0024579 ], [ 77.58098, 13.002312 ], [ 77.5812019, 13.0022572 ], [ 77.5812921, 13.0025417 ], [ 77.5812997, 13.0027301 ], [ 77.5813095, 13.002972 ], [ 77.5815976, 13.0029606 ], [ 77.5816854, 13.0029501 ], [ 77.5824093, 13.0028685 ] ] ] ] } },
{ "type": "Feature", "properties": { "fid": 7884, "KGISVillageID": 15087, "Category": "Settlement", "Kharab": "SETTLEMENT", "Surveynumber_Old": "SETTLEMENT", "KGISVill_2": "Dandu Upparahalli" }, "geometry": { "type": "MultiPolygon", "coordinates": [ [ [ [ 77.5882781, 12.9946062 ], [ 77.5884298, 12.9946852 ], [ 77.5907391, 12.9938107 ], [ 77.5905367, 12.9922474 ], [ 77.590619, 12.9921965 ], [ 77.5905173, 12.9921708 ], [ 77.590188, 12.9917889 ], [ 77.5898314, 12.9918555 ], [ 77.589306, 12.9918682 ], [ 77.5893948, 12.9920358 ], [ 77.5889933, 12.9922227 ], [ 77.589048, 12.992311 ], [ 77.5882139, 12.992813 ], [ 77.5881723, 12.992969 ], [ 77.5881056, 12.9934282 ], [ 77.5880954, 12.9939976 ], [ 77.5880605, 12.9946129 ], [ 77.5882781, 12.9946062 ] ] ] ] } },
{ "type": "Feature", "properties": { "fid": 7948, "KGISVillageID": 15087, "Category": "Settlement", "Kharab": "SETTLEMENT_DAABLAPETE", "Surveynumber_Old": "SETTLEMENT_DAABLAPETE", "KGISVill_2": "Dandu Upparahalli" }, "geometry": { "type": "MultiPolygon", "coordinates": [ [ [ [ 77.5915696, 12.9896561 ], [ 77.592485, 12.9892058 ], [ 77.5918256, 12.988588 ], [ 77.5904747, 12.9894763 ], [ 77.5905149, 12.9899103 ], [ 77.5909168, 12.9898805 ], [ 77.5915696, 12.9896561 ] ] ] ] } },
{ "type": "Feature", "properties": { "fid": 7953, "KGISVillageID": 15087, "Category": "Settlement", "Kharab": "SETTLEMENT_BANGALORECITY", "Surveynumber_Old": "SETTLEMENT_BANGALORECITY", "KGISVill_2": "Dandu Upparahalli" }, "geometry": { "type": "MultiPolygon", "coordinates": [ [ [ [ 77.5872843, 12.9904094 ], [ 77.5876159, 12.9903946 ], [ 77.587835, 12.9898867 ], [ 77.5878447, 12.9898438 ], [ 77.5879087, 12.9895727 ], [ 77.5883013, 12.9887307 ], [ 77.5875584, 12.988855 ], [ 77.5869263, 12.9887206 ], [ 77.5859244, 12.988877 ], [ 77.5855827, 12.9894816 ], [ 77.5856755, 12.9903676 ], [ 77.5864975, 12.9902939 ], [ 77.5865575, 12.990543 ], [ 77.5872843, 12.9904094 ] ] ] ] } },
{ "type": "Feature", "properties": { "fid": 8040, "KGISVillageID": 15071, "Category": "Settlement", "Kharab": "SETTLEMENT", "Surveynumber_Old": "SETTLEMENT", "KGISVill_2": "Akkithimmanahalli" }, "geometry": { "type": "MultiPolygon", "coordinates": [ [ [ [ 77.5982327, 12.9604398 ], [ 77.5978032, 12.9605345 ], [ 77.5977412, 12.9603694 ], [ 77.5978654, 12.9603824 ], [ 77.5977823, 12.9600656 ], [ 77.5975457, 12.960104 ], [ 77.59752, 12.9602564 ], [ 77.5972199, 12.9603203 ], [ 77.5973056, 12.9606456 ], [ 77.5971815, 12.9610135 ], [ 77.5976481, 12.9616982 ], [ 77.5977427, 12.9620588 ], [ 77.598599, 12.9617138 ], [ 77.5983576, 12.9607508 ], [ 77.5982327, 12.9604398 ] ] ] ] } },
{ "type": "Feature", "properties": { "fid": 8056, "KGISVillageID": 15071, "Category": "Settlement", "Kharab": "MAJARE", "Surveynumber_Old": "MAJARE", "KGISVill_2": "Akkithimmanahalli" }, "geometry": { "type": "MultiPolygon", "coordinates": [ [ [ [ 77.6016992, 12.956803 ], [ 77.6004164, 12.9570211 ], [ 77.6007742, 12.9584793 ], [ 77.6010145, 12.9593124 ], [ 77.6010936, 12.9597261 ], [ 77.6007279, 12.9598278 ], [ 77.6008046, 12.9600795 ], [ 77.601052, 12.9608145 ], [ 77.6021164, 12.9599223 ], [ 77.6033382, 12.9596241 ], [ 77.6029187, 12.958906 ], [ 77.6025952, 12.9580154 ], [ 77.6024086, 12.9575133 ], [ 77.6016992, 12.956803 ] ] ] ] } },
{ "type": "Feature", "properties": { "fid": 8217, "KGISVillageID": 15144, "Category": "Settlement", "Kharab": "SETTLEMENT", "Surveynumber_Old": "SETTLEMENT", "KGISVill_2": "Mavalli" }, "geometry": { "type": "MultiPolygon", "coordinates": [ [ [ [ 77.5829041, 12.955407 ], [ 77.5830688, 12.9553814 ], [ 77.5830954, 12.9555427 ], [ 77.5832782, 12.9555311 ], [ 77.5832714, 12.9552327 ], [ 77.5833957, 12.9552261 ], [ 77.5834352, 12.9555525 ], [ 77.5835753, 12.9555815 ], [ 77.5835893, 12.9557035 ], [ 77.5839849, 12.9556041 ], [ 77.5838928, 12.9553257 ], [ 77.5836936, 12.9553521 ], [ 77.5835646, 12.9548552 ], [ 77.583683, 12.9548092 ], [ 77.5836508, 12.954551 ], [ 77.5838921, 12.9544157 ], [ 77.58407, 12.9542422 ], [ 77.5840675, 12.9542354 ], [ 77.5840516, 12.9541911 ], [ 77.5838681, 12.9536795 ], [ 77.5836281, 12.9537025 ], [ 77.5832296, 12.9522586 ], [ 77.5829943, 12.9522833 ], [ 77.5827813, 12.9522422 ], [ 77.5822376, 12.9523734 ], [ 77.5809558, 12.9526591 ], [ 77.5808818, 12.952407 ], [ 77.5823932, 12.9520983 ], [ 77.5823735, 12.9518724 ], [ 77.5828241, 12.9517296 ], [ 77.5828073, 12.9514967 ], [ 77.5823003, 12.9515191 ], [ 77.5822195, 12.9511505 ], [ 77.5820256, 12.9511654 ], [ 77.5819905, 12.9510152 ], [ 77.5819145, 12.9510136 ], [ 77.5818903, 12.9508254 ], [ 77.5818025, 12.9508481 ], [ 77.5817941, 12.9507041 ], [ 77.5819225, 12.9506976 ], [ 77.5818604, 12.9504245 ], [ 77.5822848, 12.9503422 ], [ 77.5822561, 12.9501544 ], [ 77.5815997, 12.9503674 ], [ 77.5805898, 12.9502863 ], [ 77.5805179, 12.9502386 ], [ 77.5803606, 12.9501342 ], [ 77.5802633, 12.9500697 ], [ 77.580264, 12.9500136 ], [ 77.5802521, 12.9499987 ], [ 77.5801233, 12.9499981 ], [ 77.5801267, 12.9500541 ], [ 77.5801467, 12.9503875 ], [ 77.580159, 12.9513052 ], [ 77.5804017, 12.9513213 ], [ 77.5804375, 12.9515557 ], [ 77.5804815, 12.9517806 ], [ 77.5806088, 12.9519851 ], [ 77.5801911, 12.9520461 ], [ 77.5801943, 12.9522672 ], [ 77.5803467, 12.9524345 ], [ 77.5804014, 12.9526665 ], [ 77.5802861, 12.9527955 ], [ 77.5802016, 12.9527712 ], [ 77.5802589, 12.9538388 ], [ 77.5807184, 12.9537455 ], [ 77.5807952, 12.9542232 ], [ 77.5804232, 12.9543672 ], [ 77.5804473, 12.9545194 ], [ 77.58093, 12.9544744 ], [ 77.5811685, 12.9543927 ], [ 77.5812368, 12.954683 ], [ 77.5805907, 12.954747 ], [ 77.5806361, 12.9548928 ], [ 77.5802811, 12.9550687 ], [ 77.5803477, 12.9552397 ], [ 77.5808877, 12.9549524 ], [ 77.5809259, 12.9550894 ], [ 77.5814714, 12.9550555 ], [ 77.581612, 12.9550681 ], [ 77.5817194, 12.9562452 ], [ 77.5824021, 12.9562295 ], [ 77.5827242, 12.9561556 ], [ 77.5828667, 12.9561228 ], [ 77.5830587, 12.9560788 ], [ 77.5829041, 12.955407 ] ] ] ] } },
{ "type": "Feature", "properties": { "fid": 8229, "KGISVillageID": 15137, "Category": "Settlement", "Kharab": "SETTLEMENT", "Surveynumber_Old": "SETTLEMENT", "KGISVill_2": "Lalbagh (Upparahalli)" }, "geometry": { "type": "MultiPolygon", "coordinates": [ [ [ [ 77.5805898, 12.9502863 ], [ 77.5815997, 12.9503674 ], [ 77.5822561, 12.9501544 ], [ 77.5827396, 12.9499974 ], [ 77.5828474, 12.9499624 ], [ 77.582806, 12.949748 ], [ 77.5827119, 12.9492886 ], [ 77.5822935, 12.9493216 ], [ 77.5823191, 12.9490351 ], [ 77.5822153, 12.9490184 ], [ 77.5821964, 12.9490222 ], [ 77.5821787, 12.9490258 ], [ 77.5813039, 12.9492043 ], [ 77.5802725, 12.9493121 ], [ 77.580264, 12.9500136 ], [ 77.5802633, 12.9500697 ], [ 77.5803606, 12.9501342 ], [ 77.5805179, 12.9502386 ], [ 77.5805898, 12.9502863 ] ] ] ] } },
{ "type": "Feature", "properties": { "fid": 8232, "KGISVillageID": 15144, "Category": "Settlement", "Kharab": "SETTLEMENT_BANGALORE NAGAR", "Surveynumber_Old": "SETTLEMENT_BANGALORE NAGAR", "KGISVill_2": "Mavalli" }, "geometry": { "type": "MultiPolygon", "coordinates": [ [ [ [ 77.5801911, 12.9520461 ], [ 77.5806088, 12.9519851 ], [ 77.5804815, 12.9517806 ], [ 77.5804375, 12.9515557 ], [ 77.5804017, 12.9513213 ], [ 77.580159, 12.9513052 ], [ 77.5801911, 12.9520461 ] ] ] ] } },
{ "type": "Feature", "properties": { "fid": 8262, "KGISVillageID": 15089, "Category": "Settlement", "Kharab": "SETTLEMENT", "Surveynumber_Old": "SETTLEMENT", "KGISVill_2": "Doddabylakane" }, "geometry": { "type": "MultiPolygon", "coordinates": [ [ [ [ 77.5773276, 12.9548349 ], [ 77.5772504, 12.9544427 ], [ 77.5772071, 12.9543878 ], [ 77.5770702, 12.9544654 ], [ 77.577131, 12.9547656 ], [ 77.5769243, 12.9548513 ], [ 77.5769188, 12.9546087 ], [ 77.5770019, 12.954502 ], [ 77.5769298, 12.9543533 ], [ 77.5768434, 12.9542076 ], [ 77.5767844, 12.9539475 ], [ 77.5767707, 12.9536312 ], [ 77.576759, 12.9534548 ], [ 77.5766546, 12.9534633 ], [ 77.5764494, 12.9535655 ], [ 77.5760751, 12.9537609 ], [ 77.5761006, 12.9539664 ], [ 77.5759503, 12.9541175 ], [ 77.5760076, 12.9550746 ], [ 77.5760566, 12.9556 ], [ 77.5761565, 12.9565789 ], [ 77.577057, 12.9564498 ], [ 77.5770013, 12.9558848 ], [ 77.5771036, 12.9557727 ], [ 77.5770534, 12.9554721 ], [ 77.5769615, 12.9554049 ], [ 77.5769833, 12.9552053 ], [ 77.5773877, 12.955086 ], [ 77.5773324, 12.9548599 ], [ 77.5773276, 12.9548349 ] ] ] ] } },
{ "type": "Feature", "properties": { "fid": 8290, "KGISVillageID": 15089, "Category": "Settlement", "Kharab": "MAJARE", "Surveynumber_Old": "MAJARE", "KGISVill_2": "Doddabylakane" }, "geometry": { "type": "MultiPolygon", "coordinates": [ [ [ [ 77.5791006, 12.958839 ], [ 77.5792181, 12.9588155 ], [ 77.5793195, 12.9587301 ], [ 77.5792707, 12.9584036 ], [ 77.5790057, 12.9584445 ], [ 77.578969, 12.9584493 ], [ 77.578966, 12.9586159 ], [ 77.5789741, 12.958838 ], [ 77.5791006, 12.958839 ] ] ] ] } },
{ "type": "Feature", "properties": { "fid": 8378, "KGISVillageID": 15097, "Category": "Settlement", "Kharab": "SETTLEMENT", "Surveynumber_Old": "SETTLEMENT", "KGISVill_2": "Gangammanagudipalya" }, "geometry": { "type": "MultiPolygon", "coordinates": [ [ [ [ 77.5863139, 12.9615258 ], [ 77.5862456, 12.9616845 ], [ 77.5860281, 12.9616958 ], [ 77.5860094, 12.9615966 ], [ 77.585872, 12.9616069 ], [ 77.585847, 12.9616682 ], [ 77.5855971, 12.9616522 ], [ 77.5852954, 12.9615054 ], [ 77.5847264, 12.9616888 ], [ 77.5847571, 12.961599 ], [ 77.5845658, 12.961671 ], [ 77.5844751, 12.961705 ], [ 77.5844688, 12.9617075 ], [ 77.5845277, 12.9617929 ], [ 77.5845491, 12.961824 ], [ 77.5845777, 12.9618689 ], [ 77.5846614, 12.9619559 ], [ 77.584678, 12.9620493 ], [ 77.5844979, 12.9621493 ], [ 77.5845125, 12.9621993 ], [ 77.5845202, 12.9622251 ], [ 77.584369, 12.9623145 ], [ 77.5843333, 12.9623419 ], [ 77.5843087, 12.9623609 ], [ 77.5843914, 12.9625814 ], [ 77.584913, 12.9636189 ], [ 77.5850148, 12.9636828 ], [ 77.5855245, 12.9640024 ], [ 77.5855659, 12.9640279 ], [ 77.5861537, 12.964507 ], [ 77.5859524, 12.9633879 ], [ 77.5858974, 12.9627101 ], [ 77.5858712, 12.9623863 ], [ 77.5858862, 12.9623803 ], [ 77.5862396, 12.9622414 ], [ 77.5862604, 12.9620864 ], [ 77.5862908, 12.9618604 ], [ 77.5862964, 12.9618183 ], [ 77.5863073, 12.9617376 ], [ 77.5863139, 12.9615258 ] ] ] ] } },
{ "type": "Feature", "properties": { "fid": 8405, "KGISVillageID": 15104, "Category": "Settlement", "Kharab": "MAJARE", "Surveynumber_Old": "MAJARE", "KGISVill_2": "Guttahalli" }, "geometry": { "type": "MultiPolygon", "coordinates": [ [ [ [ 77.573434, 12.9552391 ], [ 77.5729212, 12.9551616 ], [ 77.5723637, 12.9550774 ], [ 77.5722736, 12.9553015 ], [ 77.5723579, 12.9553513 ], [ 77.5723577, 12.9556756 ], [ 77.5724926, 12.9556683 ], [ 77.5723748, 12.9559833 ], [ 77.5726812, 12.9559813 ], [ 77.5729507, 12.9559795 ], [ 77.5729706, 12.9558447 ], [ 77.5731296, 12.955837 ], [ 77.5732812, 12.9558296 ], [ 77.573434, 12.9552391 ] ] ] ] } },
{ "type": "Feature", "properties": { "fid": 8424, "KGISVillageID": 15104, "Category": "Settlement", "Kharab": "SETTLEMENT", "Surveynumber_Old": "SETTLEMENT", "KGISVill_2": "Guttahalli" }, "geometry": { "type": "MultiPolygon", "coordinates": [ [ [ [ 77.5735675, 12.9519145 ], [ 77.5735698, 12.9518952 ], [ 77.5730193, 12.9518876 ], [ 77.5729041, 12.9520769 ], [ 77.5729266, 12.9524467 ], [ 77.5731827, 12.9524319 ], [ 77.5732291, 12.9525848 ], [ 77.5734815, 12.9526475 ], [ 77.5735675, 12.9519145 ] ] ] ] } },
{ "type": "Feature", "properties": { "fid": 8434, "KGISVillageID": 15158, "Category": "Settlement", "Kharab": "SETTLEMENT", "Surveynumber_Old": "SETTLEMENT", "KGISVill_2": "Sunkenahalli" }, "geometry": { "type": "MultiPolygon", "coordinates": [ [ [ [ 77.5682437, 12.9443374 ], [ 77.568201, 12.9450556 ], [ 77.5687983, 12.9447649 ], [ 77.5687772, 12.9443219 ], [ 77.5689939, 12.944055 ], [ 77.5686391, 12.9431902 ], [ 77.5682546, 12.9434095 ], [ 77.5682927, 12.9432074 ], [ 77.567835, 12.9432963 ], [ 77.5675255, 12.9432472 ], [ 77.5667244, 12.9435673 ], [ 77.5669323, 12.9442113 ], [ 77.5670554, 12.9446573 ], [ 77.5682437, 12.9443374 ] ] ] ] } },
{ "type": "Feature", "properties": { "fid": 8447, "KGISVillageID": 15721, "Category": "Settlement", "Kharab": "SETTLEMENT", "Surveynumber_Old": "SETTLEMENT", "KGISVill_2": "Yadiyuru Nagasandra" }, "geometry": { "type": "MultiPolygon", "coordinates": [ [ [ [ 77.5721633, 12.9362968 ], [ 77.5720877, 12.9355698 ], [ 77.5719675, 12.9355893 ], [ 77.5718266, 12.9356123 ], [ 77.5717081, 12.9354282 ], [ 77.5715573, 12.9354503 ], [ 77.571361, 12.9352096 ], [ 77.5707918, 12.9354454 ], [ 77.5706437, 12.9352722 ], [ 77.5706265, 12.9354078 ], [ 77.5705815, 12.9357014 ], [ 77.5708027, 12.9367954 ], [ 77.5716142, 12.9366299 ], [ 77.5717165, 12.9367014 ], [ 77.5719034, 12.9366615 ], [ 77.5719533, 12.936437 ], [ 77.5721633, 12.9362968 ] ] ] ] } },
{ "type": "Feature", "properties": { "fid": 8489, "KGISVillageID": 15720, "Category": "Settlement", "Kharab": "SETTLEMENT", "Surveynumber_Old": "SETTLEMENT", "KGISVill_2": "Yadiyuru" }, "geometry": { "type": "MultiPolygon", "coordinates": [ [ [ [ 77.5758407, 12.9318247 ], [ 77.5761172, 12.9316573 ], [ 77.5762428, 12.9314021 ], [ 77.5762523, 12.9311185 ], [ 77.5761098, 12.9310778 ], [ 77.575774, 12.931068 ], [ 77.5756404, 12.9305572 ], [ 77.5752068, 12.9305305 ], [ 77.5752005, 12.9307942 ], [ 77.5748573, 12.9308792 ], [ 77.5750215, 12.9317929 ], [ 77.5755715, 12.9317835 ], [ 77.5758407, 12.9318247 ] ] ] ] } },
{ "type": "Feature", "properties": { "fid": 8557, "KGISVillageID": 15153, "Category": "Settlement", "Kharab": "MAJARE", "Surveynumber_Old": "MAJARE", "KGISVill_2": "Siddapura" }, "geometry": { "type": "MultiPolygon", "coordinates": [ [ [ [ 77.5847314, 12.9426404 ], [ 77.5847972, 12.9426054 ], [ 77.584854, 12.9425698 ], [ 77.5849452, 12.9425129 ], [ 77.5848663, 12.9420067 ], [ 77.5846637, 12.9418612 ], [ 77.5845099, 12.9417719 ], [ 77.5844882, 12.9415915 ], [ 77.5844844, 12.9413688 ], [ 77.5842862, 12.941422 ], [ 77.5842541, 12.941441 ], [ 77.5846856, 12.9429789 ], [ 77.5847966, 12.9431905 ], [ 77.5847314, 12.9426404 ] ] ] ] } },
{ "type": "Feature", "properties": { "fid": 8558, "KGISVillageID": 15137, "Category": "Settlement", "Kharab": "MAJARE", "Surveynumber_Old": "MAJARE", "KGISVill_2": "Lalbagh (Upparahalli)" }, "geometry": { "type": "MultiPolygon", "coordinates": [ [ [ [ 77.5845346, 12.9430554 ], [ 77.5846439, 12.9432285 ], [ 77.5847966, 12.9431905 ], [ 77.5846856, 12.9429789 ], [ 77.5842541, 12.941441 ], [ 77.5841385, 12.9416849 ], [ 77.5841463, 12.9418476 ], [ 77.5835236, 12.9421583 ], [ 77.5836006, 12.9425681 ], [ 77.5837442, 12.9426601 ], [ 77.5837778, 12.9430914 ], [ 77.5839282, 12.9430443 ], [ 77.5839824, 12.9432535 ], [ 77.5845346, 12.9430554 ] ] ] ] } },
{ "type": "Feature", "properties": { "fid": 8614, "KGISVillageID": 15153, "Category": "Settlement", "Kharab": "SETTLEMENT", "Surveynumber_Old": "SETTLEMENT", "KGISVill_2": "Siddapura" }, "geometry": { "type": "MultiPolygon", "coordinates": [ [ [ [ 77.5888196, 12.944606 ], [ 77.5892219, 12.9436929 ], [ 77.588668, 12.9438166 ], [ 77.5879603, 12.9438329 ], [ 77.5874183, 12.9439548 ], [ 77.5875692, 12.944182 ], [ 77.5875887, 12.9443315 ], [ 77.587767, 12.9448365 ], [ 77.5878401, 12.9450522 ], [ 77.5885696, 12.9451384 ], [ 77.5888196, 12.944606 ] ] ] ] } },
{ "type": "Feature", "properties": { "fid": 8712, "KGISVillageID": 15535, "Category": "Settlement", "Kharab": "MAJARE", "Surveynumber_Old": "MAJARE", "KGISVill_2": "Lakkasandra" }, "geometry": { "type": "MultiPolygon", "coordinates": [ [ [ [ 77.6007105, 12.9472708 ], [ 77.6000783, 12.9473322 ], [ 77.5998286, 12.9476468 ], [ 77.600238, 12.9486337 ], [ 77.6008626, 12.9485844 ], [ 77.6009952, 12.9482103 ], [ 77.6009004, 12.9478922 ], [ 77.6008699, 12.9477918 ], [ 77.6008235, 12.9476418 ], [ 77.6022046, 12.9472193 ], [ 77.6019516, 12.946788 ], [ 77.6007105, 12.9472708 ] ] ] ] } },
{ "type": "Feature", "properties": { "fid": 8720, "KGISVillageID": 15535, "Category": "Settlement", "Kharab": "SETTLEMENT", "Surveynumber_Old": "SETTLEMENT", "KGISVill_2": "Lakkasandra" }, "geometry": { "type": "MultiPolygon", "coordinates": [ [ [ [ 77.6000332, 12.9427516 ], [ 77.5995537, 12.9430227 ], [ 77.5988171, 12.9432504 ], [ 77.5988179, 12.9437182 ], [ 77.5988756, 12.9439085 ], [ 77.5990631, 12.9445925 ], [ 77.5990807, 12.9446559 ], [ 77.5991156, 12.9446396 ], [ 77.599921, 12.9442694 ], [ 77.600259, 12.9440796 ], [ 77.6000877, 12.9434252 ], [ 77.6000063, 12.943098 ], [ 77.5999908, 12.9430377 ], [ 77.6000332, 12.9427516 ] ] ] ] } },
{ "type": "Feature", "properties": { "fid": 8828, "KGISVillageID": 15680, "Category": "Settlement", "Kharab": "SETTLEMENT", "Surveynumber_Old": "SETTLEMENT", "KGISVill_2": "Byrasandra" }, "geometry": { "type": "MultiPolygon", "coordinates": [ [ [ [ 77.5913888, 12.9353244 ], [ 77.5913329, 12.93457 ], [ 77.5913704, 12.9342489 ], [ 77.5913956, 12.9340299 ], [ 77.5914897, 12.9340088 ], [ 77.5912827, 12.9338448 ], [ 77.5912229, 12.9338014 ], [ 77.5907025, 12.9334023 ], [ 77.590344, 12.933432 ], [ 77.5899828, 12.9334621 ], [ 77.5900486, 12.9336479 ], [ 77.5899904, 12.9342095 ], [ 77.5899611, 12.9345404 ], [ 77.5905559, 12.9353677 ], [ 77.5911562, 12.9353259 ], [ 77.5913888, 12.9353244 ] ] ] ] } },
{ "type": "Feature", "properties": { "fid": 8919, "KGISVillageID": 15099, "Category": "Settlement", "Kharab": "SETTLEMENT", "Surveynumber_Old": "SETTLEMENT", "KGISVill_2": "Gavipura" }, "geometry": { "type": "MultiPolygon", "coordinates": [ [ [ [ 77.5608623, 12.9470725 ], [ 77.5614526, 12.94714 ], [ 77.5616322, 12.9472902 ], [ 77.5618031, 12.9472875 ], [ 77.5619849, 12.9474657 ], [ 77.5624602, 12.9474422 ], [ 77.5629149, 12.9470095 ], [ 77.5627458, 12.9465834 ], [ 77.5628555, 12.9463516 ], [ 77.5616462, 12.9461785 ], [ 77.5613983, 12.9461744 ], [ 77.5612175, 12.9460658 ], [ 77.5609819, 12.9461111 ], [ 77.5607746, 12.9464558 ], [ 77.5605059, 12.9471138 ], [ 77.5608623, 12.9470725 ] ] ] ] } },
{ "type": "Feature", "properties": { "fid": 8996, "KGISVillageID": 15549, "Category": "Settlement", "Kharab": "SETTLEMENT", "Surveynumber_Old": "SETTLEMENT", "KGISVill_2": "Yellukunte" }, "geometry": { "type": "MultiPolygon", "coordinates": [ [ [ [ 77.6390156, 12.9080956 ], [ 77.6391562, 12.9075353 ], [ 77.6395853, 12.9074962 ], [ 77.6394951, 12.9073087 ], [ 77.6392776, 12.906776 ], [ 77.6388597, 12.9068926 ], [ 77.6387965, 12.9069097 ], [ 77.6386927, 12.9069413 ], [ 77.6387036, 12.9074372 ], [ 77.6383236, 12.9075595 ], [ 77.6383274, 12.907848 ], [ 77.6383635, 12.9081325 ], [ 77.6386822, 12.9080929 ], [ 77.6390156, 12.9080956 ] ] ] ] } },
{ "type": "Feature", "properties": { "fid": 8997, "KGISVillageID": 15549, "Category": "Settlement", "Kharab": "PALYA_MANGAMMANAPALYA", "Surveynumber_Old": "PALYA_MANGAMMANAPALYA", "KGISVill_2": "Yellukunte" }, "geometry": { "type": "MultiPolygon", "coordinates": [ [ [ [ 77.638701, 12.9058875 ], [ 77.638776, 12.9058776 ], [ 77.6390395, 12.9058426 ], [ 77.6391303, 12.905645 ], [ 77.639171, 12.9055563 ], [ 77.6392115, 12.9054682 ], [ 77.6395452, 12.9053428 ], [ 77.6395528, 12.9051654 ], [ 77.6395902, 12.9041547 ], [ 77.6387252, 12.9040665 ], [ 77.6384088, 12.9040356 ], [ 77.6383039, 12.9044751 ], [ 77.6382501, 12.9047838 ], [ 77.6382928, 12.9052409 ], [ 77.6384638, 12.9053467 ], [ 77.6385579, 12.9059065 ], [ 77.638701, 12.9058875 ] ] ] ] } },
{ "type": "Feature", "properties": { "fid": 9108, "KGISVillageID": 15524, "Category": "Settlement", "Kharab": "SETTLEMENT_VENKATAPURA", "Surveynumber_Old": "SETTLEMENT_VENKATAPURA", "KGISVill_2": "Jakkasandra" }, "geometry": { "type": "MultiPolygon", "coordinates": [ [ [ [ 77.633092, 12.9210136 ], [ 77.6336328, 12.9209673 ], [ 77.6337536, 12.9209801 ], [ 77.6342861, 12.9209243 ], [ 77.6343902, 12.9209135 ], [ 77.6347144, 12.9206081 ], [ 77.634657, 12.9201362 ], [ 77.6345749, 12.9200038 ], [ 77.6342048, 12.9194455 ], [ 77.6339988, 12.9191155 ], [ 77.6337476, 12.9191955 ], [ 77.6335556, 12.9190122 ], [ 77.6333321, 12.9188355 ], [ 77.633074, 12.9191727 ], [ 77.6328085, 12.9191819 ], [ 77.6326018, 12.9195789 ], [ 77.6325182, 12.9197401 ], [ 77.6325354, 12.9197893 ], [ 77.6328895, 12.9207835 ], [ 77.633092, 12.9210136 ] ] ] ] } },
{ "type": "Feature", "properties": { "fid": 9208, "KGISVillageID": 15540, "Category": "Settlement", "Kharab": "SETTLEMENT", "Surveynumber_Old": "SETTLEMENT", "KGISVill_2": "Roopena Agrahara" }, "geometry": { "type": "MultiPolygon", "coordinates": [ [ [ [ 77.6244886, 12.9115754 ], [ 77.6243734, 12.9113366 ], [ 77.6242263, 12.9114182 ], [ 77.6235955, 12.9117074 ], [ 77.6235521, 12.9120079 ], [ 77.623449, 12.9122966 ], [ 77.6238631, 12.9124781 ], [ 77.6238084, 12.9126677 ], [ 77.6239567, 12.9126712 ], [ 77.624465, 12.9125252 ], [ 77.6246167, 12.9124345 ], [ 77.624659, 12.9122669 ], [ 77.6244886, 12.9115754 ] ] ] ] } },
{ "type": "Feature", "properties": { "fid": 9228, "KGISVillageID": 15509, "Category": "Settlement", "Kharab": "SETTLEMENT", "Surveynumber_Old": "SETTLEMENT", "KGISVill_2": "Bommanahalli" }, "geometry": { "type": "MultiPolygon", "coordinates": [ [ [ [ 77.6288466, 12.9067051 ], [ 77.6293489, 12.9058944 ], [ 77.6291323, 12.9058778 ], [ 77.6291522, 12.9056859 ], [ 77.6291389, 12.9055431 ], [ 77.6286875, 12.9057385 ], [ 77.6286893, 12.9056421 ], [ 77.6286904, 12.905579 ], [ 77.6285695, 12.9057453 ], [ 77.6280265, 12.9058237 ], [ 77.6280483, 12.9064746 ], [ 77.628052, 12.9065898 ], [ 77.6279937, 12.9071345 ], [ 77.6284711, 12.9073071 ], [ 77.6288466, 12.9067051 ] ] ] ] } },
{ "type": "Feature", "properties": { "fid": 9277, "KGISVillageID": 15533, "Category": "Settlement", "Kharab": "SETTLEMENT", "Surveynumber_Old": "SETTLEMENT", "KGISVill_2": "Kodichikkanahalli" }, "geometry": { "type": "MultiPolygon", "coordinates": [ [ [ [ 77.6156863, 12.8979944 ], [ 77.6154947, 12.8978725 ], [ 77.6152721, 12.897857 ], [ 77.6150828, 12.89763 ], [ 77.6149718, 12.8975193 ], [ 77.6149234, 12.8977426 ], [ 77.6148475, 12.8977583 ], [ 77.6143597, 12.8978593 ], [ 77.6146737, 12.8983996 ], [ 77.6149453, 12.8986254 ], [ 77.6154602, 12.8986399 ], [ 77.6155078, 12.8985942 ], [ 77.6156011, 12.8985045 ], [ 77.615657, 12.8984507 ], [ 77.6156863, 12.8979944 ] ] ] ] } },
{ "type": "Feature", "properties": { "fid": 9347, "KGISVillageID": 15508, "Category": "Settlement", "Kharab": "SETTLEMENT", "Surveynumber_Old": "SETTLEMENT", "KGISVill_2": "Bilekahalli" }, "geometry": { "type": "MultiPolygon", "coordinates": [ [ [ [ 77.6052844, 12.8981645 ], [ 77.6056354, 12.8980108 ], [ 77.6059057, 12.8979984 ], [ 77.6060543, 12.8979377 ], [ 77.6061668, 12.898059 ], [ 77.6063255, 12.8980074 ], [ 77.6065195, 12.8979442 ], [ 77.6065227, 12.8977083 ], [ 77.6069232, 12.8972306 ], [ 77.6071354, 12.8972032 ], [ 77.6071112, 12.8970337 ], [ 77.6070915, 12.8968965 ], [ 77.6070526, 12.8966267 ], [ 77.6069099, 12.8963001 ], [ 77.6066918, 12.8961855 ], [ 77.6064953, 12.8960417 ], [ 77.606099, 12.8956708 ], [ 77.6058738, 12.895807 ], [ 77.6056577, 12.8958226 ], [ 77.605566, 12.8961345 ], [ 77.6049024, 12.8964875 ], [ 77.604821, 12.8964046 ], [ 77.6046368, 12.896434 ], [ 77.6045457, 12.8966546 ], [ 77.6047146, 12.8968096 ], [ 77.6048315, 12.8969045 ], [ 77.6047673, 12.8970906 ], [ 77.604887, 12.897244 ], [ 77.6048671, 12.8974902 ], [ 77.6046768, 12.8975632 ], [ 77.6051075, 12.8981988 ], [ 77.6052844, 12.8981645 ] ] ] ] } },
{ "type": "Feature", "properties": { "fid": 9454, "KGISVillageID": 15532, "Category": "Settlement", "Kharab": "SETTLEMENT", "Surveynumber_Old": "SETTLEMENT", "KGISVill_2": "K.G.Nyanappanashetty Palya" }, "geometry": { "type": "MultiPolygon", "coordinates": [ [ [ [ 77.6054236, 12.9110251 ], [ 77.6053947, 12.910656 ], [ 77.6053868, 12.9105578 ], [ 77.6052883, 12.9099729 ], [ 77.605633, 12.9099475 ], [ 77.6056291, 12.9095475 ], [ 77.6058482, 12.9095164 ], [ 77.6058306, 12.9094507 ], [ 77.6057916, 12.9093059 ], [ 77.6056522, 12.9093147 ], [ 77.6056282, 12.9092233 ], [ 77.6054738, 12.9092341 ], [ 77.6054913, 12.9093505 ], [ 77.6053597, 12.9093546 ], [ 77.6053115, 12.9090505 ], [ 77.6054684, 12.9089749 ], [ 77.6053243, 12.9085218 ], [ 77.6049722, 12.9083814 ], [ 77.6048587, 12.9085948 ], [ 77.6046149, 12.9085662 ], [ 77.6043473, 12.9085674 ], [ 77.6042079, 12.9086094 ], [ 77.6040268, 12.9086641 ], [ 77.604024, 12.9088978 ], [ 77.6041178, 12.9092108 ], [ 77.6039606, 12.9092496 ], [ 77.6040057, 12.9094776 ], [ 77.6040839, 12.9098296 ], [ 77.6040684, 12.9101929 ], [ 77.6040725, 12.9104418 ], [ 77.6046888, 12.9104196 ], [ 77.604816, 12.9104269 ], [ 77.6051525, 12.9104496 ], [ 77.6051303, 12.9110007 ], [ 77.6053109, 12.9110249 ], [ 77.6054236, 12.9110251 ] ] ] ] } },
{ "type": "Feature", "properties": { "fid": 9480, "KGISVillageID": 15545, "Category": "Settlement", "Kharab": "PALYA_GURUVABOYIPALYA", "Surveynumber_Old": "PALYA_GURUVABOYIPALYA", "KGISVill_2": "Tavarekere" }, "geometry": { "type": "MultiPolygon", "coordinates": [ [ [ [ 77.6053639, 12.9211315 ], [ 77.6053606, 12.9206646 ], [ 77.6052192, 12.9200177 ], [ 77.6048077, 12.9200085 ], [ 77.604174, 12.91979 ], [ 77.6040722, 12.9210274 ], [ 77.6040642, 12.9210712 ], [ 77.6048456, 12.9211198 ], [ 77.6048529, 12.9214097 ], [ 77.6053608, 12.9214339 ], [ 77.6054229, 12.9214366 ], [ 77.6053639, 12.9211315 ] ] ] ] } },
{ "type": "Feature", "properties": { "fid": 9496, "KGISVillageID": 15545, "Category": "Settlement", "Kharab": "SETTLEMENT", "Surveynumber_Old": "SETTLEMENT", "KGISVill_2": "Tavarekere" }, "geometry": { "type": "MultiPolygon", "coordinates": [ [ [ [ 77.6101366, 12.9233981 ], [ 77.6102219, 12.9230359 ], [ 77.610391, 12.9227676 ], [ 77.610746, 12.9222768 ], [ 77.6106475, 12.9221059 ], [ 77.6104679, 12.9217976 ], [ 77.6102547, 12.92152 ], [ 77.610038, 12.921537 ], [ 77.6098037, 12.9216249 ], [ 77.6095267, 12.9217174 ], [ 77.6092906, 12.9216679 ], [ 77.6093395, 12.92183 ], [ 77.6092918, 12.9218401 ], [ 77.6086751, 12.9219749 ], [ 77.608852, 12.922379 ], [ 77.6088541, 12.9230253 ], [ 77.6097862, 12.9228946 ], [ 77.6099968, 12.9232176 ], [ 77.6101366, 12.9233981 ] ], [ [ 77.6093005, 12.9227925 ], [ 77.6091585, 12.9228344 ], [ 77.6090017, 12.922796 ], [ 77.6090213, 12.9225133 ], [ 77.6092712, 12.9225148 ], [ 77.6093005, 12.9227925 ] ] ] ] } },
{ "type": "Feature", "properties": { "fid": 9567, "KGISVillageID": 15536, "Category": "Settlement", "Kharab": "SETTLEMENT", "Surveynumber_Old": "SETTLEMENT", "KGISVill_2": "Madiwala" }, "geometry": { "type": "MultiPolygon", "coordinates": [ [ [ [ 77.6182853, 12.9187374 ], [ 77.6184367, 12.9182677 ], [ 77.6187219, 12.918272 ], [ 77.6187827, 12.9181459 ], [ 77.6187747, 12.9177336 ], [ 77.6188817, 12.9177338 ], [ 77.6191502, 12.9176402 ], [ 77.619147, 12.9176263 ], [ 77.6191281, 12.9175463 ], [ 77.6188421, 12.9176303 ], [ 77.6187539, 12.917653 ], [ 77.6186373, 12.9176756 ], [ 77.6182954, 12.9176882 ], [ 77.6181681, 12.9173919 ], [ 77.6181068, 12.9171272 ], [ 77.6181012, 12.9169336 ], [ 77.6177757, 12.9163745 ], [ 77.6177349, 12.9161629 ], [ 77.6171866, 12.9161573 ], [ 77.6172562, 12.9165087 ], [ 77.6174092, 12.9168527 ], [ 77.6174069, 12.9171716 ], [ 77.6169461, 12.9171475 ], [ 77.6168381, 12.9173028 ], [ 77.6169128, 12.9174634 ], [ 77.616569, 12.9176369 ], [ 77.616498, 12.9179874 ], [ 77.616601, 12.9187537 ], [ 77.6167442, 12.9187606 ], [ 77.6168847, 12.9190937 ], [ 77.61727, 12.9190547 ], [ 77.6173415, 12.9193164 ], [ 77.6174768, 12.9197801 ], [ 77.6175708, 12.9200963 ], [ 77.6176114, 12.9195634 ], [ 77.6182853, 12.9187374 ] ] ] ] } },
{ "type": "Feature", "properties": { "fid": 9638, "KGISVillageID": 15524, "Category": "Settlement", "Kharab": "SETTLEMENT", "Surveynumber_Old": "SETTLEMENT", "KGISVill_2": "Jakkasandra" }, "geometry": { "type": "MultiPolygon", "coordinates": [ [ [ [ 77.6375771, 12.9251649 ], [ 77.6376829, 12.9252256 ], [ 77.6383237, 12.9247946 ], [ 77.638415, 12.9247133 ], [ 77.638153, 12.9246937 ], [ 77.6380487, 12.9245643 ], [ 77.6380036, 12.924004 ], [ 77.637519, 12.9237472 ], [ 77.6372597, 12.9234825 ], [ 77.6365367, 12.9235897 ], [ 77.6364177, 12.9238536 ], [ 77.6364416, 12.9242747 ], [ 77.6364256, 12.9243857 ], [ 77.6363575, 12.9245634 ], [ 77.6364128, 12.9245979 ], [ 77.6367449, 12.9248361 ], [ 77.636832, 12.9249043 ], [ 77.6369164, 12.9249244 ], [ 77.6372914, 12.9250451 ], [ 77.6375771, 12.9251649 ] ] ] ] } },
{ "type": "Feature", "properties": { "fid": 9640, "KGISVillageID": 15116, "Category": "Settlement", "Kharab": "MAJARE_THIMEENAHALLI", "Surveynumber_Old": "MAJARE_THIMEENAHALLI", "KGISVill_2": "J.I.Kempapura Agrahara" }, "geometry": { "type": "MultiPolygon", "coordinates": [ [ [ [ 77.5376715, 12.9760981 ], [ 77.5374072, 12.9761797 ], [ 77.5373641, 12.9760062 ], [ 77.5371955, 12.9760253 ], [ 77.5371779, 12.9758178 ], [ 77.5368985, 12.9758284 ], [ 77.5367998, 12.9756025 ], [ 77.5365303, 12.9753276 ], [ 77.5359705, 12.9754543 ], [ 77.5358308, 12.9756027 ], [ 77.5359089, 12.976089 ], [ 77.5360764, 12.976679 ], [ 77.5362805, 12.97668 ], [ 77.5362744, 12.9771651 ], [ 77.5363544, 12.9777451 ], [ 77.5364135, 12.9780916 ], [ 77.5365872, 12.978891 ], [ 77.5368399, 12.9783986 ], [ 77.5369091, 12.9783772 ], [ 77.5375683, 12.9781732 ], [ 77.5383247, 12.9780136 ], [ 77.5382728, 12.9777658 ], [ 77.538252, 12.9776628 ], [ 77.5381922, 12.9774131 ], [ 77.5379368, 12.9767792 ], [ 77.5376715, 12.9760981 ] ] ] ] } },
{ "type": "Feature", "properties": { "fid": 9929, "KGISVillageID": 15084, "Category": "Settlement", "Kharab": "SETTLEMENT", "Surveynumber_Old": "SETTLEMENT", "KGISVill_2": "Byatarayanapura" }, "geometry": { "type": "MultiPolygon", "coordinates": [ [ [ [ 77.5415656, 12.9521829 ], [ 77.5420657, 12.9520593 ], [ 77.5420313, 12.9519244 ], [ 77.5419564, 12.9518372 ], [ 77.5420003, 12.9514048 ], [ 77.5418454, 12.9514453 ], [ 77.5418516, 12.9516791 ], [ 77.5417384, 12.9517439 ], [ 77.5416704, 12.9517511 ], [ 77.5416181, 12.9518003 ], [ 77.5415137, 12.9518182 ], [ 77.5413712, 12.9517501 ], [ 77.541291, 12.9518798 ], [ 77.5412349, 12.9519706 ], [ 77.5413575, 12.9520612 ], [ 77.5415656, 12.9521829 ] ] ] ] } },
{ "type": "Feature", "properties": { "fid": 10040, "KGISVillageID": 15116, "Category": "Settlement", "Kharab": "MAJARE_HOSAHALLI", "Surveynumber_Old": "MAJARE_HOSAHALLI", "KGISVill_2": "J.I.Kempapura Agrahara" }, "geometry": { "type": "MultiPolygon", "coordinates": [ [ [ [ 77.5418221, 12.9701929 ], [ 77.5419814, 12.970331 ], [ 77.5429236, 12.9700952 ], [ 77.5437187, 12.9698111 ], [ 77.543721, 12.9694271 ], [ 77.5443207, 12.9690911 ], [ 77.5442509, 12.9684985 ], [ 77.5447933, 12.9682673 ], [ 77.5446755, 12.9677935 ], [ 77.5443822, 12.9668947 ], [ 77.5442848, 12.966924 ], [ 77.5437781, 12.9671244 ], [ 77.5431956, 12.967371 ], [ 77.5431184, 12.9674166 ], [ 77.5423896, 12.9676811 ], [ 77.54218, 12.9678045 ], [ 77.5420085, 12.9679888 ], [ 77.541774, 12.9679319 ], [ 77.5413541, 12.9682496 ], [ 77.5412239, 12.9685063 ], [ 77.5414217, 12.9687817 ], [ 77.5413943, 12.9689636 ], [ 77.5404859, 12.9689974 ], [ 77.540431, 12.9695372 ], [ 77.5403834, 12.9700546 ], [ 77.5403188, 12.9705901 ], [ 77.5418221, 12.9701929 ] ] ] ] } },
{ "type": "Feature", "properties": { "fid": 10181, "KGISVillageID": 15131, "Category": "Settlement", "Kharab": "SETTLEMENT", "Surveynumber_Old": "SETTLEMENT", "KGISVill_2": "Karithimmanahalli" }, "geometry": { "type": "MultiPolygon", "coordinates": [ [ [ [ 77.552426, 12.9546225 ], [ 77.552495, 12.9551331 ], [ 77.5528024, 12.9550632 ], [ 77.5529987, 12.9548126 ], [ 77.5533382, 12.9547908 ], [ 77.5531756, 12.9541692 ], [ 77.5531663, 12.9538253 ], [ 77.5530005, 12.9534587 ], [ 77.5526966, 12.9535298 ], [ 77.5526691, 12.9534861 ], [ 77.5526158, 12.9534013 ], [ 77.552351, 12.9534345 ], [ 77.5523699, 12.95357 ], [ 77.5520315, 12.9536594 ], [ 77.5521209, 12.9538173 ], [ 77.5519893, 12.9539161 ], [ 77.5521608, 12.9541792 ], [ 77.5522189, 12.9542573 ], [ 77.5524027, 12.9545028 ], [ 77.552426, 12.9546225 ] ] ] ] } },
{ "type": "Feature", "properties": { "fid": 10224, "KGISVillageID": 15702, "Category": "Settlement", "Kharab": "SETTLEMENT", "Surveynumber_Old": "SETTLEMENT", "KGISVill_2": "Karisandra" }, "geometry": { "type": "MultiPolygon", "coordinates": [ [ [ [ 77.5711958, 12.9247763 ], [ 77.5715154, 12.9247984 ], [ 77.5714998, 12.9244355 ], [ 77.5713738, 12.9242781 ], [ 77.5712866, 12.9239061 ], [ 77.571143, 12.9239445 ], [ 77.5706591, 12.9240825 ], [ 77.5706702, 12.9243442 ], [ 77.570808, 12.9247491 ], [ 77.5711958, 12.9247763 ] ] ] ] } },
{ "type": "Feature", "properties": { "fid": 10299, "KGISVillageID": 15707, "Category": "Settlement", "Kharab": "SETTLEMENT", "Surveynumber_Old": "SETTLEMENT", "KGISVill_2": "Marenahalli" }, "geometry": { "type": "MultiPolygon", "coordinates": [ [ [ [ 77.5879312, 12.9156312 ], [ 77.5875973, 12.9155008 ], [ 77.5875974, 12.9154925 ], [ 77.5875982, 12.9154028 ], [ 77.5876026, 12.9148117 ], [ 77.5879265, 12.9144459 ], [ 77.5880106, 12.9138133 ], [ 77.5879171, 12.9138316 ], [ 77.5878411, 12.9138465 ], [ 77.5878192, 12.9138508 ], [ 77.5871196, 12.9138758 ], [ 77.5862961, 12.9139341 ], [ 77.5862048, 12.9139421 ], [ 77.5861124, 12.9150259 ], [ 77.5861064, 12.9151017 ], [ 77.5860707, 12.9155701 ], [ 77.5868845, 12.9156716 ], [ 77.587513, 12.9157252 ], [ 77.5879312, 12.9156312 ] ] ] ] } },
{ "type": "Feature", "properties": { "fid": 10304, "KGISVillageID": 15707, "Category": "Settlement", "Kharab": "PALYA", "Surveynumber_Old": "PALYA", "KGISVill_2": "Marenahalli" }, "geometry": { "type": "MultiPolygon", "coordinates": [ [ [ [ 77.5896951, 12.911625 ], [ 77.5896925, 12.9111471 ], [ 77.5898444, 12.9111372 ], [ 77.5898055, 12.9105699 ], [ 77.5896739, 12.9103606 ], [ 77.5889278, 12.910238 ], [ 77.5887605, 12.9102015 ], [ 77.5886849, 12.9101835 ], [ 77.5886852, 12.9102466 ], [ 77.5886857, 12.9103317 ], [ 77.588685, 12.9116281 ], [ 77.5896695, 12.9119412 ], [ 77.5896951, 12.911625 ] ] ] ] } },
{ "type": "Feature", "properties": { "fid": 10373, "KGISVillageID": 15545, "Category": "Settlement", "Kharab": "PALYA_PUTTAPPANAPALYA", "Surveynumber_Old": "PALYA_PUTTAPPANAPALYA", "KGISVill_2": "Tavarekere" }, "geometry": { "type": "MultiPolygon", "coordinates": [ [ [ [ 77.5940016, 12.9199741 ], [ 77.5943066, 12.9198555 ], [ 77.5943827, 12.9195016 ], [ 77.5944837, 12.9188946 ], [ 77.5940009, 12.9188445 ], [ 77.5939118, 12.9188342 ], [ 77.5938544, 12.9188273 ], [ 77.5931733, 12.9187616 ], [ 77.5929622, 12.9195629 ], [ 77.5932245, 12.9197604 ], [ 77.5935367, 12.919794 ], [ 77.593539, 12.9203604 ], [ 77.5936062, 12.9203844 ], [ 77.593949, 12.9205065 ], [ 77.5940016, 12.9199741 ] ] ] ] } },
{ "type": "Feature", "properties": { "fid": 10479, "KGISVillageID": 15532, "Category": "Settlement", "Kharab": "MAJARE", "Surveynumber_Old": "MAJARE", "KGISVill_2": "K.G.Nyanappanashetty Palya" }, "geometry": { "type": "MultiPolygon", "coordinates": [ [ [ [ 77.5981143, 12.9083591 ], [ 77.598123, 12.9082957 ], [ 77.5981311, 12.9082367 ], [ 77.598147, 12.9081213 ], [ 77.5983714, 12.9081439 ], [ 77.5984412, 12.9079703 ], [ 77.5982351, 12.9079036 ], [ 77.5980017, 12.9078473 ], [ 77.5975752, 12.9077781 ], [ 77.5972486, 12.907737 ], [ 77.5972463, 12.9078848 ], [ 77.5972586, 12.9082338 ], [ 77.5975405, 12.9082706 ], [ 77.5978033, 12.9083104 ], [ 77.5981143, 12.9083591 ] ] ] ] } },
{ "type": "Feature", "properties": { "fid": 10540, "KGISVillageID": 15508, "Category": "Settlement", "Kharab": "MAJARE", "Surveynumber_Old": "MAJARE", "KGISVill_2": "Bilekahalli" }, "geometry": { "type": "MultiPolygon", "coordinates": [ [ [ [ 77.5988408, 12.900379 ], [ 77.5990583, 12.9002507 ], [ 77.5990707, 12.900163 ], [ 77.5990447, 12.9000883 ], [ 77.5990126, 12.8999963 ], [ 77.5988387, 12.8994964 ], [ 77.5986885, 12.8995356 ], [ 77.5985427, 12.8995739 ], [ 77.5977049, 12.8997973 ], [ 77.5980532, 12.9006717 ], [ 77.5988408, 12.900379 ] ] ] ] } },
{ "type": "Feature", "properties": { "fid": 10567, "KGISVillageID": 15541, "Category": "Settlement", "Kharab": "SETTLEMENT", "Surveynumber_Old": "SETTLEMENT", "KGISVill_2": "Sarakki Agrahara" }, "geometry": { "type": "MultiPolygon", "coordinates": [ [ [ [ 77.5915749, 12.9069252 ], [ 77.5916568, 12.9066025 ], [ 77.5916708, 12.9065479 ], [ 77.5917792, 12.9063361 ], [ 77.5918064, 12.9062169 ], [ 77.5917782, 12.9060756 ], [ 77.5916141, 12.9058568 ], [ 77.5912895, 12.905842 ], [ 77.5909594, 12.9059668 ], [ 77.5910946, 12.9065619 ], [ 77.5911233, 12.9072687 ], [ 77.5910988, 12.9074104 ], [ 77.5914689, 12.9073537 ], [ 77.5915749, 12.9069252 ] ] ] ] } },
{ "type": "Feature", "properties": { "fid": 10614, "KGISVillageID": 15709, "Category": "Settlement", "Kharab": "SETTLEMENT", "Surveynumber_Old": "SETTLEMENT", "KGISVill_2": "Puttenahalli" }, "geometry": { "type": "MultiPolygon", "coordinates": [ [ [ [ 77.5848276, 12.8968346 ], [ 77.5849419, 12.8965386 ], [ 77.5844959, 12.8965546 ], [ 77.5844152, 12.8964697 ], [ 77.5841442, 12.8964651 ], [ 77.584044, 12.8963349 ], [ 77.5837244, 12.8963578 ], [ 77.5836816, 12.8962704 ], [ 77.5840503, 12.8960807 ], [ 77.5841681, 12.8960191 ], [ 77.5836385, 12.8959477 ], [ 77.5836078, 12.8957388 ], [ 77.5834677, 12.8957552 ], [ 77.5833653, 12.8955944 ], [ 77.5831474, 12.8954847 ], [ 77.5830709, 12.8955901 ], [ 77.5828442, 12.895611 ], [ 77.5827028, 12.8955189 ], [ 77.5827059, 12.8957227 ], [ 77.5829178, 12.8958263 ], [ 77.5830148, 12.8968097 ], [ 77.5831276, 12.8968139 ], [ 77.5841333, 12.8968418 ], [ 77.5848276, 12.8968346 ] ] ] ] } },
{ "type": "Feature", "properties": { "fid": 10723, "KGISVillageID": 15711, "Category": "Settlement", "Kharab": "SETTLEMENT", "Surveynumber_Old": "SETTLEMENT", "KGISVill_2": "Sarakki" }, "geometry": { "type": "MultiPolygon", "coordinates": [ [ [ [ 77.579517, 12.9103805 ], [ 77.5798238, 12.9102726 ], [ 77.5800811, 12.9102478 ], [ 77.580147, 12.9098505 ], [ 77.5800251, 12.9096096 ], [ 77.5803158, 12.9092445 ], [ 77.579966, 12.9088436 ], [ 77.5800225, 12.9083644 ], [ 77.579797, 12.9084227 ], [ 77.5796713, 12.9086351 ], [ 77.579397, 12.9086251 ], [ 77.5793665, 12.9084589 ], [ 77.5791005, 12.908502 ], [ 77.5791438, 12.9086591 ], [ 77.5788062, 12.908662 ], [ 77.5786225, 12.9086634 ], [ 77.5786069, 12.9088244 ], [ 77.5782126, 12.9088525 ], [ 77.5779861, 12.9088661 ], [ 77.5777354, 12.908881 ], [ 77.5771848, 12.9090099 ], [ 77.5772724, 12.9091962 ], [ 77.5776828, 12.909127 ], [ 77.5777723, 12.9091118 ], [ 77.5779839, 12.9098291 ], [ 77.5783779, 12.9098227 ], [ 77.5783436, 12.9104631 ], [ 77.5791576, 12.9106862 ], [ 77.5795051, 12.9105583 ], [ 77.579517, 12.9103805 ] ] ] ] } },
{ "type": "Feature", "properties": { "fid": 10829, "KGISVillageID": 15693, "Category": "Settlement", "Kharab": "SETTLEMENT", "Surveynumber_Old": "SETTLEMENT", "KGISVill_2": "Jaraganahalli" }, "geometry": { "type": "MultiPolygon", "coordinates": [ [ [ [ 77.5763405, 12.9021605 ], [ 77.5763466, 12.9020858 ], [ 77.5763411, 12.9019625 ], [ 77.5763349, 12.9018262 ], [ 77.5763324, 12.9016932 ], [ 77.576332, 12.9016842 ], [ 77.5763161, 12.9013425 ], [ 77.5762858, 12.9010108 ], [ 77.5762875, 12.9009185 ], [ 77.5762897, 12.9007956 ], [ 77.5763131, 12.9004872 ], [ 77.5759568, 12.9002487 ], [ 77.5755347, 12.8999209 ], [ 77.5753807, 12.8998308 ], [ 77.5751146, 12.8998486 ], [ 77.5750155, 12.8999461 ], [ 77.5749798, 12.9001003 ], [ 77.5747858, 12.9001053 ], [ 77.5747065, 12.90028 ], [ 77.5746875, 12.900629 ], [ 77.5746225, 12.9007816 ], [ 77.5747108, 12.9013351 ], [ 77.574857, 12.9013381 ], [ 77.5750855, 12.9015987 ], [ 77.5751651, 12.9017317 ], [ 77.5752489, 12.9018825 ], [ 77.5755929, 12.901952 ], [ 77.5755999, 12.9020683 ], [ 77.5758194, 12.9021213 ], [ 77.5759163, 12.9021355 ], [ 77.576114, 12.9021385 ], [ 77.5763405, 12.9021605 ] ] ] ] } },
{ "type": "Feature", "properties": { "fid": 10857, "KGISVillageID": 15722, "Category": "Settlement", "Kharab": "SETTLEMENT", "Surveynumber_Old": "SETTLEMENT", "KGISVill_2": "Yalachenahalli" }, "geometry": { "type": "MultiPolygon", "coordinates": [ [ [ [ 77.5694314, 12.899486 ], [ 77.5699123, 12.899405 ], [ 77.5700819, 12.8992978 ], [ 77.5701565, 12.8992508 ], [ 77.5702801, 12.8991732 ], [ 77.5701924, 12.8988143 ], [ 77.5697519, 12.8983825 ], [ 77.569478, 12.8984672 ], [ 77.5693576, 12.8985837 ], [ 77.5693162, 12.898624 ], [ 77.5694314, 12.899486 ] ] ] ] } },
{ "type": "Feature", "properties": { "fid": 10965, "KGISVillageID": 15679, "Category": "Settlement", "Kharab": "SETTLEMENT", "Surveynumber_Old": "SETTLEMENT", "KGISVill_2": "Bikashipura" }, "geometry": { "type": "MultiPolygon", "coordinates": [ [ [ [ 77.5588992, 12.898179 ], [ 77.5589798, 12.8987036 ], [ 77.5593918, 12.8985712 ], [ 77.5593206, 12.898225 ], [ 77.5592861, 12.8980565 ], [ 77.5588992, 12.898179 ] ] ] ] } },
{ "type": "Feature", "properties": { "fid": 11002, "KGISVillageID": 15694, "Category": "Settlement", "Kharab": "PALYA", "Surveynumber_Old": "PALYA", "KGISVill_2": "K.G.Chikkakallasandra" }, "geometry": { "type": "MultiPolygon", "coordinates": [ [ [ [ 77.554649, 12.9095526 ], [ 77.5545094, 12.9094926 ], [ 77.5545339, 12.9093216 ], [ 77.5543459, 12.9090027 ], [ 77.5542838, 12.9090211 ], [ 77.5541247, 12.9090738 ], [ 77.554163, 12.9093048 ], [ 77.5541806, 12.9094115 ], [ 77.5542806, 12.909534 ], [ 77.55434, 12.9097517 ], [ 77.5544074, 12.90981 ], [ 77.5545545, 12.9097297 ], [ 77.5546887, 12.9097259 ], [ 77.5547361, 12.9097246 ], [ 77.554649, 12.9095526 ] ] ] ] } },
{ "type": "Feature", "properties": { "fid": 11003, "KGISVillageID": 15697, "Category": "Settlement", "Kharab": "MAJARE", "Surveynumber_Old": "MAJARE", "KGISVill_2": "K.G.Kadirenahalli" }, "geometry": { "type": "MultiPolygon", "coordinates": [ [ [ [ 77.5550678, 12.9095267 ], [ 77.55506, 12.9093695 ], [ 77.5548712, 12.9091944 ], [ 77.5547672, 12.9091846 ], [ 77.5546887, 12.9090783 ], [ 77.554349, 12.9090017 ], [ 77.5543459, 12.9090027 ], [ 77.5545339, 12.9093216 ], [ 77.5545094, 12.9094926 ], [ 77.554649, 12.9095526 ], [ 77.5547361, 12.9097246 ], [ 77.5549459, 12.9095969 ], [ 77.5550678, 12.9095267 ] ] ] ] } },
{ "type": "Feature", "properties": { "fid": 11187, "KGISVillageID": 15697, "Category": "Settlement", "Kharab": "SETTLEMENT", "Surveynumber_Old": "SETTLEMENT", "KGISVill_2": "K.G.Kadirenahalli" }, "geometry": { "type": "MultiPolygon", "coordinates": [ [ [ [ 77.5624613, 12.9176965 ], [ 77.5628963, 12.9175587 ], [ 77.5631075, 12.9176929 ], [ 77.5631644, 12.9176593 ], [ 77.5631136, 12.9174429 ], [ 77.5633966, 12.9173219 ], [ 77.5632792, 12.9170907 ], [ 77.5631642, 12.9166409 ], [ 77.5630126, 12.9165935 ], [ 77.5629859, 12.9164571 ], [ 77.56297, 12.9163758 ], [ 77.5629608, 12.916329 ], [ 77.5624121, 12.9162541 ], [ 77.562092, 12.9164003 ], [ 77.5619554, 12.9162089 ], [ 77.5618024, 12.9162738 ], [ 77.5616791, 12.9163189 ], [ 77.5617827, 12.9165587 ], [ 77.5621527, 12.9169447 ], [ 77.5623047, 12.917887 ], [ 77.5624089, 12.9178511 ], [ 77.5624613, 12.9176965 ] ] ] ] } },
{ "type": "Feature", "properties": { "fid": 11228, "KGISVillageID": 15696, "Category": "Settlement", "Kharab": "SETTLEMENT", "Surveynumber_Old": "SETTLEMENT", "KGISVill_2": "K.G.Gopinayakanahalli" }, "geometry": { "type": "MultiPolygon", "coordinates": [ [ [ [ 77.565298, 12.9106844 ], [ 77.5655337, 12.9105804 ], [ 77.5655332, 12.910578 ], [ 77.5655416, 12.9104741 ], [ 77.5655526, 12.9103599 ], [ 77.5655595, 12.9102876 ], [ 77.5656037, 12.9094858 ], [ 77.5654712, 12.9095304 ], [ 77.5649066, 12.9097206 ], [ 77.5644373, 12.9098132 ], [ 77.5643782, 12.9106882 ], [ 77.565298, 12.9106844 ] ] ] ] } },
{ "type": "Feature", "properties": { "fid": 11327, "KGISVillageID": 15099, "Category": "Settlement", "Kharab": "MAJARE", "Surveynumber_Old": "MAJARE", "KGISVill_2": "Gavipura" }, "geometry": { "type": "MultiPolygon", "coordinates": [ [ [ [ 77.5536746, 12.9445175 ], [ 77.5529988, 12.9444796 ], [ 77.5528448, 12.9446074 ], [ 77.5527412, 12.9448083 ], [ 77.5527395, 12.9450085 ], [ 77.5529769, 12.9452121 ], [ 77.5537809, 12.9452312 ], [ 77.5536746, 12.9445175 ] ] ] ] } },
{ "type": "Feature", "properties": { "fid": 11446, "KGISVillageID": 15698, "Category": "Settlement", "Kharab": "SETTLEMENT", "Surveynumber_Old": "SETTLEMENT", "KGISVill_2": "K.G.Kattariguppe" }, "geometry": { "type": "MultiPolygon", "coordinates": [ [ [ [ 77.5533357, 12.9291402 ], [ 77.5534723, 12.9291974 ], [ 77.5535062, 12.9291179 ], [ 77.5535678, 12.9289734 ], [ 77.5535961, 12.9289069 ], [ 77.5537044, 12.9286517 ], [ 77.55358, 12.9286665 ], [ 77.5535865, 12.9286107 ], [ 77.5535921, 12.9285622 ], [ 77.5535954, 12.9285346 ], [ 77.5533597, 12.9286118 ], [ 77.5532978, 12.9283246 ], [ 77.5531741, 12.9283447 ], [ 77.5531356, 12.928173 ], [ 77.553039, 12.9275685 ], [ 77.5529127, 12.9275477 ], [ 77.5529789, 12.9271151 ], [ 77.5527716, 12.9271694 ], [ 77.5526152, 12.9271999 ], [ 77.5524909, 12.9273699 ], [ 77.5520361, 12.9274296 ], [ 77.5519625, 12.9275016 ], [ 77.5517993, 12.9280474 ], [ 77.552001, 12.9280385 ], [ 77.5520171, 12.9282046 ], [ 77.552109, 12.9281806 ], [ 77.5521406, 12.9283807 ], [ 77.5523008, 12.9283636 ], [ 77.552438, 12.9284126 ], [ 77.5524819, 12.9285721 ], [ 77.5528346, 12.9285449 ], [ 77.5529919, 12.9289052 ], [ 77.5530131, 12.9291875 ], [ 77.5533357, 12.9291402 ] ] ] ] } },
{ "type": "Feature", "properties": { "fid": 11483, "KGISVillageID": 15689, "Category": "Settlement", "Kharab": "SETTLEMENT", "Surveynumber_Old": "SETTLEMENT", "KGISVill_2": "Ittamadu" }, "geometry": { "type": "MultiPolygon", "coordinates": [ [ [ [ 77.5452363, 12.9235494 ], [ 77.5451617, 12.9232894 ], [ 77.5450777, 12.9231729 ], [ 77.5448545, 12.9231986 ], [ 77.5448448, 12.9235635 ], [ 77.5451138, 12.9236828 ], [ 77.5452363, 12.9235494 ] ] ] ] } },
{ "type": "Feature", "properties": { "fid": 11484, "KGISVillageID": 15689, "Category": "Settlement", "Kharab": "SETTLEMENT", "Surveynumber_Old": "SETTLEMENT", "KGISVill_2": "Ittamadu" }, "geometry": { "type": "MultiPolygon", "coordinates": [ [ [ [ 77.545561, 12.9234664 ], [ 77.545438, 12.923481 ], [ 77.5454476, 12.9236638 ], [ 77.5454982, 12.923763 ], [ 77.5455145, 12.9239568 ], [ 77.5458379, 12.924107 ], [ 77.5458454, 12.9239812 ], [ 77.5458669, 12.9234009 ], [ 77.5455613, 12.9233391 ], [ 77.545561, 12.9234664 ] ] ] ] } },
{ "type": "Feature", "properties": { "fid": 11553, "KGISVillageID": 15678, "Category": "Settlement", "Kharab": "SETTLEMENT", "Surveynumber_Old": "SETTLEMENT", "KGISVill_2": "Avalahalli" }, "geometry": { "type": "MultiPolygon", "coordinates": [ [ [ [ 77.5463424, 12.9464526 ], [ 77.5464931, 12.9463553 ], [ 77.5467878, 12.9463639 ], [ 77.5466958, 12.9456774 ], [ 77.5466721, 12.9455009 ], [ 77.5464406, 12.9456003 ], [ 77.546404, 12.9454973 ], [ 77.546265, 12.9450322 ], [ 77.5461563, 12.945129 ], [ 77.5461276, 12.9452381 ], [ 77.5458461, 12.9449941 ], [ 77.5456789, 12.9449169 ], [ 77.5455192, 12.9449201 ], [ 77.5454518, 12.9450743 ], [ 77.545603, 12.945293 ], [ 77.5452411, 12.9453786 ], [ 77.5453404, 12.9456396 ], [ 77.545535, 12.9460787 ], [ 77.5455924, 12.9463036 ], [ 77.5457338, 12.9462887 ], [ 77.5457459, 12.9464897 ], [ 77.5458776, 12.946396 ], [ 77.5460508, 12.9464426 ], [ 77.5463424, 12.9464526 ] ] ] ] } },
{ "type": "Feature", "properties": { "fid": 11568, "KGISVillageID": 15084, "Category": "Settlement", "Kharab": "SETTLEMENT", "Surveynumber_Old": "SETTLEMENT", "KGISVill_2": "Byatarayanapura" }, "geometry": { "type": "MultiPolygon", "coordinates": [ [ [ [ 77.5431125, 12.9485551 ], [ 77.5430631, 12.9484809 ], [ 77.5428417, 12.9480468 ], [ 77.5428126, 12.9479896 ], [ 77.5427792, 12.9480007 ], [ 77.5424771, 12.9481008 ], [ 77.5422337, 12.9481449 ], [ 77.5421617, 12.9481575 ], [ 77.54217, 12.9482663 ], [ 77.5419202, 12.9485257 ], [ 77.5421203, 12.9490475 ], [ 77.5424146, 12.949032 ], [ 77.5426283, 12.9489542 ], [ 77.5427323, 12.9489213 ], [ 77.5428983, 12.9489138 ], [ 77.5428839, 12.9487549 ], [ 77.543151, 12.9486721 ], [ 77.5431125, 12.9485551 ] ] ] ] } },
{ "type": "Feature", "properties": { "fid": 11707, "KGISVillageID": 15688, "Category": "Settlement", "Kharab": "SETTLEMENT", "Surveynumber_Old": "SETTLEMENT", "KGISVill_2": "Hosakerehalli" }, "geometry": { "type": "MultiPolygon", "coordinates": [ [ [ [ 77.537195, 12.9296958 ], [ 77.5375589, 12.9297032 ], [ 77.5374608, 12.9295279 ], [ 77.537889, 12.9294902 ], [ 77.5381175, 12.9294685 ], [ 77.5382116, 12.9295355 ], [ 77.5382762, 12.9294741 ], [ 77.5383182, 12.9293992 ], [ 77.5382969, 12.9292262 ], [ 77.538271, 12.929119 ], [ 77.5380867, 12.9291566 ], [ 77.5379038, 12.928799 ], [ 77.5379795, 12.9287777 ], [ 77.5379337, 12.9286061 ], [ 77.5376465, 12.9285605 ], [ 77.5370012, 12.9286412 ], [ 77.5366659, 12.92872 ], [ 77.5366385, 12.9287898 ], [ 77.5366633, 12.9292241 ], [ 77.5368872, 12.9293882 ], [ 77.5370243, 12.929419 ], [ 77.537036, 12.9297613 ], [ 77.537195, 12.9296958 ] ] ] ] } },
{ "type": "Feature", "properties": { "fid": 11768, "KGISVillageID": 15719, "Category": "Settlement", "Kharab": "SETTLEMENT", "Surveynumber_Old": "SETTLEMENT", "KGISVill_2": "Vaddarapalya" }, "geometry": { "type": "MultiPolygon", "coordinates": [ [ [ [ 77.538649, 12.9111602 ], [ 77.538662, 12.910838 ], [ 77.5386091, 12.9107211 ], [ 77.5386455, 12.9106794 ], [ 77.5386543, 12.9105519 ], [ 77.5385005, 12.9104817 ], [ 77.5379035, 12.9102107 ], [ 77.537797, 12.9100037 ], [ 77.5377015, 12.9100376 ], [ 77.5377182, 12.910152 ], [ 77.5375814, 12.9101843 ], [ 77.5375151, 12.910078 ], [ 77.5372771, 12.9100955 ], [ 77.5371849, 12.9102702 ], [ 77.5374551, 12.9103844 ], [ 77.5374654, 12.9104475 ], [ 77.5374968, 12.9106443 ], [ 77.5374103, 12.9110098 ], [ 77.5377069, 12.9110004 ], [ 77.5378155, 12.9110998 ], [ 77.5380403, 12.9110695 ], [ 77.538101, 12.9111557 ], [ 77.5383848, 12.9111529 ], [ 77.5385084, 12.9112531 ], [ 77.538649, 12.9111602 ] ] ] ] } },
{ "type": "Feature", "properties": { "fid": 11770, "KGISVillageID": 15677, "Category": "Settlement", "Kharab": "SETTLEMENT", "Surveynumber_Old": "SETTLEMENT", "KGISVill_2": "Arehalli" }, "geometry": { "type": "MultiPolygon", "coordinates": [ [ [ [ 77.5389495, 12.9123171 ], [ 77.5390044, 12.9122575 ], [ 77.5391905, 12.9120556 ], [ 77.5393694, 12.9119442 ], [ 77.5390811, 12.9116935 ], [ 77.5387184, 12.9114649 ], [ 77.538649, 12.9111602 ], [ 77.5385084, 12.9112531 ], [ 77.5386041, 12.9116161 ], [ 77.5381647, 12.9117961 ], [ 77.5381976, 12.9120198 ], [ 77.538499, 12.912336 ], [ 77.5386666, 12.9124041 ], [ 77.5388472, 12.9125676 ], [ 77.5390573, 12.9125044 ], [ 77.5389495, 12.9123171 ] ] ] ] } },
{ "type": "Feature", "properties": { "fid": 11857, "KGISVillageID": 15694, "Category": "Settlement", "Kharab": "SETTLEMENT", "Surveynumber_Old": "SETTLEMENT", "KGISVill_2": "K.G.Chikkakallasandra" }, "geometry": { "type": "MultiPolygon", "coordinates": [ [ [ [ 77.5507394, 12.9143446 ], [ 77.5503643, 12.9143896 ], [ 77.5503048, 12.9143949 ], [ 77.5500907, 12.9144142 ], [ 77.5500252, 12.9142793 ], [ 77.5498389, 12.9142018 ], [ 77.5495494, 12.914226 ], [ 77.5495066, 12.9142443 ], [ 77.5494063, 12.9143502 ], [ 77.5493109, 12.9144861 ], [ 77.5494766, 12.9144935 ], [ 77.5495052, 12.9150161 ], [ 77.5495097, 12.9150988 ], [ 77.5501862, 12.9149917 ], [ 77.5504918, 12.9150468 ], [ 77.550836, 12.9150156 ], [ 77.5507394, 12.9143446 ] ] ] ] } },
{ "type": "Feature", "properties": { "fid": 11884, "KGISVillageID": 15717, "Category": "Settlement", "Kharab": "SETTLEMENT", "Surveynumber_Old": "SETTLEMENT", "KGISVill_2": "Uttarahalli" }, "geometry": { "type": "MultiPolygon", "coordinates": [ [ [ [ 77.5431098, 12.9054689 ], [ 77.5432955, 12.9052651 ], [ 77.543302, 12.9050678 ], [ 77.543163, 12.9050304 ], [ 77.5428682, 12.9047122 ], [ 77.542718, 12.9043116 ], [ 77.5424986, 12.9039772 ], [ 77.5421754, 12.9041391 ], [ 77.541603, 12.904427 ], [ 77.5416431, 12.9047191 ], [ 77.5415396, 12.9047915 ], [ 77.5416405, 12.9050302 ], [ 77.5417311, 12.9049877 ], [ 77.5418118, 12.9051154 ], [ 77.5415892, 12.9052031 ], [ 77.5417055, 12.9053534 ], [ 77.5416031, 12.9053977 ], [ 77.5417264, 12.9058062 ], [ 77.5417845, 12.9059348 ], [ 77.5423004, 12.9058164 ], [ 77.5424424, 12.9058765 ], [ 77.5426539, 12.9058563 ], [ 77.5427312, 12.9058489 ], [ 77.5431098, 12.9054689 ] ] ] ] } },
{ "type": "Feature", "properties": { "fid": 11950, "KGISVillageID": 15716, "Category": "Settlement", "Kharab": "SETTLEMENT", "Surveynumber_Old": "SETTLEMENT", "KGISVill_2": "Thurahalli" }, "geometry": { "type": "MultiPolygon", "coordinates": [ [ [ [ 77.5367708, 12.8979232 ], [ 77.5369416, 12.8980283 ], [ 77.5371131, 12.897875 ], [ 77.5371882, 12.8980061 ], [ 77.5374239, 12.8979261 ], [ 77.5373818, 12.8976143 ], [ 77.5374259, 12.8974749 ], [ 77.5374338, 12.8974502 ], [ 77.5373004, 12.8971749 ], [ 77.5366756, 12.8973985 ], [ 77.5367708, 12.8979232 ] ] ] ] } },
{ "type": "Feature", "properties": { "fid": 12013, "KGISVillageID": 15717, "Category": "Settlement", "Kharab": "SETTLEMENT", "Surveynumber_Old": "SETTLEMENT", "KGISVill_2": "Uttarahalli" }, "geometry": { "type": "MultiPolygon", "coordinates": [ [ [ [ 77.5344295, 12.9026978 ], [ 77.5343617, 12.9024873 ], [ 77.5341376, 12.9024747 ], [ 77.5340934, 12.9024762 ], [ 77.5337942, 12.9024861 ], [ 77.5339448, 12.9029565 ], [ 77.5341443, 12.9029848 ], [ 77.5343689, 12.9028237 ], [ 77.5344295, 12.9026978 ] ] ] ] } },
{ "type": "Feature", "properties": { "fid": 12033, "KGISVillageID": 15716, "Category": "Settlement", "Kharab": "SETTLEMENT", "Surveynumber_Old": "SETTLEMENT", "KGISVill_2": "Thurahalli" }, "geometry": { "type": "MultiPolygon", "coordinates": [ [ [ [ 77.5361945, 12.8969729 ], [ 77.5362557, 12.8968056 ], [ 77.5362049, 12.896707 ], [ 77.5362675, 12.89667 ], [ 77.5362368, 12.8965171 ], [ 77.5361488, 12.896556 ], [ 77.5357398, 12.8967353 ], [ 77.5355752, 12.8967984 ], [ 77.5355869, 12.8970361 ], [ 77.5356288, 12.8973519 ], [ 77.5359092, 12.8973113 ], [ 77.5362317, 12.8971707 ], [ 77.5361945, 12.8969729 ] ] ] ] } },
{ "type": "Feature", "properties": { "fid": 12186, "KGISVillageID": 15570, "Category": "Settlement", "Kharab": "SETTLEMENT_GATTIGERE", "Surveynumber_Old": "SETTLEMENT_GATTIGERE", "KGISVill_2": "J.I.Halage Vaderahalli" }, "geometry": { "type": "MultiPolygon", "coordinates": [ [ [ [ 77.5238251, 12.9208086 ], [ 77.5235599, 12.9207116 ], [ 77.5235158, 12.9203109 ], [ 77.5236931, 12.9203613 ], [ 77.5237579, 12.9202453 ], [ 77.5237326, 12.9200541 ], [ 77.523882, 12.919814 ], [ 77.523961, 12.9194438 ], [ 77.5242482, 12.9191093 ], [ 77.5242959, 12.9187591 ], [ 77.5242654, 12.9182426 ], [ 77.5245239, 12.9179355 ], [ 77.5237514, 12.9180173 ], [ 77.523875, 12.91848 ], [ 77.5237364, 12.918998 ], [ 77.5229661, 12.9191474 ], [ 77.5227882, 12.919198 ], [ 77.5226232, 12.9193536 ], [ 77.5226407, 12.9194052 ], [ 77.5227029, 12.9195887 ], [ 77.5225831, 12.9196276 ], [ 77.5226729, 12.9198636 ], [ 77.5227758, 12.9198386 ], [ 77.5228106, 12.9201003 ], [ 77.5229294, 12.9201073 ], [ 77.5229767, 12.920256 ], [ 77.5231124, 12.9202446 ], [ 77.5231472, 12.9209128 ], [ 77.5235925, 12.9209066 ], [ 77.5238251, 12.9208086 ] ] ] ] } },
{ "type": "Feature", "properties": { "fid": 12248, "KGISVillageID": 15681, "Category": "Settlement", "Kharab": "SETTLEMENT", "Surveynumber_Old": "SETTLEMENT", "KGISVill_2": "Channasandra" }, "geometry": { "type": "MultiPolygon", "coordinates": [ [ [ [ 77.5205734, 12.901972 ], [ 77.5205837, 12.9020956 ], [ 77.5210835, 12.9019459 ], [ 77.5211688, 12.9015655 ], [ 77.5210288, 12.9013614 ], [ 77.5207707, 12.9011872 ], [ 77.5206118, 12.9009628 ], [ 77.5205142, 12.9008251 ], [ 77.5204093, 12.9008912 ], [ 77.5202171, 12.9009582 ], [ 77.5201462, 12.9011049 ], [ 77.5202552, 12.9012768 ], [ 77.5201438, 12.9014371 ], [ 77.5202105, 12.9017347 ], [ 77.5202343, 12.9018409 ], [ 77.5205734, 12.901972 ] ] ] ] } },
{ "type": "Feature", "properties": { "fid": 12278, "KGISVillageID": 15593, "Category": "Settlement", "Kharab": "SETTLEMENT", "Surveynumber_Old": "SETTLEMENT", "KGISVill_2": "Nayandahalli" }, "geometry": { "type": "MultiPolygon", "coordinates": [ [ [ [ 77.5236302, 12.9447664 ], [ 77.5241456, 12.9444523 ], [ 77.5235547, 12.9446228 ], [ 77.5231167, 12.9445844 ], [ 77.5231253, 12.9443601 ], [ 77.5227659, 12.9443589 ], [ 77.5224787, 12.9440424 ], [ 77.5226318, 12.9439267 ], [ 77.5226212, 12.9438351 ], [ 77.5225835, 12.9435092 ], [ 77.5223266, 12.9434172 ], [ 77.5222476, 12.943421 ], [ 77.5220917, 12.9434286 ], [ 77.5219537, 12.9431559 ], [ 77.5214577, 12.9431487 ], [ 77.5214243, 12.9432923 ], [ 77.5212333, 12.9433707 ], [ 77.521108, 12.9437834 ], [ 77.5212939, 12.9443006 ], [ 77.5214102, 12.944557 ], [ 77.5215971, 12.9445789 ], [ 77.5215991, 12.9444515 ], [ 77.5217919, 12.9444448 ], [ 77.52191, 12.9444406 ], [ 77.5219444, 12.9446764 ], [ 77.5220083, 12.9446402 ], [ 77.5221827, 12.9445413 ], [ 77.5223651, 12.9447676 ], [ 77.5229809, 12.9448268 ], [ 77.5236302, 12.9447664 ] ] ] ] } },
{ "type": "Feature", "properties": { "fid": 12502, "KGISVillageID": 15578, "Category": "Settlement", "Kharab": "SETTLEMENT", "Surveynumber_Old": "SETTLEMENT", "KGISVill_2": "K.G.Pantharapalya" }, "geometry": { "type": "MultiPolygon", "coordinates": [ [ [ [ 77.5273305, 12.9436321 ], [ 77.5272282, 12.9433178 ], [ 77.5273081, 12.9432023 ], [ 77.5272305, 12.942999 ], [ 77.5270794, 12.9430435 ], [ 77.5269511, 12.9427947 ], [ 77.5268342, 12.9425686 ], [ 77.5266762, 12.9425782 ], [ 77.5265906, 12.9422259 ], [ 77.5263025, 12.9423325 ], [ 77.5259113, 12.9424266 ], [ 77.5270528, 12.9437675 ], [ 77.5273305, 12.9436321 ] ] ] ] } },
{ "type": "Feature", "properties": { "fid": 12503, "KGISVillageID": 15593, "Category": "Settlement", "Kharab": "SETTLEMENT", "Surveynumber_Old": "SETTLEMENT", "KGISVill_2": "Nayandahalli" }, "geometry": { "type": "MultiPolygon", "coordinates": [ [ [ [ 77.5261683, 12.9435907 ], [ 77.5255231, 12.9426507 ], [ 77.5250655, 12.9419875 ], [ 77.5247063, 12.942818 ], [ 77.5246588, 12.9429252 ], [ 77.5246513, 12.9429421 ], [ 77.5250666, 12.9436634 ], [ 77.5257461, 12.9441772 ], [ 77.5263579, 12.9438669 ], [ 77.5261683, 12.9435907 ] ] ] ] } },
{ "type": "Feature", "properties": { "fid": 12563, "KGISVillageID": 15116, "Category": "Settlement", "Kharab": "MAJARE_ATHIGUPEE", "Surveynumber_Old": "MAJARE_ATHIGUPEE", "KGISVill_2": "J.I.Kempapura Agrahara" }, "geometry": { "type": "MultiPolygon", "coordinates": [ [ [ [ 77.5328471, 12.959366 ], [ 77.5329209, 12.9590151 ], [ 77.5329595, 12.9589472 ], [ 77.5330332, 12.958746 ], [ 77.5329451, 12.957747 ], [ 77.5326167, 12.9577912 ], [ 77.5326255, 12.9573866 ], [ 77.5318817, 12.957617 ], [ 77.5317238, 12.95742 ], [ 77.5312984, 12.9575757 ], [ 77.5313872, 12.9580184 ], [ 77.5314762, 12.9581898 ], [ 77.5313287, 12.9582467 ], [ 77.5312297, 12.9582665 ], [ 77.5311497, 12.9583218 ], [ 77.5311928, 12.9584282 ], [ 77.5313625, 12.9583953 ], [ 77.5313896, 12.958553 ], [ 77.5315037, 12.95852 ], [ 77.5315756, 12.9588917 ], [ 77.5318251, 12.9598441 ], [ 77.5321827, 12.9597678 ], [ 77.5323542, 12.9597278 ], [ 77.5324365, 12.9599135 ], [ 77.5327648, 12.9597823 ], [ 77.5328471, 12.959366 ] ] ] ] } },
{ "type": "Feature", "properties": { "fid": 12693, "KGISVillageID": 15488, "Category": "Settlement", "Kharab": "PALYA", "Surveynumber_Old": "PALYA", "KGISVill_2": "Nagarabhavi" }, "geometry": { "type": "MultiPolygon", "coordinates": [ [ [ [ 77.5243918, 12.9692043 ], [ 77.5243563, 12.9690364 ], [ 77.5246377, 12.9690169 ], [ 77.5244598, 12.9683757 ], [ 77.5239663, 12.9682017 ], [ 77.5240012, 12.9687821 ], [ 77.5241265, 12.9692397 ], [ 77.5243918, 12.9692043 ] ] ] ] } },
{ "type": "Feature", "properties": { "fid": 12730, "KGISVillageID": 15116, "Category": "Settlement", "Kharab": "MAJARE_MHAREENAHALLI", "Surveynumber_Old": "MAJARE_MHAREENAHALLI", "KGISVill_2": "J.I.Kempapura Agrahara" }, "geometry": { "type": "MultiPolygon", "coordinates": [ [ [ [ 77.5321002, 12.9703865 ], [ 77.5322974, 12.9703387 ], [ 77.5323904, 12.9704682 ], [ 77.5325229, 12.9704187 ], [ 77.5327083, 12.970419 ], [ 77.5326098, 12.9702763 ], [ 77.5327767, 12.9702182 ], [ 77.532704, 12.9695246 ], [ 77.5324729, 12.9695205 ], [ 77.5324765, 12.9693939 ], [ 77.5322597, 12.9694305 ], [ 77.5320276, 12.969514 ], [ 77.5319199, 12.9695601 ], [ 77.5319451, 12.9692459 ], [ 77.5320226, 12.9690966 ], [ 77.5323522, 12.9690564 ], [ 77.5322611, 12.9688325 ], [ 77.5320807, 12.9688295 ], [ 77.5318761, 12.9689142 ], [ 77.531533, 12.9685442 ], [ 77.5309835, 12.9687652 ], [ 77.5310747, 12.9692252 ], [ 77.5308322, 12.9692838 ], [ 77.5309442, 12.9694212 ], [ 77.5307375, 12.969468 ], [ 77.5307646, 12.9697037 ], [ 77.5305643, 12.9698591 ], [ 77.5306606, 12.9701206 ], [ 77.5305735, 12.9701831 ], [ 77.530647, 12.9706615 ], [ 77.5312285, 12.9706056 ], [ 77.531246, 12.9707446 ], [ 77.5314297, 12.9706883 ], [ 77.5313967, 12.9710206 ], [ 77.5312764, 12.9714204 ], [ 77.5315349, 12.9713906 ], [ 77.5316809, 12.9713648 ], [ 77.5316971, 12.9711424 ], [ 77.5320814, 12.9710677 ], [ 77.5321762, 12.9710445 ], [ 77.532175, 12.9709594 ], [ 77.5321187, 12.9707272 ], [ 77.5321002, 12.9703865 ] ] ] ] } },
{ "type": "Feature", "properties": { "fid": 12799, "KGISVillageID": 15692, "Category": "Settlement", "Kharab": "SETTLEMENT", "Surveynumber_Old": "SETTLEMENT", "KGISVill_2": "J.I.Vasanthapura" }, "geometry": { "type": "MultiPolygon", "coordinates": [ [ [ [ 77.5528756, 12.8965264 ], [ 77.5529542, 12.8965059 ], [ 77.552763, 12.8958774 ], [ 77.5526064, 12.8952863 ], [ 77.5524995, 12.8950413 ], [ 77.5527336, 12.8949003 ], [ 77.5532275, 12.8948354 ], [ 77.5533668, 12.894817 ], [ 77.5538441, 12.8949093 ], [ 77.5543006, 12.8949394 ], [ 77.5543062, 12.8949265 ], [ 77.554335, 12.8948597 ], [ 77.5543428, 12.8948416 ], [ 77.5543403, 12.8948413 ], [ 77.5536773, 12.8947446 ], [ 77.5534525, 12.8945372 ], [ 77.5534959, 12.8947023 ], [ 77.5527101, 12.8948152 ], [ 77.5526718, 12.8946596 ], [ 77.5526489, 12.894435 ], [ 77.5526683, 12.8943908 ], [ 77.5526839, 12.8943556 ], [ 77.5524629, 12.894237 ], [ 77.5523851, 12.8936266 ], [ 77.5521257, 12.8936949 ], [ 77.5520804, 12.8935883 ], [ 77.5519743, 12.8936178 ], [ 77.5517227, 12.8936873 ], [ 77.5516902, 12.8936962 ], [ 77.5516581, 12.8937031 ], [ 77.5511999, 12.8938012 ], [ 77.5512675, 12.8949873 ], [ 77.5512862, 12.8950918 ], [ 77.5513785, 12.8953623 ], [ 77.5512513, 12.8960419 ], [ 77.5517406, 12.8962133 ], [ 77.5516838, 12.8963762 ], [ 77.5518712, 12.8966678 ], [ 77.55202, 12.8967028 ], [ 77.5521013, 12.8967179 ], [ 77.5528062, 12.8965446 ], [ 77.5528756, 12.8965264 ] ] ] ] } },
{ "type": "Feature", "properties": { "fid": 12831, "KGISVillageID": 15709, "Category": "Settlement", "Kharab": "MAJARE", "Surveynumber_Old": "MAJARE", "KGISVill_2": "Puttenahalli" }, "geometry": { "type": "MultiPolygon", "coordinates": [ [ [ [ 77.5808759, 12.8960302 ], [ 77.58109, 12.8956968 ], [ 77.581163, 12.8955409 ], [ 77.5806321, 12.8954578 ], [ 77.5805605, 12.895858 ], [ 77.5806957, 12.8959456 ], [ 77.5808759, 12.8960302 ] ] ] ] } },
{ "type": "Feature", "properties": { "fid": 12886, "KGISVillageID": 15518, "Category": "Settlement", "Kharab": "SETTLEMENT", "Surveynumber_Old": "SETTLEMENT", "KGISVill_2": "Hongasandra" }, "geometry": { "type": "MultiPolygon", "coordinates": [ [ [ [ 77.6248553, 12.8968839 ], [ 77.6254455, 12.8967852 ], [ 77.6255352, 12.8967703 ], [ 77.6254153, 12.8960339 ], [ 77.6255689, 12.8959754 ], [ 77.6255641, 12.8959207 ], [ 77.6255543, 12.8958095 ], [ 77.6254989, 12.8957177 ], [ 77.6254385, 12.8954989 ], [ 77.6252614, 12.8952688 ], [ 77.6249359, 12.895115 ], [ 77.6241856, 12.895244 ], [ 77.6243816, 12.8959192 ], [ 77.6244986, 12.8960805 ], [ 77.6246792, 12.8961763 ], [ 77.6247862, 12.8966272 ], [ 77.6248553, 12.8968839 ] ] ] ] } },
{ "type": "Feature", "properties": { "fid": 12907, "KGISVillageID": 15518, "Category": "Settlement", "Kharab": "MAJARE_GAREBAAVIPALYA", "Surveynumber_Old": "MAJARE_GAREBAAVIPALYA", "KGISVill_2": "Hongasandra" }, "geometry": { "type": "MultiPolygon", "coordinates": [ [ [ [ 77.6348735, 12.8936053 ], [ 77.6348068, 12.8944254 ], [ 77.6361126, 12.894574 ], [ 77.6360794, 12.8941331 ], [ 77.6360735, 12.8940564 ], [ 77.6360318, 12.8935262 ], [ 77.6348735, 12.8936053 ] ] ] ] } },
{ "type": "Feature", "properties": { "fid": 13005, "KGISVillageID": 15479, "Category": "Settlement", "Kharab": "SETTLEMENT", "Surveynumber_Old": "SETTLEMENT", "KGISVill_2": "Karihobanahalli" }, "geometry": { "type": "MultiPolygon", "coordinates": [ [ [ [ 77.4849212, 13.024133 ], [ 77.4849201, 13.0241334 ], [ 77.4846355, 13.0235352 ], [ 77.4839454, 13.0237386 ], [ 77.4837663, 13.0239467 ], [ 77.483642, 13.0241125 ], [ 77.4837128, 13.0245303 ], [ 77.4842135, 13.0250672 ], [ 77.4844594, 13.0250853 ], [ 77.4847985, 13.0250271 ], [ 77.4854133, 13.0248957 ], [ 77.4852767, 13.024464 ], [ 77.4851676, 13.0241324 ], [ 77.4849212, 13.024133 ] ] ] ] } },
{ "type": "Feature", "properties": { "fid": 13089, "KGISVillageID": 15479, "Category": "Settlement", "Kharab": "PALYA", "Surveynumber_Old": "PALYA", "KGISVill_2": "Karihobanahalli" }, "geometry": { "type": "MultiPolygon", "coordinates": [ [ [ [ 77.483871, 13.0169969 ], [ 77.4838669, 13.0168811 ], [ 77.4838794, 13.0162474 ], [ 77.4838456, 13.0158669 ], [ 77.482764, 13.0162601 ], [ 77.4828096, 13.0168626 ], [ 77.4830033, 13.0168612 ], [ 77.4830525, 13.0171406 ], [ 77.483871, 13.0169969 ] ] ] ] } },
{ "type": "Feature", "properties": { "fid": 13119, "KGISVillageID": 15484, "Category": "Settlement", "Kharab": "SETTLEMENT", "Surveynumber_Old": "SETTLEMENT", "KGISVill_2": "Lingadeeranahalli" }, "geometry": { "type": "MultiPolygon", "coordinates": [ [ [ [ 77.4802821, 13.003763 ], [ 77.4802707, 13.0036927 ], [ 77.4802184, 13.0034285 ], [ 77.4807278, 13.0033567 ], [ 77.4807225, 13.0030951 ], [ 77.4812481, 13.0030098 ], [ 77.4811899, 13.0027874 ], [ 77.4801742, 13.0030661 ], [ 77.4796533, 13.0032081 ], [ 77.4796725, 13.0039481 ], [ 77.4803156, 13.0039641 ], [ 77.4802821, 13.003763 ] ] ] ] } },
{ "type": "Feature", "properties": { "fid": 13133, "KGISVillageID": 15471, "Category": "Settlement", "Kharab": "SETTLEMENT", "Surveynumber_Old": "SETTLEMENT", "KGISVill_2": "K.G.Handrahalli" }, "geometry": { "type": "MultiPolygon", "coordinates": [ [ [ [ 77.4828661, 13.0096065 ], [ 77.4829767, 13.0094169 ], [ 77.4832299, 13.0093177 ], [ 77.483296, 13.0094027 ], [ 77.4835007, 13.0093478 ], [ 77.4834739, 13.00916 ], [ 77.4834762, 13.008992 ], [ 77.4835427, 13.0086637 ], [ 77.4837587, 13.0085834 ], [ 77.4839859, 13.0084196 ], [ 77.4839295, 13.0082382 ], [ 77.4838263, 13.0083136 ], [ 77.4836303, 13.0082749 ], [ 77.4834895, 13.0082069 ], [ 77.4834196, 13.0080507 ], [ 77.4832636, 13.0080835 ], [ 77.4832218, 13.0076982 ], [ 77.4831705, 13.0075854 ], [ 77.4829833, 13.0075677 ], [ 77.4829737, 13.0074381 ], [ 77.4824508, 13.007231 ], [ 77.4821831, 13.0073043 ], [ 77.4821086, 13.0073225 ], [ 77.4820805, 13.0075285 ], [ 77.4820093, 13.0079892 ], [ 77.4821117, 13.0081979 ], [ 77.4816871, 13.0083219 ], [ 77.4813679, 13.0083191 ], [ 77.480879, 13.0084103 ], [ 77.4809699, 13.0088104 ], [ 77.481023, 13.0088983 ], [ 77.4814616, 13.0086171 ], [ 77.4814946, 13.0086191 ], [ 77.4817279, 13.0089989 ], [ 77.4817768, 13.0090536 ], [ 77.4819208, 13.009008 ], [ 77.4821286, 13.0092829 ], [ 77.4822813, 13.0092334 ], [ 77.4823564, 13.0095396 ], [ 77.4824866, 13.0094997 ], [ 77.4825713, 13.0096106 ], [ 77.4826967, 13.0096531 ], [ 77.4828661, 13.0096065 ] ] ] ] } },
{ "type": "Feature", "properties": { "fid": 13271, "KGISVillageID": 15479, "Category": "Settlement", "Kharab": "PALYA", "Surveynumber_Old": "PALYA", "KGISVill_2": "Karihobanahalli" }, "geometry": { "type": "MultiPolygon", "coordinates": [ [ [ [ 77.4920252, 13.0204522 ], [ 77.492005, 13.0203334 ], [ 77.4914566, 13.0203656 ], [ 77.4914765, 13.020768 ], [ 77.4920591, 13.0208749 ], [ 77.4920252, 13.0204522 ] ] ] ] } },
{ "type": "Feature", "properties": { "fid": 13308, "KGISVillageID": 15461, "Category": "Settlement", "Kharab": "SETTLEMENT", "Surveynumber_Old": "SETTLEMENT", "KGISVill_2": "J.I.Doddabidarakallu" }, "geometry": { "type": "MultiPolygon", "coordinates": [ [ [ [ 77.4936589, 13.0361515 ], [ 77.4944491, 13.0361622 ], [ 77.494745, 13.0362206 ], [ 77.4946523, 13.0353854 ], [ 77.4945331, 13.0353103 ], [ 77.4942103, 13.0352386 ], [ 77.4939796, 13.0350674 ], [ 77.493536, 13.0350435 ], [ 77.4933543, 13.0350382 ], [ 77.4935022, 13.0351752 ], [ 77.4936258, 13.0357817 ], [ 77.4935407, 13.0361557 ], [ 77.4936589, 13.0361515 ] ] ] ] } },
{ "type": "Feature", "properties": { "fid": 13423, "KGISVillageID": 15461, "Category": "Settlement", "Kharab": "SETTLEMENT_THIPPANAHALLI", "Surveynumber_Old": "SETTLEMENT_THIPPANAHALLI", "KGISVill_2": "J.I.Doddabidarakallu" }, "geometry": { "type": "MultiPolygon", "coordinates": [ [ [ [ 77.4851629, 13.0357127 ], [ 77.4844383, 13.0357872 ], [ 77.484269, 13.0357899 ], [ 77.4841089, 13.0357757 ], [ 77.4840508, 13.0363261 ], [ 77.484113, 13.0365098 ], [ 77.4850483, 13.0365239 ], [ 77.4851629, 13.0357127 ] ] ] ] } },
{ "type": "Feature", "properties": { "fid": 13498, "KGISVillageID": 15461, "Category": "Settlement", "Kharab": "SETTLEMENT_MUUGALIPURA", "Surveynumber_Old": "SETTLEMENT_MUUGALIPURA", "KGISVill_2": "J.I.Doddabidarakallu" }, "geometry": { "type": "MultiPolygon", "coordinates": [ [ [ [ 77.4857183, 13.0437759 ], [ 77.4855304, 13.0432653 ], [ 77.4848257, 13.0434208 ], [ 77.4847175, 13.0429626 ], [ 77.4843774, 13.0428225 ], [ 77.4840328, 13.0428632 ], [ 77.4836515, 13.0431138 ], [ 77.4837511, 13.0438324 ], [ 77.4839885, 13.0443914 ], [ 77.4848343, 13.0444958 ], [ 77.4848192, 13.0442616 ], [ 77.4849431, 13.0440848 ], [ 77.4852458, 13.0440286 ], [ 77.4857183, 13.0437759 ] ] ] ] } },
{ "type": "Feature", "properties": { "fid": 13525, "KGISVillageID": 15461, "Category": "Settlement", "Kharab": "SETTLEMENT_BANGALE", "Surveynumber_Old": "SETTLEMENT_BANGALE", "KGISVill_2": "J.I.Doddabidarakallu" }, "geometry": { "type": "MultiPolygon", "coordinates": [ [ [ [ 77.4935335, 13.0457632 ], [ 77.4943349, 13.0456379 ], [ 77.4942961, 13.0452572 ], [ 77.4934913, 13.0453765 ], [ 77.4935335, 13.0457632 ] ] ] ] } },
{ "type": "Feature", "properties": { "fid": 13692, "KGISVillageID": 15454, "Category": "Settlement", "Kharab": "SETTLEMENT", "Surveynumber_Old": "SETTLEMENT", "KGISVill_2": "Dasarahalli (Peenya)" }, "geometry": { "type": "MultiPolygon", "coordinates": [ [ [ [ 77.5134572, 13.0452758 ], [ 77.5134525, 13.0450917 ], [ 77.5135557, 13.044982 ], [ 77.5135502, 13.0447714 ], [ 77.513972, 13.0447781 ], [ 77.5140028, 13.0446613 ], [ 77.5136887, 13.0445446 ], [ 77.5136149, 13.0444098 ], [ 77.5131953, 13.0440964 ], [ 77.5129715, 13.0441401 ], [ 77.5126511, 13.0442168 ], [ 77.5125038, 13.0444847 ], [ 77.5125599, 13.0446962 ], [ 77.512836, 13.0451689 ], [ 77.5129912, 13.0452223 ], [ 77.5130136, 13.0454075 ], [ 77.5134572, 13.0452758 ] ] ] ] } },
{ "type": "Feature", "properties": { "fid": 13818, "KGISVillageID": 15475, "Category": "Settlement", "Kharab": "SETTLEMENT", "Surveynumber_Old": "SETTLEMENT", "KGISVill_2": "K.G.Nelakadharanahalli" }, "geometry": { "type": "MultiPolygon", "coordinates": [ [ [ [ 77.5036812, 13.0313553 ], [ 77.504544, 13.0312273 ], [ 77.5045768, 13.0313445 ], [ 77.5050749, 13.0312752 ], [ 77.5050915, 13.0311697 ], [ 77.5056868, 13.0311675 ], [ 77.5055446, 13.030903 ], [ 77.5054689, 13.0305079 ], [ 77.505364, 13.0303954 ], [ 77.5053569, 13.0301658 ], [ 77.5050505, 13.030292 ], [ 77.5043857, 13.0304646 ], [ 77.5043034, 13.0299657 ], [ 77.504293, 13.0298747 ], [ 77.5041937, 13.0298558 ], [ 77.5035828, 13.0299554 ], [ 77.5035211, 13.0303576 ], [ 77.5033117, 13.0304846 ], [ 77.5033518, 13.0308532 ], [ 77.5033904, 13.0311054 ], [ 77.5034475, 13.031334 ], [ 77.5036812, 13.0313553 ] ] ] ] } },
{ "type": "Feature", "properties": { "fid": 13876, "KGISVillageID": 15489, "Category": "Settlement", "Kharab": "SETTLEMENT", "Surveynumber_Old": "SETTLEMENT", "KGISVill_2": "Nagasandra" }, "geometry": { "type": "MultiPolygon", "coordinates": [ [ [ [ 77.4994364, 13.0397038 ], [ 77.4994078, 13.0396192 ], [ 77.4993715, 13.0395114 ], [ 77.4996565, 13.039341 ], [ 77.4995749, 13.0389839 ], [ 77.499248, 13.0385864 ], [ 77.4990699, 13.0385238 ], [ 77.4984606, 13.0385221 ], [ 77.4983024, 13.0385616 ], [ 77.4981521, 13.0386541 ], [ 77.4979543, 13.0388513 ], [ 77.4979215, 13.0391267 ], [ 77.4980194, 13.0394192 ], [ 77.4984548, 13.0399495 ], [ 77.498815, 13.0399281 ], [ 77.4989222, 13.0402017 ], [ 77.4993929, 13.0399206 ], [ 77.4994364, 13.0397038 ] ] ] ] } },
{ "type": "Feature", "properties": { "fid": 13992, "KGISVillageID": 15472, "Category": "Settlement", "Kharab": "SETTLEMENT", "Surveynumber_Old": "SETTLEMENT", "KGISVill_2": "K.G.Hegganahalli" }, "geometry": { "type": "MultiPolygon", "coordinates": [ [ [ [ 77.5049297, 13.0049106 ], [ 77.5047827, 13.0042164 ], [ 77.5042521, 13.0042177 ], [ 77.5037747, 13.0041869 ], [ 77.5035268, 13.0040153 ], [ 77.5032551, 13.0041568 ], [ 77.502742, 13.0041652 ], [ 77.5026706, 13.0044241 ], [ 77.5028683, 13.0045635 ], [ 77.5029676, 13.0049978 ], [ 77.5049297, 13.0049106 ] ] ] ] } },
{ "type": "Feature", "properties": { "fid": 14029, "KGISVillageID": 15475, "Category": "Settlement", "Kharab": "MAJARE", "Surveynumber_Old": "MAJARE", "KGISVill_2": "K.G.Nelakadharanahalli" }, "geometry": { "type": "MultiPolygon", "coordinates": [ [ [ [ 77.5073659, 13.0257227 ], [ 77.506478, 13.0257621 ], [ 77.5064155, 13.0264692 ], [ 77.5073345, 13.026595 ], [ 77.5073659, 13.0257227 ] ] ] ] } },
{ "type": "Feature", "properties": { "fid": 14177, "KGISVillageID": 15483, "Category": "Settlement", "Kharab": "SETTLEMENT", "Surveynumber_Old": "SETTLEMENT", "KGISVill_2": "Laggere" }, "geometry": { "type": "MultiPolygon", "coordinates": [ [ [ [ 77.5210721, 13.0128555 ], [ 77.5212327, 13.0127873 ], [ 77.5215777, 13.0123331 ], [ 77.5219292, 13.0118445 ], [ 77.5218589, 13.0110393 ], [ 77.5217027, 13.0108608 ], [ 77.5216402, 13.0108868 ], [ 77.5213621, 13.0108638 ], [ 77.5213088, 13.0110062 ], [ 77.521192, 13.0109724 ], [ 77.5209718, 13.0111034 ], [ 77.5207004, 13.0110859 ], [ 77.520676, 13.0108242 ], [ 77.5202872, 13.0113377 ], [ 77.5203096, 13.0126018 ], [ 77.5203106, 13.0127504 ], [ 77.5210721, 13.0128555 ] ] ] ] } },
{ "type": "Feature", "properties": { "fid": 14393, "KGISVillageID": 15491, "Category": "Settlement", "Kharab": "SETTLEMENT", "Surveynumber_Old": "SETTLEMENT", "KGISVill_2": "Peenya" }, "geometry": { "type": "MultiPolygon", "coordinates": [ [ [ [ 77.5295878, 13.0347034 ], [ 77.5294495, 13.034621 ], [ 77.5289596, 13.0345567 ], [ 77.5282782, 13.0345509 ], [ 77.5278933, 13.0345221 ], [ 77.5277084, 13.0344108 ], [ 77.5277989, 13.034153 ], [ 77.5278139, 13.0340788 ], [ 77.5278089, 13.0339538 ], [ 77.5277054, 13.0339178 ], [ 77.5275956, 13.0338909 ], [ 77.5275074, 13.0335421 ], [ 77.5273582, 13.0333921 ], [ 77.527127, 13.0333792 ], [ 77.5266076, 13.0334108 ], [ 77.5264357, 13.033648 ], [ 77.5263183, 13.0337558 ], [ 77.5262217, 13.0337969 ], [ 77.5260702, 13.0339341 ], [ 77.5259987, 13.0344698 ], [ 77.5261241, 13.0348464 ], [ 77.5262703, 13.0350773 ], [ 77.5268293, 13.0350417 ], [ 77.5268412, 13.0351736 ], [ 77.5295878, 13.0347034 ] ] ] ] } },
{ "type": "Feature", "properties": { "fid": 14415, "KGISVillageID": 15453, "Category": "Settlement", "Kharab": "SETTLEMENT", "Surveynumber_Old": "SETTLEMENT", "KGISVill_2": "Chokkasandra" }, "geometry": { "type": "MultiPolygon", "coordinates": [ [ [ [ 77.5157699, 13.0370271 ], [ 77.5160071, 13.0367879 ], [ 77.5160724, 13.0366163 ], [ 77.5163256, 13.0366193 ], [ 77.5162993, 13.0363469 ], [ 77.5161823, 13.0363422 ], [ 77.5162629, 13.0359736 ], [ 77.516355, 13.0358512 ], [ 77.5163719, 13.0356838 ], [ 77.5158376, 13.0356222 ], [ 77.5157617, 13.0354808 ], [ 77.5155685, 13.0354333 ], [ 77.515345, 13.0360095 ], [ 77.5153254, 13.0362197 ], [ 77.5153746, 13.0363783 ], [ 77.5153277, 13.0367442 ], [ 77.515264, 13.0369848 ], [ 77.5157699, 13.0370271 ] ] ] ] } },
{ "type": "Feature", "properties": { "fid": 14523, "KGISVillageID": 15450, "Category": "Settlement", "Kharab": "SETTLEMENT", "Surveynumber_Old": "SETTLEMENT", "KGISVill_2": "Bagalakunte" }, "geometry": { "type": "MultiPolygon", "coordinates": [ [ [ [ 77.5025237, 13.0577657 ], [ 77.5027125, 13.0579649 ], [ 77.5032696, 13.0579026 ], [ 77.5032497, 13.05761 ], [ 77.5030904, 13.0576515 ], [ 77.5029448, 13.0568963 ], [ 77.5029182, 13.0563263 ], [ 77.5024167, 13.0563644 ], [ 77.5019537, 13.0563381 ], [ 77.5019422, 13.0564855 ], [ 77.5015518, 13.056504 ], [ 77.5015456, 13.0567175 ], [ 77.5012927, 13.0566851 ], [ 77.5010087, 13.0567301 ], [ 77.5005645, 13.05665 ], [ 77.5004538, 13.0566722 ], [ 77.5003554, 13.0568788 ], [ 77.5004486, 13.0575072 ], [ 77.5004876, 13.0576441 ], [ 77.5012365, 13.0575833 ], [ 77.5012975, 13.0576977 ], [ 77.5017333, 13.0576841 ], [ 77.5017863, 13.0578744 ], [ 77.5025237, 13.0577657 ] ] ] ] } },
{ "type": "Feature", "properties": { "fid": 14545, "KGISVillageID": 15481, "Category": "Settlement", "Kharab": "MAJARE_PALYA", "Surveynumber_Old": "MAJARE_PALYA", "KGISVill_2": "Kethamaranahalli" }, "geometry": { "type": "MultiPolygon", "coordinates": [ [ [ [ 77.5589939, 13.0064352 ], [ 77.5595037, 13.0063884 ], [ 77.5600457, 13.0062061 ], [ 77.5598183, 13.0054405 ], [ 77.5597918, 13.0047808 ], [ 77.5587795, 13.0049581 ], [ 77.5589939, 13.0064352 ] ] ] ] } },
{ "type": "Feature", "properties": { "fid": 14607, "KGISVillageID": 15480, "Category": "Settlement", "Kharab": "SETTLEMENT", "Surveynumber_Old": "SETTLEMENT", "KGISVill_2": "Yeshawanthapura" }, "geometry": { "type": "MultiPolygon", "coordinates": [ [ [ [ 77.5542436, 13.0239872 ], [ 77.5544806, 13.0237869 ], [ 77.5548266, 13.0234886 ], [ 77.554781, 13.0233174 ], [ 77.554796, 13.0231698 ], [ 77.5546903, 13.0231626 ], [ 77.5543058, 13.0231659 ], [ 77.5541883, 13.0227391 ], [ 77.554097, 13.0226372 ], [ 77.5537629, 13.0221638 ], [ 77.5535555, 13.0219075 ], [ 77.5540072, 13.0212725 ], [ 77.5540375, 13.021042 ], [ 77.5533062, 13.0213192 ], [ 77.5528796, 13.0222399 ], [ 77.5517792, 13.0240704 ], [ 77.5521689, 13.0241212 ], [ 77.5527328, 13.0236985 ], [ 77.5528032, 13.0238541 ], [ 77.5529085, 13.0241597 ], [ 77.5534267, 13.0242851 ], [ 77.5539194, 13.0242531 ], [ 77.5540843, 13.0242289 ], [ 77.5542436, 13.0239872 ] ], [ [ 77.5537638, 13.0224268 ], [ 77.5530809, 13.0225725 ], [ 77.5534836, 13.0219993 ], [ 77.5537638, 13.0224268 ] ] ] ] } },
{ "type": "Feature", "properties": { "fid": 14916, "KGISVillageID": 15469, "Category": "Settlement", "Kharab": "SETTLEMENT", "Surveynumber_Old": "SETTLEMENT", "KGISVill_2": "Jalahalli" }, "geometry": { "type": "MultiPolygon", "coordinates": [ [ [ [ 77.5490624, 13.0471795 ], [ 77.5492329, 13.0468459 ], [ 77.549228, 13.0456571 ], [ 77.5487406, 13.0453395 ], [ 77.548425, 13.0453182 ], [ 77.5482436, 13.0451353 ], [ 77.5478017, 13.0450713 ], [ 77.5477335, 13.0452635 ], [ 77.5471467, 13.0457442 ], [ 77.5471277, 13.0461424 ], [ 77.5471274, 13.0464063 ], [ 77.5472447, 13.0467883 ], [ 77.5477469, 13.0471475 ], [ 77.5483279, 13.0473762 ], [ 77.5490624, 13.0471795 ] ] ] ] } },
{ "type": "Feature", "properties": { "fid": 15008, "KGISVillageID": 15369, "Category": "Settlement", "Kharab": "MAJARE_DAASANADUKANAPALYA", "Surveynumber_Old": "MAJARE_DAASANADUKANAPALYA", "KGISVill_2": "Jarakabandekaval" }, "geometry": { "type": "MultiPolygon", "coordinates": [ [ [ [ 77.5348738, 13.0228239 ], [ 77.5351521, 13.0241668 ], [ 77.5360385, 13.0241094 ], [ 77.5357681, 13.0227947 ], [ 77.5348738, 13.0228239 ] ] ] ] } },
{ "type": "Feature", "properties": { "fid": 15327, "KGISVillageID": 15496, "Category": "Settlement", "Kharab": "SETTLEMENT", "Surveynumber_Old": "SETTLEMENT", "KGISVill_2": "Shivanahalli" }, "geometry": { "type": "MultiPolygon", "coordinates": [ [ [ [ 77.5483769, 12.991255 ], [ 77.5488296, 12.9913212 ], [ 77.5490974, 12.9914178 ], [ 77.5490862, 12.9910446 ], [ 77.548985, 12.9908379 ], [ 77.5484976, 12.9908171 ], [ 77.5484004, 12.9906751 ], [ 77.5483797, 12.9905145 ], [ 77.5480843, 12.9906022 ], [ 77.5477166, 12.9906879 ], [ 77.5477811, 12.9912181 ], [ 77.5483769, 12.991255 ] ] ] ] } },
{ "type": "Feature", "properties": { "fid": 15349, "KGISVillageID": 15494, "Category": "Settlement", "Kharab": "SETTLEMENT", "Surveynumber_Old": "SETTLEMENT", "KGISVill_2": "Saneguruvanahalli" }, "geometry": { "type": "MultiPolygon", "coordinates": [ [ [ [ 77.541591, 12.9912066 ], [ 77.5417808, 12.9907567 ], [ 77.5422277, 12.9906393 ], [ 77.5421906, 12.9903569 ], [ 77.5423357, 12.9902179 ], [ 77.5423216, 12.9899508 ], [ 77.5424549, 12.9897375 ], [ 77.5423189, 12.9895955 ], [ 77.5417105, 12.9895351 ], [ 77.5412906, 12.9896112 ], [ 77.5412247, 12.9902004 ], [ 77.5410484, 12.990369 ], [ 77.5410174, 12.9906499 ], [ 77.5412214, 12.9906459 ], [ 77.5412138, 12.9908677 ], [ 77.541591, 12.9912066 ] ] ] ] } },
{ "type": "Feature", "properties": { "fid": 15423, "KGISVillageID": 15470, "Category": "Settlement", "Kharab": "SETTLEMENT", "Surveynumber_Old": "SETTLEMENT", "KGISVill_2": "K.G.Agrahara Dasarahalli" }, "geometry": { "type": "MultiPolygon", "coordinates": [ [ [ [ 77.5428162, 12.9803133 ], [ 77.5429442, 12.9802632 ], [ 77.542952, 12.9801284 ], [ 77.5433743, 12.9800536 ], [ 77.5434768, 12.9804133 ], [ 77.5443147, 12.9803719 ], [ 77.5443941, 12.9805931 ], [ 77.5445709, 12.9805864 ], [ 77.5450816, 12.9801905 ], [ 77.5452276, 12.9800503 ], [ 77.5449985, 12.9791492 ], [ 77.5442454, 12.9793264 ], [ 77.5441633, 12.9784126 ], [ 77.5435773, 12.9785928 ], [ 77.5428759, 12.9786773 ], [ 77.5429134, 12.9789606 ], [ 77.5422922, 12.9791473 ], [ 77.5424789, 12.9792156 ], [ 77.5424885, 12.9794117 ], [ 77.5423868, 12.9795819 ], [ 77.5424637, 12.979883 ], [ 77.5423688, 12.9799542 ], [ 77.5424484, 12.9801122 ], [ 77.542412, 12.9802607 ], [ 77.5427331, 12.9803764 ], [ 77.5428162, 12.9803133 ] ] ] ] } },
{ "type": "Feature", "properties": { "fid": 15539, "KGISVillageID": 15115, "Category": "Settlement", "Kharab": "SETTLEMENT", "Surveynumber_Old": "SETTLEMENT", "KGISVill_2": "J.I.Jedihalli" }, "geometry": { "type": "MultiPolygon", "coordinates": [ [ [ [ 77.5509263, 12.9814569 ], [ 77.550884, 12.981233 ], [ 77.5507058, 12.9812278 ], [ 77.5506808, 12.9808385 ], [ 77.5500676, 12.980807 ], [ 77.5500105, 12.9813293 ], [ 77.5501343, 12.981518 ], [ 77.5509263, 12.9814569 ] ] ] ] } },
{ "type": "Feature", "properties": { "fid": 15593, "KGISVillageID": 15481, "Category": "Settlement", "Kharab": "MAJARE_JOOGANAHALLI", "Surveynumber_Old": "MAJARE_JOOGANAHALLI", "KGISVill_2": "Kethamaranahalli" }, "geometry": { "type": "MultiPolygon", "coordinates": [ [ [ [ 77.5558944, 12.9945933 ], [ 77.5558662, 12.9941345 ], [ 77.5559614, 12.9936764 ], [ 77.5559304, 12.9925819 ], [ 77.5560177, 12.9924133 ], [ 77.5561483, 12.99217 ], [ 77.5558958, 12.9919474 ], [ 77.5550916, 12.9919094 ], [ 77.5548732, 12.9920384 ], [ 77.554859, 12.9922059 ], [ 77.5547785, 12.9923977 ], [ 77.5548418, 12.9927569 ], [ 77.5547188, 12.9930445 ], [ 77.5548345, 12.9933955 ], [ 77.5548227, 12.9935918 ], [ 77.5548607, 12.993781 ], [ 77.5549947, 12.9940648 ], [ 77.5551578, 12.9937346 ], [ 77.5555648, 12.994509 ], [ 77.5558944, 12.9945933 ] ] ] ] } },
{ "type": "Feature", "properties": { "fid": 15621, "KGISVillageID": 15481, "Category": "Settlement", "Kharab": "SETTLEMENT", "Surveynumber_Old": "SETTLEMENT", "KGISVill_2": "Kethamaranahalli" }, "geometry": { "type": "MultiPolygon", "coordinates": [ [ [ [ 77.5528588, 13.0003007 ], [ 77.5525366, 13.0003636 ], [ 77.5524012, 13.0000311 ], [ 77.5517648, 13.000028 ], [ 77.5515387, 12.9998826 ], [ 77.551377, 13.0000525 ], [ 77.5510758, 13.0007535 ], [ 77.5511804, 13.0011482 ], [ 77.5517147, 13.0014088 ], [ 77.5522261, 13.001431 ], [ 77.5530189, 13.0010163 ], [ 77.5528588, 13.0003007 ] ] ] ] } },
{ "type": "Feature", "properties": { "fid": 15752, "KGISVillageID": 15571, "Category": "Settlement", "Kharab": "SETTLEMENT", "Surveynumber_Old": "SETTLEMENT", "KGISVill_2": "K.G. Ganakallu" }, "geometry": { "type": "MultiPolygon", "coordinates": [ [ [ [ 77.510925, 12.8973083 ], [ 77.5109671, 12.8975069 ], [ 77.5114509, 12.8974528 ], [ 77.5114493, 12.8968515 ], [ 77.5109348, 12.8968522 ], [ 77.5105723, 12.8969166 ], [ 77.5104648, 12.896936 ], [ 77.5103678, 12.8969534 ], [ 77.510431, 12.8973657 ], [ 77.510925, 12.8973083 ] ] ] ] } },
{ "type": "Feature", "properties": { "fid": 15837, "KGISVillageID": 15591, "Category": "Settlement", "Kharab": "SETTLEMENT", "Surveynumber_Old": "SETTLEMENT", "KGISVill_2": "Mylasandra" }, "geometry": { "type": "MultiPolygon", "coordinates": [ [ [ [ 77.4989002, 12.9159194 ], [ 77.4990442, 12.915813 ], [ 77.4990707, 12.9156106 ], [ 77.4993773, 12.9153708 ], [ 77.4992901, 12.915153 ], [ 77.4991022, 12.9149438 ], [ 77.4987787, 12.9150556 ], [ 77.4985438, 12.9150743 ], [ 77.498314, 12.9151579 ], [ 77.4982306, 12.9154557 ], [ 77.4983449, 12.9158166 ], [ 77.4984676, 12.9160611 ], [ 77.4984203, 12.9162043 ], [ 77.4989002, 12.9159194 ] ] ] ] } },
{ "type": "Feature", "properties": { "fid": 15873, "KGISVillageID": 15594, "Category": "Settlement", "Kharab": "SETTLEMENT", "Surveynumber_Old": "SETTLEMENT", "KGISVill_2": "Pattanagere" }, "geometry": { "type": "MultiPolygon", "coordinates": [ [ [ [ 77.5094067, 12.9213337 ], [ 77.5097742, 12.921316 ], [ 77.5097148, 12.9214676 ], [ 77.5099551, 12.9213675 ], [ 77.5099342, 12.9210547 ], [ 77.5101026, 12.9210201 ], [ 77.5104206, 12.9209548 ], [ 77.5105724, 12.9207861 ], [ 77.5106506, 12.9207521 ], [ 77.5107508, 12.9207085 ], [ 77.5106962, 12.9204574 ], [ 77.5105847, 12.9202386 ], [ 77.5100131, 12.9203163 ], [ 77.5096452, 12.9204717 ], [ 77.5094603, 12.9205978 ], [ 77.5093014, 12.9206379 ], [ 77.5092472, 12.9209626 ], [ 77.5093898, 12.9211337 ], [ 77.5094053, 12.9211807 ], [ 77.5094067, 12.9213337 ] ] ] ] } },
{ "type": "Feature", "properties": { "fid": 15949, "KGISVillageID": 15570, "Category": "Settlement", "Kharab": "SETTLEMENT", "Surveynumber_Old": "SETTLEMENT", "KGISVill_2": "J.I.Halage Vaderahalli" }, "geometry": { "type": "MultiPolygon", "coordinates": [ [ [ [ 77.51396, 12.9226973 ], [ 77.514475, 12.9223382 ], [ 77.5144431, 12.9222486 ], [ 77.5143294, 12.9222504 ], [ 77.5143362, 12.9220568 ], [ 77.5145269, 12.9220486 ], [ 77.5144965, 12.9218155 ], [ 77.5145687, 12.921606 ], [ 77.5145923, 12.921314 ], [ 77.5149305, 12.9213643 ], [ 77.5151335, 12.9213476 ], [ 77.515319, 12.9213603 ], [ 77.5152664, 12.9211956 ], [ 77.5154898, 12.9211317 ], [ 77.5157097, 12.9210957 ], [ 77.515705, 12.9210673 ], [ 77.515668, 12.9208434 ], [ 77.5153645, 12.9208709 ], [ 77.5153485, 12.9208705 ], [ 77.5151284, 12.9208645 ], [ 77.5149377, 12.9209446 ], [ 77.5143759, 12.9211598 ], [ 77.5142713, 12.9211998 ], [ 77.5141893, 12.9212312 ], [ 77.5141742, 12.921237 ], [ 77.5138519, 12.9213028 ], [ 77.5137688, 12.9213066 ], [ 77.5136583, 12.9215361 ], [ 77.5137612, 12.9217159 ], [ 77.5137968, 12.9220292 ], [ 77.5137771, 12.9223243 ], [ 77.5133624, 12.9224041 ], [ 77.513367, 12.9226588 ], [ 77.5133577, 12.9228219 ], [ 77.5131552, 12.9228314 ], [ 77.5131783, 12.923166 ], [ 77.5133301, 12.9231421 ], [ 77.5134201, 12.9233294 ], [ 77.5138297, 12.9233561 ], [ 77.51396, 12.9226973 ] ] ] ] } },
{ "type": "Feature", "properties": { "fid": 16015, "KGISVillageID": 15581, "Category": "Settlement", "Kharab": "SETTLEMENT", "Surveynumber_Old": "SETTLEMENT", "KGISVill_2": "Kenchanahalli" }, "geometry": { "type": "MultiPolygon", "coordinates": [ [ [ [ 77.5102004, 12.9288652 ], [ 77.5103425, 12.9288412 ], [ 77.5103833, 12.9286554 ], [ 77.5105971, 12.9286485 ], [ 77.5107006, 12.9285596 ], [ 77.5108289, 12.9286206 ], [ 77.5108504, 12.9283729 ], [ 77.5111798, 12.9283727 ], [ 77.5112085, 12.9282378 ], [ 77.5108267, 12.9281744 ], [ 77.5108012, 12.9280465 ], [ 77.5107393, 12.9277369 ], [ 77.5105562, 12.9275487 ], [ 77.5103901, 12.9274093 ], [ 77.5096972, 12.9274782 ], [ 77.5095978, 12.9274915 ], [ 77.5096385, 12.9278383 ], [ 77.5099198, 12.9281158 ], [ 77.5098514, 12.928181 ], [ 77.5098104, 12.9282201 ], [ 77.5099044, 12.9283863 ], [ 77.5099082, 12.9287172 ], [ 77.5099141, 12.9289073 ], [ 77.5100303, 12.9288941 ], [ 77.5102004, 12.9288652 ] ] ] ] } },
{ "type": "Feature", "properties": { "fid": 16205, "KGISVillageID": 15488, "Category": "Settlement", "Kharab": "SETTLEMENT", "Surveynumber_Old": "SETTLEMENT", "KGISVill_2": "Nagarabhavi" }, "geometry": { "type": "MultiPolygon", "coordinates": [ [ [ [ 77.5151756, 12.9581865 ], [ 77.5158505, 12.9580153 ], [ 77.5157476, 12.9574371 ], [ 77.5153518, 12.9568393 ], [ 77.5149473, 12.9569799 ], [ 77.5149804, 12.9573087 ], [ 77.5146919, 12.9574522 ], [ 77.5144754, 12.957409 ], [ 77.5148246, 12.9578736 ], [ 77.5148911, 12.9582498 ], [ 77.5151756, 12.9581865 ] ] ] ] } },
{ "type": "Feature", "properties": { "fid": 16218, "KGISVillageID": 15488, "Category": "Settlement", "Kharab": "PALYA", "Surveynumber_Old": "PALYA", "KGISVill_2": "Nagarabhavi" }, "geometry": { "type": "MultiPolygon", "coordinates": [ [ [ [ 77.5156647, 12.9664344 ], [ 77.5162081, 12.9663477 ], [ 77.5162278, 12.9655371 ], [ 77.5155755, 12.9655944 ], [ 77.5156647, 12.9664344 ] ] ] ] } },
{ "type": "Feature", "properties": { "fid": 16232, "KGISVillageID": 15485, "Category": "Settlement", "Kharab": "SETTLEMENT", "Surveynumber_Old": "SETTLEMENT", "KGISVill_2": "Malagalu" }, "geometry": { "type": "MultiPolygon", "coordinates": [ [ [ [ 77.5160894, 12.9725814 ], [ 77.5164094, 12.9725013 ], [ 77.516555, 12.9724408 ], [ 77.5167352, 12.9724215 ], [ 77.5166849, 12.9720651 ], [ 77.5162629, 12.9721704 ], [ 77.5159826, 12.9718627 ], [ 77.5158309, 12.9719047 ], [ 77.5155553, 12.972035 ], [ 77.5154625, 12.9721144 ], [ 77.5153641, 12.9722363 ], [ 77.5154097, 12.9725263 ], [ 77.5155986, 12.97275 ], [ 77.5159243, 12.972768 ], [ 77.5160635, 12.9727449 ], [ 77.5160894, 12.9725814 ] ] ] ] } },
{ "type": "Feature", "properties": { "fid": 16348, "KGISVillageID": 15494, "Category": "Settlement", "Kharab": "SETTLEMENT", "Surveynumber_Old": "SETTLEMENT", "KGISVill_2": "Saneguruvanahalli" }, "geometry": { "type": "MultiPolygon", "coordinates": [ [ [ [ 77.5251791, 12.9914445 ], [ 77.5253714, 12.9910577 ], [ 77.5246413, 12.9913927 ], [ 77.5247791, 12.9918127 ], [ 77.5252228, 12.9916748 ], [ 77.5251791, 12.9914445 ] ] ] ] } },
{ "type": "Feature", "properties": { "fid": 16386, "KGISVillageID": 15493, "Category": "Settlement", "Kharab": "SETTLEMENT", "Surveynumber_Old": "SETTLEMENT", "KGISVill_2": "Sajjepalya" }, "geometry": { "type": "MultiPolygon", "coordinates": [ [ [ [ 77.5152761, 12.9856433 ], [ 77.5152857, 12.9850974 ], [ 77.5150219, 12.9851399 ], [ 77.5149899, 12.9856215 ], [ 77.5152761, 12.9856433 ] ] ] ] } },
{ "type": "Feature", "properties": { "fid": 16451, "KGISVillageID": 15498, "Category": "Settlement", "Kharab": "MAJARE", "Surveynumber_Old": "MAJARE", "KGISVill_2": "Srigandhakavalu" }, "geometry": { "type": "MultiPolygon", "coordinates": [ [ [ [ 77.5127872, 12.9850688 ], [ 77.5127355, 12.9846703 ], [ 77.5123148, 12.9847027 ], [ 77.5124059, 12.9851174 ], [ 77.5127872, 12.9850688 ] ] ] ] } },
{ "type": "Feature", "properties": { "fid": 16502, "KGISVillageID": 15498, "Category": "Settlement", "Kharab": "SETTLEMENT_SUNKADAKATTE", "Surveynumber_Old": "SETTLEMENT_SUNKADAKATTE", "KGISVill_2": "Srigandhakavalu" }, "geometry": { "type": "MultiPolygon", "coordinates": [ [ [ [ 77.5043445, 12.9945184 ], [ 77.5044818, 12.9944332 ], [ 77.5044639, 12.9941754 ], [ 77.5046533, 12.9941662 ], [ 77.5046622, 12.9937942 ], [ 77.5045242, 12.9937656 ], [ 77.5045221, 12.9935227 ], [ 77.5041272, 12.9934646 ], [ 77.5039195, 12.9934758 ], [ 77.503915, 12.9937661 ], [ 77.504031, 12.9939898 ], [ 77.5038131, 12.994065 ], [ 77.5037601, 12.9938728 ], [ 77.5033646, 12.9936521 ], [ 77.5031988, 12.9937723 ], [ 77.5037067, 12.9951875 ], [ 77.5043654, 12.9950624 ], [ 77.5043445, 12.9945184 ] ] ] ] } },
{ "type": "Feature", "properties": { "fid": 16577, "KGISVillageID": 15498, "Category": "Settlement", "Kharab": "MAJARE", "Surveynumber_Old": "MAJARE", "KGISVill_2": "Srigandhakavalu" }, "geometry": { "type": "MultiPolygon", "coordinates": [ [ [ [ 77.4995416, 12.9879388 ], [ 77.4996986, 12.9883728 ], [ 77.5001035, 12.9884186 ], [ 77.4998844, 12.987893 ], [ 77.4995416, 12.9879388 ] ] ] ] } },
{ "type": "Feature", "properties": { "fid": 16580, "KGISVillageID": 15498, "Category": "Settlement", "Kharab": "MAJARE", "Surveynumber_Old": "MAJARE", "KGISVill_2": "Srigandhakavalu" }, "geometry": { "type": "MultiPolygon", "coordinates": [ [ [ [ 77.5005861, 12.9887938 ], [ 77.5013961, 12.9888427 ], [ 77.5013075, 12.9883802 ], [ 77.5007023, 12.9883684 ], [ 77.5005861, 12.9887938 ] ] ] ] } },
{ "type": "Feature", "properties": { "fid": 16588, "KGISVillageID": 15498, "Category": "Settlement", "Kharab": "MAJARE", "Surveynumber_Old": "MAJARE", "KGISVill_2": "Srigandhakavalu" }, "geometry": { "type": "MultiPolygon", "coordinates": [ [ [ [ 77.5066307, 12.9762465 ], [ 77.5057951, 12.9765056 ], [ 77.5059738, 12.9768022 ], [ 77.5065494, 12.9767851 ], [ 77.5064337, 12.9765309 ], [ 77.5066782, 12.9764366 ], [ 77.5066307, 12.9762465 ] ] ] ] } },
{ "type": "Feature", "properties": { "fid": 16684, "KGISVillageID": 15488, "Category": "Settlement", "Kharab": "PALYA", "Surveynumber_Old": "PALYA", "KGISVill_2": "Nagarabhavi" }, "geometry": { "type": "MultiPolygon", "coordinates": [ [ [ [ 77.5101097, 12.9578365 ], [ 77.5101828, 12.9576721 ], [ 77.5101741, 12.9575977 ], [ 77.5101237, 12.9575334 ], [ 77.5100193, 12.9575301 ], [ 77.5095623, 12.9575365 ], [ 77.5096303, 12.9579161 ], [ 77.5101097, 12.9578365 ] ] ] ] } },
{ "type": "Feature", "properties": { "fid": 16751, "KGISVillageID": 15486, "Category": "Settlement", "Kharab": "SETTLEMENT", "Surveynumber_Old": "SETTLEMENT", "KGISVill_2": "Mallathahalli" }, "geometry": { "type": "MultiPolygon", "coordinates": [ [ [ [ 77.50052, 12.9601077 ], [ 77.5005978, 12.9598462 ], [ 77.5003432, 12.9594274 ], [ 77.5003, 12.9590093 ], [ 77.5000975, 12.9589667 ], [ 77.4998083, 12.9588074 ], [ 77.4992806, 12.9587672 ], [ 77.498843, 12.958949 ], [ 77.4988916, 12.9595068 ], [ 77.498716, 12.9595139 ], [ 77.4987816, 12.9598327 ], [ 77.4991018, 12.9597943 ], [ 77.499304, 12.9597488 ], [ 77.4993374, 12.9600352 ], [ 77.4995681, 12.9600877 ], [ 77.4995957, 12.9602745 ], [ 77.4996691, 12.9602903 ], [ 77.4997033, 12.9604984 ], [ 77.5000124, 12.9604389 ], [ 77.5000011, 12.9601631 ], [ 77.5000875, 12.9600731 ], [ 77.500397, 12.9601376 ], [ 77.50052, 12.9601077 ] ] ] ] } },
{ "type": "Feature", "properties": { "fid": 16869, "KGISVillageID": 15477, "Category": "Settlement", "Kharab": "SETTLEMENT", "Surveynumber_Old": "SETTLEMENT", "KGISVill_2": "K.G.Ullalu" }, "geometry": { "type": "MultiPolygon", "coordinates": [ [ [ [ 77.4799556, 12.9560789 ], [ 77.4801371, 12.9557248 ], [ 77.4802433, 12.9557176 ], [ 77.480774, 12.9556903 ], [ 77.4810774, 12.9556039 ], [ 77.4810855, 12.9553961 ], [ 77.4805421, 12.9553544 ], [ 77.4805739, 12.9551167 ], [ 77.4804231, 12.9550636 ], [ 77.4804104, 12.9549303 ], [ 77.4801618, 12.9549063 ], [ 77.4800837, 12.9549068 ], [ 77.4797637, 12.9549087 ], [ 77.4797005, 12.9548185 ], [ 77.479358, 12.954809 ], [ 77.4792195, 12.9552149 ], [ 77.4793065, 12.9557136 ], [ 77.4794935, 12.9557004 ], [ 77.4795135, 12.9560455 ], [ 77.4799556, 12.9560789 ] ] ] ] } },
{ "type": "Feature", "properties": { "fid": 16904, "KGISVillageID": 15477, "Category": "Settlement", "Kharab": "MAJARE", "Surveynumber_Old": "MAJARE", "KGISVill_2": "K.G.Ullalu" }, "geometry": { "type": "MultiPolygon", "coordinates": [ [ [ [ 77.4803319, 12.9572494 ], [ 77.4803664, 12.9571807 ], [ 77.4801503, 12.9570284 ], [ 77.4800307, 12.9570047 ], [ 77.4798177, 12.9574449 ], [ 77.4798172, 12.957525 ], [ 77.4802804, 12.9575326 ], [ 77.4803319, 12.9572494 ] ] ] ] } },
{ "type": "Feature", "properties": { "fid": 16992, "KGISVillageID": 15456, "Category": "Settlement", "Kharab": "SETTLEMENT", "Surveynumber_Old": "SETTLEMENT", "KGISVill_2": "Gidadhakonenahalli" }, "geometry": { "type": "MultiPolygon", "coordinates": [ [ [ [ 77.4919798, 12.9711842 ], [ 77.4923277, 12.9712757 ], [ 77.4924402, 12.97132 ], [ 77.4924795, 12.9712909 ], [ 77.4924933, 12.9711608 ], [ 77.4925906, 12.9711191 ], [ 77.4927305, 12.9710409 ], [ 77.4927205, 12.9709029 ], [ 77.4929418, 12.9709137 ], [ 77.4929954, 12.9707406 ], [ 77.4929262, 12.9707229 ], [ 77.4929307, 12.9706608 ], [ 77.492937, 12.9705862 ], [ 77.4927957, 12.9706603 ], [ 77.4928873, 12.970454 ], [ 77.492776, 12.9704355 ], [ 77.4927195, 12.9704645 ], [ 77.4926464, 12.9703625 ], [ 77.4925716, 12.9702979 ], [ 77.4923301, 12.9702314 ], [ 77.4920339, 12.970416 ], [ 77.4918933, 12.9707432 ], [ 77.4918986, 12.9710399 ], [ 77.4918993, 12.9710818 ], [ 77.4919798, 12.9711842 ] ] ] ] } },
{ "type": "Feature", "properties": { "fid": 16999, "KGISVillageID": 15456, "Category": "Settlement", "Kharab": "MAJARE", "Surveynumber_Old": "MAJARE", "KGISVill_2": "Gidadhakonenahalli" }, "geometry": { "type": "MultiPolygon", "coordinates": [ [ [ [ 77.4898424, 12.9670453 ], [ 77.489755, 12.9668368 ], [ 77.4896408, 12.9669108 ], [ 77.4895978, 12.9666217 ], [ 77.489351, 12.9666315 ], [ 77.4891679, 12.966729 ], [ 77.4893992, 12.9674552 ], [ 77.4894144, 12.9675026 ], [ 77.4896339, 12.9675592 ], [ 77.4896323, 12.9677285 ], [ 77.4899748, 12.967697 ], [ 77.4899591, 12.9673352 ], [ 77.4899592, 12.9671974 ], [ 77.4899598, 12.9670373 ], [ 77.4899599, 12.967034 ], [ 77.4898424, 12.9670453 ] ] ] ] } },
{ "type": "Feature", "properties": { "fid": 17159, "KGISVillageID": 15459, "Category": "Settlement", "Kharab": "SETTLEMENT", "Surveynumber_Old": "SETTLEMENT", "KGISVill_2": "Herohalli" }, "geometry": { "type": "MultiPolygon", "coordinates": [ [ [ [ 77.4876613, 12.9917457 ], [ 77.4882768, 12.9922892 ], [ 77.488533, 12.9921175 ], [ 77.4890159, 12.9921536 ], [ 77.4888441, 12.9917723 ], [ 77.4888375, 12.9913628 ], [ 77.4889855, 12.9913526 ], [ 77.4895263, 12.9912769 ], [ 77.4894968, 12.990927 ], [ 77.4895328, 12.9906584 ], [ 77.4886361, 12.9903479 ], [ 77.4883926, 12.9903946 ], [ 77.4883419, 12.9903184 ], [ 77.4881676, 12.9904777 ], [ 77.4879792, 12.9905223 ], [ 77.4877939, 12.9905178 ], [ 77.4877464, 12.9902577 ], [ 77.4876617, 12.9901525 ], [ 77.4874867, 12.9899546 ], [ 77.4868979, 12.990146 ], [ 77.4868931, 12.9903841 ], [ 77.4867235, 12.9904608 ], [ 77.4865235, 12.9904438 ], [ 77.4865139, 12.9905576 ], [ 77.4865313, 12.990701 ], [ 77.4863492, 12.9908192 ], [ 77.4862544, 12.9909894 ], [ 77.4863154, 12.9911446 ], [ 77.4861562, 12.9912501 ], [ 77.4860456, 12.9913281 ], [ 77.4860678, 12.9915008 ], [ 77.4863323, 12.991595 ], [ 77.4867325, 12.9914901 ], [ 77.4874151, 12.9913534 ], [ 77.4874635, 12.9916767 ], [ 77.4876613, 12.9917457 ] ] ] ] } },
{ "type": "Feature", "properties": { "fid": 17230, "KGISVillageID": 15459, "Category": "Settlement", "Kharab": "MAJARE_BYADARAHALLI", "Surveynumber_Old": "MAJARE_BYADARAHALLI", "KGISVill_2": "Herohalli" }, "geometry": { "type": "MultiPolygon", "coordinates": [ [ [ [ 77.4823134, 12.9838369 ], [ 77.4823154, 12.9834051 ], [ 77.4821849, 12.9833535 ], [ 77.4821145, 12.9833258 ], [ 77.482052, 12.982924 ], [ 77.4818429, 12.9828889 ], [ 77.4818305, 12.9827742 ], [ 77.4816039, 12.9828022 ], [ 77.481261, 12.9825088 ], [ 77.4809592, 12.982678 ], [ 77.4806921, 12.9828678 ], [ 77.4806232, 12.9836141 ], [ 77.481215, 12.9836354 ], [ 77.4815798, 12.9834661 ], [ 77.481652, 12.9837679 ], [ 77.4820573, 12.9837533 ], [ 77.4820273, 12.9839298 ], [ 77.4823134, 12.9838369 ] ] ] ] } },
{ "type": "Feature", "properties": { "fid": 17359, "KGISVillageID": 15460, "Category": "Settlement", "Kharab": "SETTLEMENT", "Surveynumber_Old": "SETTLEMENT", "KGISVill_2": "Hosahalli Gollarapalya" }, "geometry": { "type": "MultiPolygon", "coordinates": [ [ [ [ 77.4780701, 12.9957307 ], [ 77.4779111, 12.9952896 ], [ 77.4774841, 12.9947041 ], [ 77.4767691, 12.994939 ], [ 77.4769336, 12.9956866 ], [ 77.4771499, 12.9956985 ], [ 77.4770482, 12.9958554 ], [ 77.4772963, 12.9958968 ], [ 77.4775225, 12.9958469 ], [ 77.4777522, 12.9956419 ], [ 77.4779099, 12.9960914 ], [ 77.4784327, 12.9959953 ], [ 77.4780701, 12.9957307 ] ] ] ] } },
{ "type": "Feature", "properties": { "fid": 17437, "KGISVillageID": 15477, "Category": "Settlement", "Kharab": "MAJARE", "Surveynumber_Old": "MAJARE", "KGISVill_2": "K.G.Ullalu" }, "geometry": { "type": "MultiPolygon", "coordinates": [ [ [ [ 77.4802221, 12.9677646 ], [ 77.480186, 12.9673899 ], [ 77.4801331, 12.967267 ], [ 77.4800234, 12.9672609 ], [ 77.4797085, 12.9672173 ], [ 77.4796141, 12.9672828 ], [ 77.4793763, 12.9672671 ], [ 77.4794882, 12.9675062 ], [ 77.4795655, 12.9679016 ], [ 77.4796456, 12.9678813 ], [ 77.4802221, 12.9677646 ] ] ] ] } },
{ "type": "Feature", "properties": { "fid": 17469, "KGISVillageID": 15477, "Category": "Settlement", "Kharab": "MAJARE", "Surveynumber_Old": "MAJARE", "KGISVill_2": "K.G.Ullalu" }, "geometry": { "type": "MultiPolygon", "coordinates": [ [ [ [ 77.4792363, 12.9591865 ], [ 77.4794375, 12.9585635 ], [ 77.4794501, 12.9584776 ], [ 77.4787738, 12.958484 ], [ 77.4787632, 12.9585856 ], [ 77.4787413, 12.9592696 ], [ 77.4791401, 12.959265 ], [ 77.4792164, 12.9592472 ], [ 77.4792363, 12.9591865 ] ] ] ] } },
{ "type": "Feature", "properties": { "fid": 17494, "KGISVillageID": 15477, "Category": "Settlement", "Kharab": "MAJARE", "Surveynumber_Old": "MAJARE", "KGISVill_2": "K.G.Ullalu" }, "geometry": { "type": "MultiPolygon", "coordinates": [ [ [ [ 77.474821, 12.9513877 ], [ 77.4752646, 12.9514055 ], [ 77.4753374, 12.9516176 ], [ 77.4756092, 12.9515605 ], [ 77.4755797, 12.9514052 ], [ 77.4759128, 12.9513762 ], [ 77.475917, 12.9510742 ], [ 77.4757797, 12.9510491 ], [ 77.4756713, 12.9503785 ], [ 77.4753242, 12.9503902 ], [ 77.4752286, 12.950266 ], [ 77.4749745, 12.9504091 ], [ 77.4746837, 12.9505768 ], [ 77.474685, 12.9507106 ], [ 77.4747405, 12.9511476 ], [ 77.474821, 12.9513877 ] ] ] ] } },
{ "type": "Feature", "properties": { "fid": 17538, "KGISVillageID": 15596, "Category": "Settlement", "Kharab": "MAJARE_CHIKKABATHSA", "Surveynumber_Old": "MAJARE_CHIKKABATHSA", "KGISVill_2": "Ramasandra" }, "geometry": { "type": "MultiPolygon", "coordinates": [ [ [ [ 77.473255999564898, 12.940157999692101 ], [ 77.473193000256899, 12.940200999876399 ], [ 77.473252410666106, 12.9403046194863 ], [ 77.4735135, 12.9403522 ], [ 77.473498, 12.9403112 ], [ 77.4737397, 12.9401831 ], [ 77.473717, 12.9401186 ], [ 77.473703230100895, 12.9400793958386 ], [ 77.473255999564898, 12.940157999692101 ] ] ] ] } },
{ "type": "Feature", "properties": { "fid": 17577, "KGISVillageID": 15600, "Category": "Settlement", "Kharab": "SETTLEMENT", "Surveynumber_Old": "SETTLEMENT", "KGISVill_2": "Sonnenahalli" }, "geometry": { "type": "MultiPolygon", "coordinates": [ [ [ [ 77.4805563, 12.943167 ], [ 77.4805123, 12.9430731 ], [ 77.4804742, 12.9429919 ], [ 77.4804425, 12.9429245 ], [ 77.4803362, 12.9429682 ], [ 77.4802811, 12.9429908 ], [ 77.4800726, 12.9430765 ], [ 77.4799941, 12.9431088 ], [ 77.4795743, 12.9432815 ], [ 77.4796849, 12.9434938 ], [ 77.4796575, 12.9436815 ], [ 77.4798421, 12.9437247 ], [ 77.4800538, 12.9437365 ], [ 77.480202, 12.9438209 ], [ 77.4808273, 12.9437639 ], [ 77.4808653, 12.9436459 ], [ 77.4805563, 12.943167 ] ] ] ] } },
{ "type": "Feature", "properties": { "fid": 17592, "KGISVillageID": 15592, "Category": "Settlement", "Kharab": "PALYA_DODDAPALYA", "Surveynumber_Old": "PALYA_DODDAPALYA", "KGISVill_2": "Nagadevanahalli" }, "geometry": { "type": "MultiPolygon", "coordinates": [ [ [ [ 77.4866005, 12.9386794 ], [ 77.4868135, 12.9385761 ], [ 77.486995, 12.9385575 ], [ 77.4871938, 12.9386043 ], [ 77.487411, 12.9385005 ], [ 77.4873552, 12.9383886 ], [ 77.4875106, 12.9383805 ], [ 77.487687, 12.9384023 ], [ 77.4875585, 12.9376572 ], [ 77.4873041, 12.9376541 ], [ 77.4865867, 12.9377754 ], [ 77.4862844, 12.9378611 ], [ 77.4863039, 12.9381603 ], [ 77.4859263, 12.9382412 ], [ 77.4856317, 12.9383039 ], [ 77.4856389, 12.9383376 ], [ 77.4856996, 12.9386237 ], [ 77.4857654, 12.9387734 ], [ 77.4863775, 12.9387219 ], [ 77.4866005, 12.9386794 ] ] ] ] } },
{ "type": "Feature", "properties": { "fid": 17673, "KGISVillageID": 15592, "Category": "Settlement", "Kharab": "PALYA_MARIYAPPANAPALYA", "Surveynumber_Old": "PALYA_MARIYAPPANAPALYA", "KGISVill_2": "Nagadevanahalli" }, "geometry": { "type": "MultiPolygon", "coordinates": [ [ [ [ 77.4946663, 12.9456831 ], [ 77.4952308, 12.945578 ], [ 77.4951944, 12.9453884 ], [ 77.4950768, 12.9450281 ], [ 77.4949612, 12.9445524 ], [ 77.4942708, 12.944628 ], [ 77.4939596, 12.9446283 ], [ 77.4940367, 12.9448489 ], [ 77.4938714, 12.9448761 ], [ 77.4939132, 12.9449636 ], [ 77.494237, 12.945634 ], [ 77.494278, 12.9457226 ], [ 77.494309, 12.9457902 ], [ 77.4946663, 12.9456831 ] ] ] ] } },
{ "type": "Feature", "properties": { "fid": 17709, "KGISVillageID": 15592, "Category": "Settlement", "Kharab": "SETTLEMENT", "Surveynumber_Old": "SETTLEMENT", "KGISVill_2": "Nagadevanahalli" }, "geometry": { "type": "MultiPolygon", "coordinates": [ [ [ [ 77.4930767, 12.9355451 ], [ 77.4937642, 12.9353709 ], [ 77.4936748, 12.9349189 ], [ 77.4935956, 12.9345955 ], [ 77.4930068, 12.9347937 ], [ 77.4929332, 12.9349462 ], [ 77.4928901, 12.9350555 ], [ 77.4930767, 12.9355451 ] ] ] ] } },
{ "type": "Feature", "properties": { "fid": 17728, "KGISVillageID": 15604, "Category": "Settlement", "Kharab": "PALYA_DHUBAREPALYA", "Surveynumber_Old": "PALYA_DHUBAREPALYA", "KGISVill_2": "Valagerahalli" }, "geometry": { "type": "MultiPolygon", "coordinates": [ [ [ [ 77.4953348, 12.9275518 ], [ 77.4953432, 12.928006 ], [ 77.4954687, 12.9280764 ], [ 77.4958096, 12.9281723 ], [ 77.4960924, 12.9280496 ], [ 77.4960285, 12.9275225 ], [ 77.4953348, 12.9275518 ] ] ] ] } },
{ "type": "Feature", "properties": { "fid": 17750, "KGISVillageID": 15604, "Category": "Settlement", "Kharab": "PALYA_SHINIVARAPALYA", "Surveynumber_Old": "PALYA_SHINIVARAPALYA", "KGISVill_2": "Valagerahalli" }, "geometry": { "type": "MultiPolygon", "coordinates": [ [ [ [ 77.4906973, 12.9294522 ], [ 77.4908748, 12.9294245 ], [ 77.4909787, 12.929069 ], [ 77.4909562, 12.9286143 ], [ 77.4907637, 12.9285801 ], [ 77.4907261, 12.9285734 ], [ 77.4906831, 12.9284374 ], [ 77.4904045, 12.9285252 ], [ 77.4903641, 12.9292802 ], [ 77.4903547, 12.9294504 ], [ 77.4906118, 12.9294655 ], [ 77.4906973, 12.9294522 ] ] ] ] } },
{ "type": "Feature", "properties": { "fid": 17828, "KGISVillageID": 15582, "Category": "Settlement", "Kharab": "SETTLEMENT", "Surveynumber_Old": "SETTLEMENT", "KGISVill_2": "Kengeri" }, "geometry": { "type": "MultiPolygon", "coordinates": [ [ [ [ 77.4835084, 12.914069 ], [ 77.4837447, 12.9139467 ], [ 77.483682, 12.9137995 ], [ 77.4838585, 12.9135933 ], [ 77.4839201, 12.913492 ], [ 77.484124, 12.9134411 ], [ 77.4842439, 12.9133922 ], [ 77.4841328, 12.9131874 ], [ 77.4842553, 12.9131384 ], [ 77.4841831, 12.9130059 ], [ 77.4842609, 12.9129261 ], [ 77.4842319, 12.9127939 ], [ 77.4841722, 12.9125535 ], [ 77.484308, 12.9125211 ], [ 77.4842293, 12.9123152 ], [ 77.4844749, 12.9122852 ], [ 77.4846555, 12.9122769 ], [ 77.4846282, 12.912097 ], [ 77.4845945, 12.9119193 ], [ 77.4845471, 12.9116709 ], [ 77.4844285, 12.9114897 ], [ 77.4845188, 12.9113933 ], [ 77.4844967, 12.9112378 ], [ 77.484667, 12.9111822 ], [ 77.4844902, 12.9105836 ], [ 77.4844611, 12.910258 ], [ 77.4843683, 12.9099079 ], [ 77.4846286, 12.9097004 ], [ 77.4846146, 12.9096028 ], [ 77.4846535, 12.9091614 ], [ 77.4848079, 12.9086845 ], [ 77.4846937, 12.9085898 ], [ 77.4844321, 12.9083668 ], [ 77.4839782, 12.9083919 ], [ 77.4830504, 12.908438 ], [ 77.4831092, 12.9091853 ], [ 77.4826915, 12.9094038 ], [ 77.4826307, 12.9094355 ], [ 77.4825683, 12.909468 ], [ 77.4824892, 12.9097187 ], [ 77.4822994, 12.9097929 ], [ 77.4817732, 12.9100049 ], [ 77.4816726, 12.9102913 ], [ 77.4817801, 12.9106588 ], [ 77.4819464, 12.9110865 ], [ 77.4819188, 12.9115193 ], [ 77.4820582, 12.9118558 ], [ 77.4822541, 12.9126815 ], [ 77.4823951, 12.9133245 ], [ 77.4825842, 12.9136825 ], [ 77.4830801, 12.9143416 ], [ 77.4833908, 12.9141155 ], [ 77.4835084, 12.914069 ] ] ] ] } },
{ "type": "Feature", "properties": { "fid": 17875, "KGISVillageID": 15604, "Category": "Settlement", "Kharab": "SETTLEMENT", "Surveynumber_Old": "SETTLEMENT", "KGISVill_2": "Valagerahalli" }, "geometry": { "type": "MultiPolygon", "coordinates": [ [ [ [ 77.4875231, 12.9228497 ], [ 77.4875066, 12.922536 ], [ 77.4874225, 12.9222399 ], [ 77.4874915, 12.9222266 ], [ 77.4878077, 12.9221654 ], [ 77.4877458, 12.9219561 ], [ 77.4874232, 12.9219894 ], [ 77.4870486, 12.9220718 ], [ 77.4870094, 12.9219317 ], [ 77.4865159, 12.9218458 ], [ 77.4864888, 12.9219626 ], [ 77.486263, 12.922096 ], [ 77.4862342, 12.9223672 ], [ 77.4863625, 12.9227148 ], [ 77.486414, 12.9228768 ], [ 77.4866629, 12.9229692 ], [ 77.4866872, 12.9230556 ], [ 77.4871361, 12.9230143 ], [ 77.4875161, 12.9229496 ], [ 77.4875231, 12.9228497 ] ] ] ] } },
{ "type": "Feature", "properties": { "fid": 17999, "KGISVillageID": 15558, "Category": "Settlement", "Kharab": "PALYA", "Surveynumber_Old": "PALYA", "KGISVill_2": "Chudenapura" }, "geometry": { "type": "MultiPolygon", "coordinates": [ [ [ [ 77.4848407, 12.9021035 ], [ 77.4850002, 12.9020267 ], [ 77.4848779, 12.9019162 ], [ 77.4847487, 12.9018512 ], [ 77.484842, 12.9017275 ], [ 77.4842183, 12.9018283 ], [ 77.4842334, 12.9023733 ], [ 77.4844849, 12.9024577 ], [ 77.484568, 12.9024857 ], [ 77.4848407, 12.9021035 ] ] ] ] } },
{ "type": "Feature", "properties": { "fid": 18043, "KGISVillageID": 15558, "Category": "Settlement", "Kharab": "SETTLEMENT", "Surveynumber_Old": "SETTLEMENT", "KGISVill_2": "Chudenapura" }, "geometry": { "type": "MultiPolygon", "coordinates": [ [ [ [ 77.4819346, 12.9012754 ], [ 77.482197, 12.9011499 ], [ 77.4821874, 12.9008514 ], [ 77.4824065, 12.9008126 ], [ 77.4824058, 12.9006164 ], [ 77.4821644, 12.9006581 ], [ 77.4817745, 12.9007153 ], [ 77.4813119, 12.9007883 ], [ 77.4813904, 12.9012895 ], [ 77.4819346, 12.9012754 ] ] ] ] } },
{ "type": "Feature", "properties": { "fid": 18232, "KGISVillageID": 15583, "Category": "Settlement", "Kharab": "SETTLEMENT", "Surveynumber_Old": "SETTLEMENT", "KGISVill_2": "Kengeri Gollarahalli" }, "geometry": { "type": "MultiPolygon", "coordinates": [ [ [ [ 77.4795056, 12.8747533 ], [ 77.4795623, 12.8745412 ], [ 77.4796739, 12.8745603 ], [ 77.4796649, 12.8741661 ], [ 77.4795605, 12.8741294 ], [ 77.4794927, 12.8741055 ], [ 77.4794249, 12.8740816 ], [ 77.4793483, 12.8740576 ], [ 77.478735, 12.8738543 ], [ 77.4785734, 12.8745652 ], [ 77.4786901, 12.8748917 ], [ 77.4788708, 12.8750399 ], [ 77.4794444, 12.8750199 ], [ 77.4795056, 12.8747533 ] ] ] ] } },
{ "type": "Feature", "properties": { "fid": 18256, "KGISVillageID": 15553, "Category": "Settlement", "Kharab": "PALYA_MUTTHAGOWDARAPALYA", "Surveynumber_Old": "PALYA_MUTTHAGOWDARAPALYA", "KGISVill_2": "Badamanavarthekaval" }, "geometry": { "type": "MultiPolygon", "coordinates": [ [ [ [ 77.4818274, 12.8672268 ], [ 77.4824013, 12.8670447 ], [ 77.4829246, 12.8671026 ], [ 77.4830191, 12.8672582 ], [ 77.4830411, 12.867138 ], [ 77.4831429, 12.8669311 ], [ 77.4829536, 12.8663556 ], [ 77.4827391, 12.8663288 ], [ 77.4824811, 12.8662965 ], [ 77.4824226, 12.8668428 ], [ 77.4816908, 12.8669954 ], [ 77.4810803, 12.8672554 ], [ 77.4818274, 12.8672268 ] ] ] ] } },
{ "type": "Feature", "properties": { "fid": 18282, "KGISVillageID": 15599, "Category": "Settlement", "Kharab": "SETTLEMENT", "Surveynumber_Old": "SETTLEMENT", "KGISVill_2": "Sompura" }, "geometry": { "type": "MultiPolygon", "coordinates": [ [ [ [ 77.4966364, 12.877424 ], [ 77.4968602, 12.8778863 ], [ 77.4970032, 12.8777555 ], [ 77.4970333, 12.8775626 ], [ 77.4969416, 12.8774705 ], [ 77.4976664, 12.8773084 ], [ 77.4975122, 12.8770566 ], [ 77.4972244, 12.8768408 ], [ 77.4971939, 12.8766442 ], [ 77.4970872, 12.8766324 ], [ 77.4968333, 12.8766722 ], [ 77.4966644, 12.8768939 ], [ 77.4965986, 12.8772689 ], [ 77.4966364, 12.877424 ] ] ] ] } },
{ "type": "Feature", "properties": { "fid": 18309, "KGISVillageID": 15605, "Category": "Settlement", "Kharab": "SETTLEMENT", "Surveynumber_Old": "SETTLEMENT", "KGISVill_2": "Varahasandra" }, "geometry": { "type": "MultiPolygon", "coordinates": [ [ [ [ 77.4909299, 12.8761796 ], [ 77.4906136, 12.8760087 ], [ 77.4903402, 12.8760483 ], [ 77.4903486, 12.8752895 ], [ 77.4903499, 12.8751846 ], [ 77.4903511, 12.8750991 ], [ 77.4899566, 12.8750322 ], [ 77.4897243, 12.8751002 ], [ 77.489658, 12.8752417 ], [ 77.4895359, 12.8752814 ], [ 77.4897123, 12.8758641 ], [ 77.4899454, 12.8757943 ], [ 77.4902136, 12.8759546 ], [ 77.4905863, 12.8768611 ], [ 77.4909299, 12.8761796 ] ] ] ] } },
{ "type": "Feature", "properties": { "fid": 18334, "KGISVillageID": 15583, "Category": "Settlement", "Kharab": "MAJARE", "Surveynumber_Old": "MAJARE", "KGISVill_2": "Kengeri Gollarahalli" }, "geometry": { "type": "MultiPolygon", "coordinates": [ [ [ [ 77.4825396, 12.8708039 ], [ 77.4821847, 12.8708379 ], [ 77.4817524, 12.8708742 ], [ 77.4818004, 12.8711205 ], [ 77.481837, 12.8713172 ], [ 77.4822505, 12.8712182 ], [ 77.4825975, 12.8711179 ], [ 77.4825396, 12.8708039 ] ] ] ] } },
{ "type": "Feature", "properties": { "fid": 18357, "KGISVillageID": 15568, "Category": "Settlement", "Kharab": "SETTLEMENT", "Surveynumber_Old": "SETTLEMENT", "KGISVill_2": "Hemmigepura" }, "geometry": { "type": "MultiPolygon", "coordinates": [ [ [ [ 77.487274, 12.8825027 ], [ 77.4870375, 12.8823747 ], [ 77.4869866, 12.8815305 ], [ 77.4859857, 12.8815003 ], [ 77.4859014, 12.8814975 ], [ 77.4857323, 12.8816702 ], [ 77.4857393, 12.8820854 ], [ 77.4855406, 12.8822696 ], [ 77.4856205, 12.8825705 ], [ 77.485752, 12.8825775 ], [ 77.4858232, 12.8825813 ], [ 77.4859813, 12.8825462 ], [ 77.4862242, 12.8828813 ], [ 77.4865134, 12.8827975 ], [ 77.4870409, 12.8825508 ], [ 77.4870779, 12.8825466 ], [ 77.487307, 12.8825206 ], [ 77.487274, 12.8825027 ] ] ] ] } },
{ "type": "Feature", "properties": { "fid": 18385, "KGISVillageID": 15568, "Category": "Settlement", "Kharab": "MAJARE_KOSASANDHRA", "Surveynumber_Old": "MAJARE_KOSASANDHRA", "KGISVill_2": "Hemmigepura" }, "geometry": { "type": "MultiPolygon", "coordinates": [ [ [ [ 77.4862899, 12.8889306 ], [ 77.4860598, 12.8888222 ], [ 77.4860653, 12.888698 ], [ 77.4859328, 12.8885933 ], [ 77.4857165, 12.8885561 ], [ 77.485622, 12.8887714 ], [ 77.4855393, 12.8889028 ], [ 77.4855422, 12.889291 ], [ 77.4854717, 12.8893119 ], [ 77.4854356, 12.8893227 ], [ 77.4854356, 12.8894248 ], [ 77.4853233, 12.8894809 ], [ 77.4853689, 12.8895897 ], [ 77.4854939, 12.8895559 ], [ 77.485564, 12.889537 ], [ 77.4855881, 12.889682 ], [ 77.4856844, 12.8896494 ], [ 77.4856844, 12.8894885 ], [ 77.4857908, 12.889414 ], [ 77.4860027, 12.8894127 ], [ 77.4860202, 12.889314 ], [ 77.4863929, 12.8892672 ], [ 77.4864063, 12.8891545 ], [ 77.4862899, 12.8889306 ] ] ] ] } },
{ "type": "Feature", "properties": { "fid": 18421, "KGISVillageID": 15568, "Category": "Settlement", "Kharab": "MAJARE", "Surveynumber_Old": "MAJARE", "KGISVill_2": "Hemmigepura" }, "geometry": { "type": "MultiPolygon", "coordinates": [ [ [ [ 77.4915543, 12.8922085 ], [ 77.4916771, 12.8924564 ], [ 77.4919491, 12.8925231 ], [ 77.4921957, 12.8919162 ], [ 77.4921445, 12.8919117 ], [ 77.4915901, 12.8918632 ], [ 77.4915543, 12.8922085 ] ] ] ] } },
{ "type": "Feature", "properties": { "fid": 18449, "KGISVillageID": 15568, "Category": "Settlement", "Kharab": "MAJARE", "Surveynumber_Old": "MAJARE", "KGISVill_2": "Hemmigepura" }, "geometry": { "type": "MultiPolygon", "coordinates": [ [ [ [ 77.4950089, 12.8903781 ], [ 77.494695, 12.890473 ], [ 77.4947068, 12.8909616 ], [ 77.4947793, 12.8911735 ], [ 77.4951425, 12.8913488 ], [ 77.4952255, 12.8913889 ], [ 77.4952348, 12.8912469 ], [ 77.4952796, 12.8905606 ], [ 77.4950089, 12.8903781 ] ] ] ] } },
{ "type": "Feature", "properties": { "fid": 18503, "KGISVillageID": 15588, "Category": "Settlement", "Kharab": "SETTLEMENT", "Surveynumber_Old": "SETTLEMENT", "KGISVill_2": "Lingadeeranahalli" }, "geometry": { "type": "MultiPolygon", "coordinates": [ [ [ [ 77.5126341, 12.8744891 ], [ 77.5127671, 12.8742049 ], [ 77.5128529, 12.8740779 ], [ 77.5129988, 12.8741505 ], [ 77.5131879, 12.8746763 ], [ 77.5133375, 12.8746761 ], [ 77.5133687, 12.8747739 ], [ 77.5136096, 12.8747251 ], [ 77.5136225, 12.8746287 ], [ 77.5135653, 12.8742282 ], [ 77.5135831, 12.8740152 ], [ 77.5133523, 12.874021 ], [ 77.5133121, 12.8738982 ], [ 77.5130237, 12.8740009 ], [ 77.5127762, 12.8738541 ], [ 77.5126607, 12.8737979 ], [ 77.5122615, 12.8738994 ], [ 77.5121348, 12.8739397 ], [ 77.5121485, 12.8741125 ], [ 77.5118759, 12.8741616 ], [ 77.5120689, 12.8744881 ], [ 77.5123322, 12.874397 ], [ 77.5123298, 12.8745709 ], [ 77.5123332, 12.8746647 ], [ 77.5126341, 12.8744891 ] ] ] ] } },
{ "type": "Feature", "properties": { "fid": 18571, "KGISVillageID": 15716, "Category": "Settlement", "Kharab": "PALYA_KARENAPALYA", "Surveynumber_Old": "PALYA_KARENAPALYA", "KGISVill_2": "Thurahalli" }, "geometry": { "type": "MultiPolygon", "coordinates": [ [ [ [ 77.5210216, 12.8916622 ], [ 77.5209535, 12.8914842 ], [ 77.5208212, 12.8914746 ], [ 77.5204294, 12.8914985 ], [ 77.5204339, 12.8921722 ], [ 77.5212212, 12.8923503 ], [ 77.5212642, 12.8920452 ], [ 77.5212902, 12.8918599 ], [ 77.5210216, 12.8916622 ] ] ] ] } },
{ "type": "Feature", "properties": { "fid": 18594, "KGISVillageID": 15687, "Category": "Settlement", "Kharab": "MAJARE", "Surveynumber_Old": "MAJARE", "KGISVill_2": "Hosahalli" }, "geometry": { "type": "MultiPolygon", "coordinates": [ [ [ [ 77.5314396, 12.8748872 ], [ 77.5314474, 12.8745342 ], [ 77.5316156, 12.8745131 ], [ 77.531684, 12.8741376 ], [ 77.531838, 12.8740919 ], [ 77.5318286, 12.8739216 ], [ 77.5316792, 12.8736477 ], [ 77.5315784, 12.8735908 ], [ 77.5316898, 12.8734649 ], [ 77.5314783, 12.8734337 ], [ 77.5314568, 12.8733661 ], [ 77.5313656, 12.8732196 ], [ 77.5311183, 12.8732055 ], [ 77.5308452, 12.8733881 ], [ 77.5308245, 12.873503 ], [ 77.5309323, 12.874275 ], [ 77.531072, 12.8744617 ], [ 77.5311877, 12.8745012 ], [ 77.5310533, 12.8748728 ], [ 77.5311153, 12.8749459 ], [ 77.5314396, 12.8748872 ] ] ] ] } },
{ "type": "Feature", "properties": { "fid": 18624, "KGISVillageID": 15567, "Category": "Settlement", "Kharab": "SETTLEMENT", "Surveynumber_Old": "SETTLEMENT", "KGISVill_2": "Hemmigepura" }, "geometry": { "type": "MultiPolygon", "coordinates": [ [ [ [ 77.5157446, 12.8812749 ], [ 77.5157766, 12.8810067 ], [ 77.5154082, 12.880982 ], [ 77.5152881, 12.8809741 ], [ 77.5152835, 12.8806932 ], [ 77.5150298, 12.880792 ], [ 77.514624, 12.8808013 ], [ 77.5147858, 12.8812293 ], [ 77.5148074, 12.8813587 ], [ 77.5149313, 12.8813719 ], [ 77.5149445, 12.8814578 ], [ 77.5152121, 12.881456 ], [ 77.5155257, 12.8814652 ], [ 77.5155897, 12.8814114 ], [ 77.5156179, 12.8813877 ], [ 77.5157446, 12.8812749 ] ] ] ] } },
{ "type": "Feature", "properties": { "fid": 18694, "KGISVillageID": 15595, "Category": "Settlement", "Kharab": "MAJARE_NAGAGOWDANAPALYA", "Surveynumber_Old": "MAJARE_NAGAGOWDANAPALYA", "KGISVill_2": "Rachanamadu" }, "geometry": { "type": "MultiPolygon", "coordinates": [ [ [ [ 77.5130922, 12.8679719 ], [ 77.5131151, 12.8678905 ], [ 77.5129602, 12.8673592 ], [ 77.5129282, 12.8673807 ], [ 77.5124567, 12.8676999 ], [ 77.5125444, 12.8680556 ], [ 77.5126032, 12.8680551 ], [ 77.5126664, 12.8680436 ], [ 77.5130922, 12.8679719 ] ] ] ] } },
{ "type": "Feature", "properties": { "fid": 18707, "KGISVillageID": 15595, "Category": "Settlement", "Kharab": "SETTLEMENT", "Surveynumber_Old": "SETTLEMENT", "KGISVill_2": "Rachanamadu" }, "geometry": { "type": "MultiPolygon", "coordinates": [ [ [ [ 77.5102187, 12.8598334 ], [ 77.5103196, 12.8596484 ], [ 77.5102588, 12.8593587 ], [ 77.510174, 12.8592846 ], [ 77.5101612, 12.8591066 ], [ 77.5101054, 12.8589408 ], [ 77.5094234, 12.8593552 ], [ 77.5095542, 12.8598634 ], [ 77.5097292, 12.8599584 ], [ 77.5101178, 12.859874 ], [ 77.5102187, 12.8598334 ] ] ] ] } },
{ "type": "Feature", "properties": { "fid": 18724, "KGISVillageID": 15676, "Category": "Settlement", "Kharab": "SETTLEMENT", "Surveynumber_Old": "SETTLEMENT", "KGISVill_2": "Anjanapura" }, "geometry": { "type": "MultiPolygon", "coordinates": [ [ [ [ 77.5614294, 12.8632362 ], [ 77.5617953, 12.8631153 ], [ 77.5622439, 12.8633648 ], [ 77.5626332, 12.8631674 ], [ 77.5627238, 12.8628362 ], [ 77.5630271, 12.8627797 ], [ 77.5635565, 12.8626208 ], [ 77.5639855, 12.8624571 ], [ 77.5637655, 12.8624319 ], [ 77.5637223, 12.8623779 ], [ 77.5634424, 12.8620496 ], [ 77.5633591, 12.8621425 ], [ 77.5627563, 12.8622927 ], [ 77.5622708, 12.8620648 ], [ 77.5620402, 12.8618194 ], [ 77.5616592, 12.8621772 ], [ 77.5614316, 12.8621062 ], [ 77.561268, 12.8621816 ], [ 77.5611336, 12.861815 ], [ 77.5606673, 12.8620396 ], [ 77.5608394, 12.8624082 ], [ 77.5610431, 12.86236 ], [ 77.5611009, 12.8626163 ], [ 77.5613058, 12.8625636 ], [ 77.561347, 12.8627459 ], [ 77.5614965, 12.8626766 ], [ 77.5616162, 12.8627924 ], [ 77.5613451, 12.8631184 ], [ 77.5614294, 12.8632362 ] ] ] ] } },
{ "type": "Feature", "properties": { "fid": 18815, "KGISVillageID": 15676, "Category": "Settlement", "Kharab": "MAJARE", "Surveynumber_Old": "MAJARE", "KGISVill_2": "Anjanapura" }, "geometry": { "type": "MultiPolygon", "coordinates": [ [ [ [ 77.5546945, 12.8545452 ], [ 77.5548488, 12.8543898 ], [ 77.5547028, 12.8542061 ], [ 77.5545135, 12.8542926 ], [ 77.5542842, 12.8543972 ], [ 77.5543141, 12.8545284 ], [ 77.5543319, 12.8546074 ], [ 77.5543727, 12.8547887 ], [ 77.5546678, 12.8546807 ], [ 77.5546945, 12.8545452 ] ] ] ] } },
{ "type": "Feature", "properties": { "fid": 18986, "KGISVillageID": 15710, "Category": "Settlement", "Kharab": "SETTLEMENT", "Surveynumber_Old": "SETTLEMENT", "KGISVill_2": "Raghuvanahalli" }, "geometry": { "type": "MultiPolygon", "coordinates": [ [ [ [ 77.5481169, 12.8784094 ], [ 77.5477184, 12.8784164 ], [ 77.5474571, 12.8783849 ], [ 77.5473519, 12.8784249 ], [ 77.5467734, 12.8786062 ], [ 77.5467919, 12.8787833 ], [ 77.5470531, 12.8794062 ], [ 77.5474002, 12.879414 ], [ 77.5475481, 12.879545 ], [ 77.5477075, 12.8793604 ], [ 77.5476907, 12.8791862 ], [ 77.5476626, 12.8788838 ], [ 77.5480835, 12.8787832 ], [ 77.5481169, 12.8784094 ] ] ] ] } },
{ "type": "Feature", "properties": { "fid": 19021, "KGISVillageID": 15701, "Category": "Settlement", "Kharab": "SETTLEMENT", "Surveynumber_Old": "SETTLEMENT", "KGISVill_2": "K.G.Vajarahalli" }, "geometry": { "type": "MultiPolygon", "coordinates": [ [ [ [ 77.5427892, 12.8747024 ], [ 77.5430369, 12.8746522 ], [ 77.5430959, 12.8748212 ], [ 77.543326, 12.8748889 ], [ 77.5436278, 12.8749921 ], [ 77.5439852, 12.8747374 ], [ 77.5443719, 12.8746396 ], [ 77.5446114, 12.8747093 ], [ 77.544667, 12.874641 ], [ 77.5447228, 12.8745725 ], [ 77.5445735, 12.8744243 ], [ 77.5446834, 12.8743594 ], [ 77.5445618, 12.874024 ], [ 77.544409, 12.8737828 ], [ 77.5446059, 12.8735746 ], [ 77.5445238, 12.8732151 ], [ 77.5445163, 12.8731823 ], [ 77.5443622, 12.8731049 ], [ 77.5439933, 12.8731082 ], [ 77.5436305, 12.8733158 ], [ 77.5436964, 12.8737 ], [ 77.5432714, 12.8737862 ], [ 77.5432509, 12.8737916 ], [ 77.5428348, 12.8739013 ], [ 77.542694, 12.8736188 ], [ 77.5426151, 12.8736282 ], [ 77.5421905, 12.8737014 ], [ 77.5423288, 12.8740742 ], [ 77.5423784, 12.8742542 ], [ 77.542384, 12.8742745 ], [ 77.5424119, 12.8743952 ], [ 77.5424752, 12.8746692 ], [ 77.5424966, 12.8746915 ], [ 77.5425771, 12.8747753 ], [ 77.5426349, 12.8747554 ], [ 77.5427892, 12.8747024 ] ] ] ] } },
{ "type": "Feature", "properties": { "fid": 19060, "KGISVillageID": 15713, "Category": "Settlement", "Kharab": "SETTLEMENT", "Surveynumber_Old": "SETTLEMENT", "KGISVill_2": "Thalagattapura" }, "geometry": { "type": "MultiPolygon", "coordinates": [ [ [ [ 77.5362533, 12.8697173 ], [ 77.5362868, 12.8694137 ], [ 77.536256, 12.8692175 ], [ 77.5364267, 12.8691652 ], [ 77.5360438, 12.8686836 ], [ 77.535653, 12.8681906 ], [ 77.5343255, 12.8684845 ], [ 77.5341716, 12.868712 ], [ 77.5339873, 12.868767 ], [ 77.5337335, 12.8688462 ], [ 77.533984, 12.869221 ], [ 77.5340922, 12.8692321 ], [ 77.5342026, 12.8692423 ], [ 77.5344638, 12.8697773 ], [ 77.5345727, 12.8697964 ], [ 77.5347799, 12.870117 ], [ 77.5348529, 12.8701888 ], [ 77.5348644, 12.87016 ], [ 77.5348877, 12.8701022 ], [ 77.5349735, 12.870147 ], [ 77.5356745, 12.8700644 ], [ 77.5362533, 12.8697173 ] ] ] ] } },
{ "type": "Feature", "properties": { "fid": 19074, "KGISVillageID": 15687, "Category": "Settlement", "Kharab": "SETTLEMENT", "Surveynumber_Old": "SETTLEMENT", "KGISVill_2": "Hosahalli" }, "geometry": { "type": "MultiPolygon", "coordinates": [ [ [ [ 77.5337046, 12.8783681 ], [ 77.5337028, 12.8781647 ], [ 77.5335674, 12.8780983 ], [ 77.5334984, 12.8777719 ], [ 77.5331087, 12.877782 ], [ 77.5329676, 12.8777383 ], [ 77.5328095, 12.8777722 ], [ 77.5328121, 12.8779307 ], [ 77.5329953, 12.8780223 ], [ 77.5333085, 12.8784137 ], [ 77.533471, 12.8784607 ], [ 77.5335951, 12.8784218 ], [ 77.5337046, 12.8783681 ] ] ] ] } },
{ "type": "Feature", "properties": { "fid": 19144, "KGISVillageID": 15686, "Category": "Settlement", "Kharab": "SETTLEMENT", "Surveynumber_Old": "SETTLEMENT", "KGISVill_2": "Gubbalalu" }, "geometry": { "type": "MultiPolygon", "coordinates": [ [ [ [ 77.5413267, 12.8861402 ], [ 77.5416378, 12.8861087 ], [ 77.5417255, 12.8858348 ], [ 77.5419118, 12.8858089 ], [ 77.5420208, 12.885764 ], [ 77.5418433, 12.8855309 ], [ 77.541654, 12.885351 ], [ 77.541598, 12.8853547 ], [ 77.5413996, 12.8853682 ], [ 77.5414266, 12.8854655 ], [ 77.5412268, 12.8854195 ], [ 77.5412436, 12.8853477 ], [ 77.5410536, 12.8853086 ], [ 77.5410307, 12.8857685 ], [ 77.5409929, 12.8860067 ], [ 77.5411573, 12.8861573 ], [ 77.5413267, 12.8861402 ] ] ] ] } },
{ "type": "Feature", "properties": { "fid": 19150, "KGISVillageID": 15686, "Category": "Settlement", "Kharab": "HATTI", "Surveynumber_Old": "HATTI", "KGISVill_2": "Gubbalalu" }, "geometry": { "type": "MultiPolygon", "coordinates": [ [ [ [ 77.5427918, 12.8856373 ], [ 77.5428671, 12.8856257 ], [ 77.5427515, 12.8852879 ], [ 77.5423146, 12.8854898 ], [ 77.5423717, 12.8857016 ], [ 77.5427918, 12.8856373 ] ] ] ] } },
{ "type": "Feature", "properties": { "fid": 19213, "KGISVillageID": 15683, "Category": "Settlement", "Kharab": "HATTI", "Surveynumber_Old": "HATTI", "KGISVill_2": "Doddakallasandra" }, "geometry": { "type": "MultiPolygon", "coordinates": [ [ [ [ 77.5574753, 12.8839141 ], [ 77.5573619, 12.8836207 ], [ 77.5573078, 12.8830955 ], [ 77.5572041, 12.8833989 ], [ 77.557255, 12.8836156 ], [ 77.5572766, 12.8836817 ], [ 77.5572877, 12.8837156 ], [ 77.5570043, 12.8837127 ], [ 77.5568841, 12.883712 ], [ 77.5568685, 12.8836842 ], [ 77.5568375, 12.8836289 ], [ 77.5568244, 12.8836055 ], [ 77.5565256, 12.8837103 ], [ 77.5557379, 12.8836289 ], [ 77.5557357, 12.8837028 ], [ 77.5557342, 12.8837534 ], [ 77.5559557, 12.8837889 ], [ 77.5560008, 12.8837958 ], [ 77.5563269, 12.8838457 ], [ 77.5566334, 12.8838213 ], [ 77.5566746, 12.8844176 ], [ 77.5569644, 12.8845072 ], [ 77.5571696, 12.884093 ], [ 77.5574901, 12.8840712 ], [ 77.5574753, 12.8839141 ] ] ] ] } },
{ "type": "Feature", "properties": { "fid": 19259, "KGISVillageID": 15715, "Category": "Settlement", "Kharab": "SETTLEMENT", "Surveynumber_Old": "SETTLEMENT", "KGISVill_2": "Thippasandra" }, "geometry": { "type": "MultiPolygon", "coordinates": [ [ [ [ 77.5558464, 12.8742578 ], [ 77.5558519, 12.8742553 ], [ 77.5559622, 12.8742053 ], [ 77.5563443, 12.8739947 ], [ 77.5562156, 12.8737238 ], [ 77.5561247, 12.8735323 ], [ 77.5559928, 12.8735453 ], [ 77.5559671, 12.8736241 ], [ 77.5559415, 12.8736752 ], [ 77.5558397, 12.8736593 ], [ 77.5557862, 12.8736536 ], [ 77.555791, 12.8735978 ], [ 77.5557949, 12.8734975 ], [ 77.5557208, 12.8735081 ], [ 77.5555633, 12.8735304 ], [ 77.5556177, 12.8738106 ], [ 77.5557862, 12.8738718 ], [ 77.5558737, 12.8741307 ], [ 77.555826, 12.8742007 ], [ 77.5558464, 12.8742578 ] ] ] ] } },
{ "type": "Feature", "properties": { "fid": 19283, "KGISVillageID": 15683, "Category": "Settlement", "Kharab": "SETTLEMENT", "Surveynumber_Old": "SETTLEMENT", "KGISVill_2": "Doddakallasandra" }, "geometry": { "type": "MultiPolygon", "coordinates": [ [ [ [ 77.5572041, 12.8833989 ], [ 77.5573078, 12.8830955 ], [ 77.5570311, 12.8818561 ], [ 77.5568621, 12.8818068 ], [ 77.5566475, 12.8820449 ], [ 77.5564286, 12.8817279 ], [ 77.5560641, 12.8817138 ], [ 77.5555432, 12.8818457 ], [ 77.5553465, 12.8823871 ], [ 77.5554178, 12.882949 ], [ 77.5556124, 12.8832693 ], [ 77.5557565, 12.8833694 ], [ 77.5572041, 12.8833989 ] ] ] ] } },
{ "type": "Feature", "properties": { "fid": 19427, "KGISVillageID": 15463, "Category": "Settlement", "Kharab": "SETTLEMENT", "Surveynumber_Old": "SETTLEMENT", "KGISVill_2": "J.I.Kammagondanahalli" }, "geometry": { "type": "MultiPolygon", "coordinates": [ [ [ [ 77.5301722, 13.0642646 ], [ 77.5302703, 13.0643645 ], [ 77.5304161, 13.0642769 ], [ 77.5306095, 13.0642886 ], [ 77.5306146, 13.0637716 ], [ 77.5303339, 13.0637401 ], [ 77.530041, 13.0637783 ], [ 77.5299973, 13.0638763 ], [ 77.5300092, 13.0642202 ], [ 77.5301722, 13.0642646 ] ] ] ] } },
{ "type": "Feature", "properties": { "fid": 19529, "KGISVillageID": 15449, "Category": "Settlement", "Kharab": "SETTLEMENT", "Surveynumber_Old": "SETTLEMENT", "KGISVill_2": "Abbigere" }, "geometry": { "type": "MultiPolygon", "coordinates": [ [ [ [ 77.5262083, 13.0775139 ], [ 77.5261183, 13.0772168 ], [ 77.5260016, 13.0771479 ], [ 77.5260722, 13.0769299 ], [ 77.5264661, 13.0768205 ], [ 77.5265898, 13.0764569 ], [ 77.5265244, 13.0764328 ], [ 77.5263652, 13.0765011 ], [ 77.5262484, 13.0763342 ], [ 77.5259681, 13.0763615 ], [ 77.5256322, 13.0759818 ], [ 77.5251112, 13.0760289 ], [ 77.5247996, 13.0762964 ], [ 77.5245383, 13.0763526 ], [ 77.5246305, 13.0767181 ], [ 77.5247199, 13.0770545 ], [ 77.5249684, 13.0771067 ], [ 77.5249655, 13.0772303 ], [ 77.5250537, 13.0773025 ], [ 77.5250879, 13.0772245 ], [ 77.5251954, 13.0772028 ], [ 77.5256268, 13.0771618 ], [ 77.525683, 13.0772844 ], [ 77.5259318, 13.0772944 ], [ 77.5259692, 13.0775596 ], [ 77.5260712, 13.0775486 ], [ 77.5262083, 13.0775139 ] ] ] ] } },
{ "type": "Feature", "properties": { "fid": 19612, "KGISVillageID": 15467, "Category": "Settlement", "Kharab": "SETTLEMENT", "Surveynumber_Old": "SETTLEMENT", "KGISVill_2": "J.I.Shettyhalli" }, "geometry": { "type": "MultiPolygon", "coordinates": [ [ [ [ 77.517353, 13.0648758 ], [ 77.5180284, 13.0649067 ], [ 77.5183001, 13.0650761 ], [ 77.5183889, 13.0655249 ], [ 77.5196008, 13.0650166 ], [ 77.5195904, 13.0648558 ], [ 77.5190107, 13.0650634 ], [ 77.5188141, 13.06493 ], [ 77.518383, 13.0649353 ], [ 77.5179207, 13.0647341 ], [ 77.5176737, 13.06469 ], [ 77.5175001, 13.064692 ], [ 77.51715, 13.0647438 ], [ 77.5170661, 13.0646677 ], [ 77.5170039, 13.0646193 ], [ 77.5167849, 13.0641999 ], [ 77.5163904, 13.0641353 ], [ 77.5159732, 13.0643178 ], [ 77.5159725, 13.0649305 ], [ 77.5161956, 13.0650624 ], [ 77.5164095, 13.0651022 ], [ 77.516432, 13.0654269 ], [ 77.5165819, 13.0654182 ], [ 77.5170413, 13.065363 ], [ 77.5172649, 13.0652971 ], [ 77.517353, 13.0648758 ] ] ] ] } },
{ "type": "Feature", "properties": { "fid": 19692, "KGISVillageID": 15465, "Category": "Settlement", "Kharab": "GRAMATHANA", "Surveynumber_Old": "GRAMATHANA", "KGISVill_2": "J.I.Mallasandra" }, "geometry": { "type": "MultiPolygon", "coordinates": [ [ [ [ 77.5128273, 13.0602722 ], [ 77.512866, 13.0600038 ], [ 77.5128163, 13.0594027 ], [ 77.5126113, 13.058877 ], [ 77.5123077, 13.0580482 ], [ 77.5121647, 13.0581098 ], [ 77.5120828, 13.0579589 ], [ 77.5116799, 13.0580232 ], [ 77.511448, 13.057912 ], [ 77.5112426, 13.0582528 ], [ 77.5113341, 13.0585997 ], [ 77.5114563, 13.058634 ], [ 77.5114613, 13.058851 ], [ 77.5114707, 13.0592328 ], [ 77.5115876, 13.059327 ], [ 77.5115903, 13.059482 ], [ 77.511689, 13.05954 ], [ 77.511707, 13.0598035 ], [ 77.5115903, 13.0598986 ], [ 77.5112258, 13.0600089 ], [ 77.5112784, 13.0601508 ], [ 77.5111638, 13.0602338 ], [ 77.5112429, 13.0603923 ], [ 77.5113782, 13.0604377 ], [ 77.5114342, 13.0601781 ], [ 77.5116835, 13.0601318 ], [ 77.5117366, 13.0600102 ], [ 77.5120322, 13.0599538 ], [ 77.5122828, 13.0601536 ], [ 77.5124725, 13.0601983 ], [ 77.5127755, 13.060453 ], [ 77.5128273, 13.0602722 ] ] ] ] } },
{ "type": "Feature", "properties": { "fid": 19753, "KGISVillageID": 15452, "Category": "Settlement", "Kharab": "SETTLEMENT", "Surveynumber_Old": "SETTLEMENT", "KGISVill_2": "Chikkasandra" }, "geometry": { "type": "MultiPolygon", "coordinates": [ [ [ [ 77.5090615, 13.0667017 ], [ 77.5085361, 13.0667628 ], [ 77.5085551, 13.0672271 ], [ 77.5084126, 13.0673364 ], [ 77.5086549, 13.0674931 ], [ 77.5091779, 13.0673724 ], [ 77.5090615, 13.0667017 ] ] ] ] } },
{ "type": "Feature", "properties": { "fid": 19913, "KGISVillageID": 15474, "Category": "Settlement", "Kharab": "SETTLEMENT", "Surveynumber_Old": "SETTLEMENT", "KGISVill_2": "K.G.Myadharahalli" }, "geometry": { "type": "MultiPolygon", "coordinates": [ [ [ [ 77.5138419, 13.0727614 ], [ 77.5137632, 13.0724022 ], [ 77.513714, 13.072346 ], [ 77.5135018, 13.0723565 ], [ 77.5134399, 13.0723868 ], [ 77.5133976, 13.0724297 ], [ 77.5129703, 13.0725863 ], [ 77.5130907, 13.0728937 ], [ 77.5133009, 13.0729 ], [ 77.5133502, 13.0728238 ], [ 77.5134197, 13.0729348 ], [ 77.5135424, 13.0728712 ], [ 77.5136877, 13.072818 ], [ 77.5138419, 13.0727614 ] ] ] ] } },
{ "type": "Feature", "properties": { "fid": 19987, "KGISVillageID": 21395, "Category": "Settlement", "Kharab": "SETTLEMENT", "Surveynumber_Old": "SETTLEMENT", "KGISVill_2": "Gedhlahalli" }, "geometry": { "type": "MultiPolygon", "coordinates": [ [ [ [ 77.6454344, 13.0493127 ], [ 77.6456985, 13.0492255 ], [ 77.6456777, 13.0489574 ], [ 77.6456317, 13.0488073 ], [ 77.6454751, 13.0485041 ], [ 77.6452739, 13.0483844 ], [ 77.6451739, 13.0480452 ], [ 77.6450131, 13.0478842 ], [ 77.6448038, 13.0477681 ], [ 77.6444401, 13.0477367 ], [ 77.6443358, 13.0478168 ], [ 77.6441676, 13.048121 ], [ 77.6437904, 13.048414 ], [ 77.6438821, 13.0485151 ], [ 77.6440342, 13.0489993 ], [ 77.6440788, 13.0491181 ], [ 77.6444948, 13.0492787 ], [ 77.6446395, 13.0492268 ], [ 77.6447931, 13.0493112 ], [ 77.6449109, 13.0492885 ], [ 77.6450932, 13.0492996 ], [ 77.645136, 13.0492006 ], [ 77.64532, 13.0492052 ], [ 77.6453275, 13.0493083 ], [ 77.6454344, 13.0493127 ] ] ] ] } },
{ "type": "Feature", "properties": { "fid": 20022, "KGISVillageID": 21391, "Category": "Settlement", "Kharab": "PALYA_MARIYANNANAPALYA", "Surveynumber_Old": "PALYA_MARIYANNANAPALYA", "KGISVill_2": "Dasarahalli" }, "geometry": { "type": "MultiPolygon", "coordinates": [ [ [ [ 77.6110736, 13.0485934 ], [ 77.6105126, 13.0482956 ], [ 77.610526, 13.0480405 ], [ 77.6094261, 13.0478115 ], [ 77.6093904, 13.0481589 ], [ 77.6094119, 13.0486424 ], [ 77.6103168, 13.0488683 ], [ 77.6102377, 13.0491882 ], [ 77.6109015, 13.0493136 ], [ 77.6111477, 13.0487606 ], [ 77.6110736, 13.0485934 ] ] ] ] } },
{ "type": "Feature", "properties": { "fid": 20048, "KGISVillageID": 21391, "Category": "Settlement", "Kharab": "SETTLEMENT", "Surveynumber_Old": "SETTLEMENT", "KGISVill_2": "Dasarahalli" }, "geometry": { "type": "MultiPolygon", "coordinates": [ [ [ [ 77.6112431, 13.0570128 ], [ 77.611297, 13.057129 ], [ 77.6114377, 13.0571353 ], [ 77.6114652, 13.0572555 ], [ 77.6116838, 13.0572378 ], [ 77.6116797, 13.0568784 ], [ 77.6115069, 13.0569302 ], [ 77.6115201, 13.0562406 ], [ 77.6113148, 13.0562604 ], [ 77.6111715, 13.0559073 ], [ 77.6108436, 13.0556878 ], [ 77.6103947, 13.0557184 ], [ 77.6100726, 13.0558202 ], [ 77.6100377, 13.0560513 ], [ 77.6100081, 13.0565436 ], [ 77.6100623, 13.0566741 ], [ 77.6103166, 13.0573453 ], [ 77.6112431, 13.0570128 ] ] ] ] } },
{ "type": "Feature", "properties": { "fid": 20175, "KGISVillageID": 21431, "Category": "Settlement", "Kharab": "SETTLEMENT", "Surveynumber_Old": "SETTLEMENT", "KGISVill_2": "Thanisandra" }, "geometry": { "type": "MultiPolygon", "coordinates": [ [ [ [ 77.6348702, 13.0568211 ], [ 77.6348363, 13.056157 ], [ 77.6347894, 13.0559573 ], [ 77.6346937, 13.0556194 ], [ 77.6343868, 13.05538 ], [ 77.6339647, 13.0553556 ], [ 77.6338337, 13.0551824 ], [ 77.6331768, 13.0553705 ], [ 77.6328691, 13.0556803 ], [ 77.632721, 13.0560208 ], [ 77.6327986, 13.056204 ], [ 77.6328222, 13.0563047 ], [ 77.6328427, 13.0569287 ], [ 77.633041, 13.0569904 ], [ 77.633276, 13.0570305 ], [ 77.6333623, 13.0573163 ], [ 77.6335806, 13.0573188 ], [ 77.6336383, 13.0573941 ], [ 77.634187, 13.0574615 ], [ 77.6342085, 13.0571912 ], [ 77.6343699, 13.0572522 ], [ 77.6344495, 13.0571553 ], [ 77.6348702, 13.0568211 ] ] ] ] } },
{ "type": "Feature", "properties": { "fid": 20349, "KGISVillageID": 21425, "Category": "Settlement", "Kharab": "SETTLEMENT", "Surveynumber_Old": "SETTLEMENT", "KGISVill_2": "Rachenahalli" }, "geometry": { "type": "MultiPolygon", "coordinates": [ [ [ [ 77.62405, 13.0587669 ], [ 77.6244759, 13.0586163 ], [ 77.6250509, 13.0584067 ], [ 77.6253587, 13.0582 ], [ 77.6254577, 13.0579155 ], [ 77.6255153, 13.0575924 ], [ 77.6254123, 13.0574268 ], [ 77.6251315, 13.057284 ], [ 77.6248876, 13.0566744 ], [ 77.6241841, 13.0568938 ], [ 77.6239505, 13.0570653 ], [ 77.6237688, 13.0572356 ], [ 77.623556, 13.057978 ], [ 77.6235972, 13.0584333 ], [ 77.6238331, 13.0587975 ], [ 77.6239075, 13.0588684 ], [ 77.62405, 13.0587669 ] ] ] ] } },
{ "type": "Feature", "properties": { "fid": 20388, "KGISVillageID": 15404, "Category": "Settlement", "Kharab": "SETTLEMENT", "Surveynumber_Old": "SETTLEMENT", "KGISVill_2": "K.G.Srirampura" }, "geometry": { "type": "MultiPolygon", "coordinates": [ [ [ [ 77.6203717, 13.065427 ], [ 77.6202138, 13.0655143 ], [ 77.6193689, 13.0653512 ], [ 77.6189481, 13.065414 ], [ 77.6188986, 13.0661747 ], [ 77.6183764, 13.0663614 ], [ 77.6181473, 13.0664656 ], [ 77.6179311, 13.0662516 ], [ 77.6173809, 13.0661938 ], [ 77.6172465, 13.0662151 ], [ 77.6169831, 13.0662873 ], [ 77.6168983, 13.0669311 ], [ 77.6168744, 13.0670783 ], [ 77.6173879, 13.0671348 ], [ 77.6179271, 13.0671063 ], [ 77.61813, 13.0670329 ], [ 77.6182222, 13.0668197 ], [ 77.6193837, 13.0666323 ], [ 77.6201303, 13.0665229 ], [ 77.6201868, 13.0665134 ], [ 77.6203717, 13.065427 ] ] ] ] } },
{ "type": "Feature", "properties": { "fid": 20581, "KGISVillageID": 15385, "Category": "Settlement", "Kharab": "SETTLEMENT", "Surveynumber_Old": "SETTLEMENT", "KGISVill_2": "Jakkuru" }, "geometry": { "type": "MultiPolygon", "coordinates": [ [ [ [ 77.6065049, 13.0806097 ], [ 77.6068098, 13.0804936 ], [ 77.6069581, 13.0805794 ], [ 77.6073813, 13.080415 ], [ 77.6074547, 13.0803567 ], [ 77.6075795, 13.0802577 ], [ 77.6077918, 13.0799886 ], [ 77.6077976, 13.0797873 ], [ 77.6077202, 13.0793408 ], [ 77.6078841, 13.0793081 ], [ 77.6080064, 13.0792837 ], [ 77.6081186, 13.0791521 ], [ 77.608093, 13.0789636 ], [ 77.6077765, 13.0790037 ], [ 77.6075414, 13.0790489 ], [ 77.6074056, 13.0789531 ], [ 77.6072508, 13.078992 ], [ 77.606871, 13.0785626 ], [ 77.6065358, 13.0779842 ], [ 77.6065224, 13.0779611 ], [ 77.6060076, 13.0770206 ], [ 77.6058262, 13.0770752 ], [ 77.6061473, 13.0780569 ], [ 77.6054441, 13.0784129 ], [ 77.6054458, 13.0785992 ], [ 77.6055674, 13.07891 ], [ 77.6056281, 13.079809 ], [ 77.6058367, 13.0801864 ], [ 77.6061764, 13.0804654 ], [ 77.606412, 13.0806278 ], [ 77.6065049, 13.0806097 ] ] ] ] } },
{ "type": "Feature", "properties": { "fid": 20687, "KGISVillageID": 15410, "Category": "Settlement", "Kharab": "SETTLEMENT", "Surveynumber_Old": "SETTLEMENT", "KGISVill_2": "K.G.Venkateshawarapura" }, "geometry": { "type": "MultiPolygon", "coordinates": [ [ [ [ 77.6181596, 13.0753642 ], [ 77.6180893, 13.0749407 ], [ 77.6180679, 13.0748122 ], [ 77.6179975, 13.0743878 ], [ 77.6167129, 13.074428 ], [ 77.6169924, 13.0754723 ], [ 77.6181596, 13.0753642 ] ] ] ] } },
{ "type": "Feature", "properties": { "fid": 20706, "KGISVillageID": 15426, "Category": "Settlement", "Kharab": "SETTLEMENT", "Surveynumber_Old": "SETTLEMENT", "KGISVill_2": "Sampigehalli" }, "geometry": { "type": "MultiPolygon", "coordinates": [ [ [ [ 77.61778, 13.0822597 ], [ 77.6179123, 13.0824833 ], [ 77.6182886, 13.0827858 ], [ 77.6188046, 13.0825469 ], [ 77.6190227, 13.0819388 ], [ 77.6189444, 13.0813611 ], [ 77.6185981, 13.0812598 ], [ 77.6180674, 13.0813735 ], [ 77.617939, 13.081182 ], [ 77.6176569, 13.0812386 ], [ 77.6175529, 13.081306 ], [ 77.6175411, 13.0817896 ], [ 77.6175456, 13.0822419 ], [ 77.61778, 13.0822597 ] ] ] ] } },
{ "type": "Feature", "properties": { "fid": 20724, "KGISVillageID": 15372, "Category": "Settlement", "Kharab": "SETTLEMENT", "Surveynumber_Old": "SETTLEMENT", "KGISVill_2": "Agrahara" }, "geometry": { "type": "MultiPolygon", "coordinates": [ [ [ [ 77.6192918, 13.0919953 ], [ 77.6193676, 13.0920295 ], [ 77.6194972, 13.0920881 ], [ 77.6194066, 13.0918263 ], [ 77.6195685, 13.0914489 ], [ 77.6197497, 13.0914106 ], [ 77.6196107, 13.0912651 ], [ 77.6197041, 13.0910364 ], [ 77.6197109, 13.090683 ], [ 77.6194766, 13.0903796 ], [ 77.6191732, 13.0904259 ], [ 77.618784, 13.090397 ], [ 77.6180561, 13.0904961 ], [ 77.6178781, 13.0905876 ], [ 77.6178858, 13.0908003 ], [ 77.6178722, 13.0909853 ], [ 77.6178235, 13.0914915 ], [ 77.618106, 13.0917988 ], [ 77.6183537, 13.0919843 ], [ 77.6186798, 13.0919832 ], [ 77.6192259, 13.0919655 ], [ 77.6192918, 13.0919953 ] ] ] ] } },
{ "type": "Feature", "properties": { "fid": 20922, "KGISVillageID": 15414, "Category": "Settlement", "Kharab": "SETTLEMENT", "Surveynumber_Old": "SETTLEMENT", "KGISVill_2": "Kogilu" }, "geometry": { "type": "MultiPolygon", "coordinates": [ [ [ [ 77.6174082, 13.1040628 ], [ 77.6179293, 13.1035152 ], [ 77.6177873, 13.1027916 ], [ 77.6164696, 13.102644 ], [ 77.6162283, 13.1030659 ], [ 77.6163174, 13.1032034 ], [ 77.6163288, 13.1035104 ], [ 77.6164583, 13.1038706 ], [ 77.6166164, 13.1041338 ], [ 77.6172918, 13.1042395 ], [ 77.6174082, 13.1040628 ] ] ] ] } },
{ "type": "Feature", "properties": { "fid": 20959, "KGISVillageID": 15403, "Category": "Settlement", "Kharab": "SETTLEMENT", "Surveynumber_Old": "SETTLEMENT", "KGISVill_2": "K.G.Srinivasapura" }, "geometry": { "type": "MultiPolygon", "coordinates": [ [ [ [ 77.6230992, 13.1047079 ], [ 77.6231992, 13.105077 ], [ 77.6232137, 13.1051675 ], [ 77.6233196, 13.1051307 ], [ 77.6237944, 13.105034 ], [ 77.6240202, 13.1049853 ], [ 77.62409, 13.1049705 ], [ 77.6240537, 13.1048982 ], [ 77.6239417, 13.1046045 ], [ 77.6239026, 13.1045062 ], [ 77.6233581, 13.1046056 ], [ 77.6231729, 13.1045882 ], [ 77.6230765, 13.1045749 ], [ 77.6230992, 13.1047079 ] ] ] ] } },
{ "type": "Feature", "properties": { "fid": 21033, "KGISVillageID": 15393, "Category": "Settlement", "Kharab": "SETTLEMENT", "Surveynumber_Old": "SETTLEMENT", "KGISVill_2": "K.G.Chokkanahalli" }, "geometry": { "type": "MultiPolygon", "coordinates": [ [ [ [ 77.6268917, 13.0847816 ], [ 77.6268647, 13.0844538 ], [ 77.6267074, 13.0844567 ], [ 77.626506, 13.0843207 ], [ 77.6262988, 13.0843719 ], [ 77.6261082, 13.0841274 ], [ 77.6261355, 13.0838921 ], [ 77.6258544, 13.0838916 ], [ 77.6257328, 13.0840679 ], [ 77.6257711, 13.0841353 ], [ 77.625834, 13.0842437 ], [ 77.6258472, 13.0846473 ], [ 77.6259123, 13.0849174 ], [ 77.6259915, 13.0851263 ], [ 77.6260622, 13.0852577 ], [ 77.6267304, 13.0852282 ], [ 77.6268857, 13.0852008 ], [ 77.6268822, 13.0848768 ], [ 77.6268917, 13.0847816 ] ] ] ] } },
{ "type": "Feature", "properties": { "fid": 21142, "KGISVillageID": 15425, "Category": "Settlement", "Kharab": "SETTLEMENT", "Surveynumber_Old": "SETTLEMENT", "KGISVill_2": "S.I.Thirumenahalli" }, "geometry": { "type": "MultiPolygon", "coordinates": [ [ [ [ 77.633135, 13.09054 ], [ 77.6329726, 13.0897808 ], [ 77.6328997, 13.0890101 ], [ 77.6326452, 13.0886609 ], [ 77.6323757, 13.0887383 ], [ 77.6316113, 13.0889987 ], [ 77.6312983, 13.0891154 ], [ 77.6314387, 13.0894439 ], [ 77.6312259, 13.0895747 ], [ 77.6314711, 13.0905195 ], [ 77.6324883, 13.0905428 ], [ 77.633135, 13.09054 ] ] ] ] } },
{ "type": "Feature", "properties": { "fid": 21244, "KGISVillageID": 15422, "Category": "Settlement", "Kharab": "SETTLEMENT", "Surveynumber_Old": "SETTLEMENT", "KGISVill_2": "S.I.Bellahalli" }, "geometry": { "type": "MultiPolygon", "coordinates": [ [ [ [ 77.6428951, 13.1008032 ], [ 77.6434528, 13.1005959 ], [ 77.6439374, 13.100425 ], [ 77.6439421, 13.1000493 ], [ 77.6436083, 13.1001124 ], [ 77.6435077, 13.0998229 ], [ 77.6432051, 13.0994102 ], [ 77.6424503, 13.0993661 ], [ 77.6422868, 13.0991024 ], [ 77.6418481, 13.0992268 ], [ 77.6416522, 13.0994693 ], [ 77.641701, 13.0995694 ], [ 77.6418038, 13.0998646 ], [ 77.6417981, 13.1002034 ], [ 77.6416437, 13.1003158 ], [ 77.6417325, 13.1005856 ], [ 77.6419501, 13.1005246 ], [ 77.6419806, 13.100594 ], [ 77.6419774, 13.100707 ], [ 77.642119, 13.1007573 ], [ 77.6424554, 13.1007761 ], [ 77.6426095, 13.1007848 ], [ 77.6428951, 13.1008032 ] ] ] ] } },
{ "type": "Feature", "properties": { "fid": 21341, "KGISVillageID": 21418, "Category": "Settlement", "Kharab": "SETTLEMENT", "Surveynumber_Old": "SETTLEMENT", "KGISVill_2": "Kottanuru Narayanapura" }, "geometry": { "type": "MultiPolygon", "coordinates": [ [ [ [ 77.641313, 13.0646432 ], [ 77.6413609, 13.0648535 ], [ 77.6415228, 13.0649072 ], [ 77.6415241, 13.0649075 ], [ 77.6419252, 13.0650015 ], [ 77.6421398, 13.0648639 ], [ 77.6422575, 13.0646704 ], [ 77.6422105, 13.0642846 ], [ 77.6423282, 13.0641959 ], [ 77.6426136, 13.0641578 ], [ 77.6425261, 13.0639962 ], [ 77.6424206, 13.0640324 ], [ 77.6423601, 13.06382 ], [ 77.6421723, 13.0638226 ], [ 77.6421134, 13.0638234 ], [ 77.6419893, 13.0637762 ], [ 77.6419259, 13.0636273 ], [ 77.6414401, 13.0637058 ], [ 77.6411533, 13.0639623 ], [ 77.6409103, 13.0640562 ], [ 77.6409333, 13.0645682 ], [ 77.641195, 13.0646708 ], [ 77.641313, 13.0646432 ] ] ] ] } },
{ "type": "Feature", "properties": { "fid": 21450, "KGISVillageID": 21422, "Category": "Settlement", "Kharab": "SETTLEMENT", "Surveynumber_Old": "SETTLEMENT", "KGISVill_2": "Nagareshwara Nagenahalli" }, "geometry": { "type": "MultiPolygon", "coordinates": [ [ [ [ 77.6440313, 13.0698273 ], [ 77.643533, 13.0700043 ], [ 77.642954, 13.0699459 ], [ 77.6430177, 13.0705159 ], [ 77.6429911, 13.0708502 ], [ 77.6435642, 13.0708211 ], [ 77.6441196, 13.0707623 ], [ 77.6440313, 13.0698273 ] ] ] ] } },
{ "type": "Feature", "properties": { "fid": 21585, "KGISVillageID": 15347, "Category": "Settlement", "Kharab": "SETTLEMENT", "Surveynumber_Old": "SETTLEMENT", "KGISVill_2": "K.G.Kattigenahalli" }, "geometry": { "type": "MultiPolygon", "coordinates": [ [ [ [ 77.6263836, 13.1192217 ], [ 77.6272231, 13.1192224 ], [ 77.6271808, 13.118143 ], [ 77.6264715, 13.1179493 ], [ 77.6264159, 13.1178021 ], [ 77.6264347, 13.1174871 ], [ 77.6262124, 13.1173154 ], [ 77.6263031, 13.1169227 ], [ 77.6263301, 13.116517 ], [ 77.626345, 13.1163897 ], [ 77.6258906, 13.1164111 ], [ 77.6259124, 13.1166603 ], [ 77.6255787, 13.116869 ], [ 77.6251295, 13.1167203 ], [ 77.6250908, 13.1168375 ], [ 77.6249539, 13.1177803 ], [ 77.6250148, 13.1181713 ], [ 77.6253974, 13.1181727 ], [ 77.6256644, 13.1189187 ], [ 77.6258292, 13.1189903 ], [ 77.6263836, 13.1192217 ] ] ] ] } },
{ "type": "Feature", "properties": { "fid": 21708, "KGISVillageID": 15347, "Category": "Settlement", "Kharab": "SETTLEMENT_MAJARE", "Surveynumber_Old": "SETTLEMENT_MAJARE", "KGISVill_2": "K.G.Kattigenahalli" }, "geometry": { "type": "MultiPolygon", "coordinates": [ [ [ [ 77.6152872, 13.1168093 ], [ 77.6154507, 13.1160901 ], [ 77.6150161, 13.1161475 ], [ 77.6148833, 13.1155297 ], [ 77.6148408, 13.1153307 ], [ 77.61435, 13.1153949 ], [ 77.6143233, 13.1152411 ], [ 77.6142022, 13.1152726 ], [ 77.614122, 13.1153368 ], [ 77.6138649, 13.1153686 ], [ 77.6137356, 13.1153523 ], [ 77.6137508, 13.1158007 ], [ 77.6129389, 13.1158702 ], [ 77.6129028, 13.1165332 ], [ 77.6134192, 13.1165218 ], [ 77.6145611, 13.1164978 ], [ 77.6145907, 13.1167859 ], [ 77.6152872, 13.1168093 ] ] ] ] } },
{ "type": "Feature", "properties": { "fid": 21758, "KGISVillageID": 15439, "Category": "Settlement", "Kharab": "SETTLEMENT", "Surveynumber_Old": "SETTLEMENT", "KGISVill_2": "Venkatala" }, "geometry": { "type": "MultiPolygon", "coordinates": [ [ [ [ 77.6036319, 13.1119965 ], [ 77.6037933, 13.1120379 ], [ 77.6038759, 13.1120032 ], [ 77.603944, 13.1119745 ], [ 77.6047084, 13.1116527 ], [ 77.6046453, 13.111552 ], [ 77.6045604, 13.1114284 ], [ 77.6037725, 13.1116842 ], [ 77.6037264, 13.1116992 ], [ 77.6035948, 13.1110953 ], [ 77.6035777, 13.1110171 ], [ 77.6032764, 13.1109047 ], [ 77.6028867, 13.1107801 ], [ 77.6023063, 13.1109615 ], [ 77.6022014, 13.1110176 ], [ 77.6022509, 13.1113756 ], [ 77.6021688, 13.1116812 ], [ 77.6022746, 13.1118863 ], [ 77.6024759, 13.1120312 ], [ 77.6023679, 13.1123816 ], [ 77.6024717, 13.1123637 ], [ 77.6030058, 13.1122897 ], [ 77.6030031, 13.1122146 ], [ 77.602999, 13.1120985 ], [ 77.6030954, 13.1120681 ], [ 77.6032809, 13.1120096 ], [ 77.6036319, 13.1119965 ] ] ] ] } },
{ "type": "Feature", "properties": { "fid": 21833, "KGISVillageID": 15408, "Category": "Settlement", "Kharab": "SETTLEMENT", "Surveynumber_Old": "SETTLEMENT", "KGISVill_2": "K.G.Vasudevapura" }, "geometry": { "type": "MultiPolygon", "coordinates": [ [ [ [ 77.5897608, 13.120813 ], [ 77.5897879, 13.1205323 ], [ 77.589394, 13.1205502 ], [ 77.5892666, 13.1204526 ], [ 77.5892311, 13.1206471 ], [ 77.5892161, 13.1209656 ], [ 77.5898428, 13.1209459 ], [ 77.5897608, 13.120813 ] ] ] ] } },
{ "type": "Feature", "properties": { "fid": 22052, "KGISVillageID": 15383, "Category": "Settlement", "Kharab": "SETTLEMENT_GRAMLHAGEENAHALLI", "Surveynumber_Old": "SETTLEMENT_GRAMLHAGEENAHALLI", "KGISVill_2": "Harohalli" }, "geometry": { "type": "MultiPolygon", "coordinates": [ [ [ [ 77.5744979, 13.1320836 ], [ 77.5743889, 13.131954 ], [ 77.5744109, 13.1317778 ], [ 77.5743391, 13.1316042 ], [ 77.5741313, 13.131406 ], [ 77.5741094, 13.1313196 ], [ 77.5742509, 13.1313049 ], [ 77.5743468, 13.1314655 ], [ 77.5746352, 13.131421 ], [ 77.5746447, 13.1315436 ], [ 77.5747039, 13.1316662 ], [ 77.5753691, 13.1313225 ], [ 77.5754585, 13.1312854 ], [ 77.575496, 13.1312231 ], [ 77.5755528, 13.1311504 ], [ 77.5754552, 13.1311482 ], [ 77.5753996, 13.1311365 ], [ 77.5753533, 13.1311067 ], [ 77.5753621, 13.1307101 ], [ 77.5753541, 13.1300317 ], [ 77.5745021, 13.1302683 ], [ 77.5740697, 13.130175 ], [ 77.5739054, 13.130197 ], [ 77.5735066, 13.1304962 ], [ 77.5735862, 13.1307588 ], [ 77.5738589, 13.1311177 ], [ 77.5739688, 13.1312557 ], [ 77.5740067, 13.1314692 ], [ 77.5739617, 13.1318507 ], [ 77.5741574, 13.1318429 ], [ 77.574201, 13.1319761 ], [ 77.5743075, 13.1319616 ], [ 77.5743358, 13.1321097 ], [ 77.5744979, 13.1320836 ] ] ] ] } },
{ "type": "Feature", "properties": { "fid": 22082, "KGISVillageID": 15383, "Category": "Settlement", "Kharab": "SETTLEMENT", "Surveynumber_Old": "SETTLEMENT", "KGISVill_2": "Harohalli" }, "geometry": { "type": "MultiPolygon", "coordinates": [ [ [ [ 77.5800177, 13.131552 ], [ 77.5801493, 13.1311859 ], [ 77.5803852, 13.1307642 ], [ 77.5804469, 13.1304176 ], [ 77.5804673, 13.1301516 ], [ 77.5804311, 13.129981 ], [ 77.5802432, 13.1300531 ], [ 77.5799377, 13.1300722 ], [ 77.5796628, 13.1300259 ], [ 77.5789731, 13.1301201 ], [ 77.578644, 13.1305106 ], [ 77.5788051, 13.1310526 ], [ 77.5791603, 13.1313377 ], [ 77.5795277, 13.1314952 ], [ 77.5795343, 13.1317308 ], [ 77.5793448, 13.1319137 ], [ 77.579646, 13.13197 ], [ 77.5800177, 13.131552 ] ] ] ] } },
{ "type": "Feature", "properties": { "fid": 22173, "KGISVillageID": 15412, "Category": "Settlement", "Kharab": "SETTLEMENT", "Surveynumber_Old": "SETTLEMENT", "KGISVill_2": "Kenchenahalli" }, "geometry": { "type": "MultiPolygon", "coordinates": [ [ [ [ 77.5850124, 13.120415 ], [ 77.5852945, 13.1203982 ], [ 77.5854369, 13.1203443 ], [ 77.5853774, 13.1200754 ], [ 77.5853957, 13.1197679 ], [ 77.5855513, 13.1196096 ], [ 77.585059, 13.1196089 ], [ 77.5846413, 13.1196864 ], [ 77.5841563, 13.1196571 ], [ 77.5840261, 13.1196555 ], [ 77.5840081, 13.119827 ], [ 77.5845596, 13.1197768 ], [ 77.5846652, 13.1208359 ], [ 77.5851193, 13.120849 ], [ 77.5850124, 13.120415 ] ] ] ] } },
{ "type": "Feature", "properties": { "fid": 22176, "KGISVillageID": 15412, "Category": "Settlement", "Kharab": "PALYA", "Surveynumber_Old": "PALYA", "KGISVill_2": "Kenchenahalli" }, "geometry": { "type": "MultiPolygon", "coordinates": [ [ [ [ 77.5845888, 13.1187122 ], [ 77.5845397, 13.1183034 ], [ 77.5841374, 13.118467 ], [ 77.5841556, 13.1187371 ], [ 77.5845888, 13.1187122 ] ] ] ] } },
{ "type": "Feature", "properties": { "fid": 22273, "KGISVillageID": 15391, "Category": "Settlement", "Kharab": "MAJARE", "Surveynumber_Old": "MAJARE", "KGISVill_2": "K.G.Ananthapura" }, "geometry": { "type": "MultiPolygon", "coordinates": [ [ [ [ 77.5693033, 13.115612 ], [ 77.5702967, 13.1154583 ], [ 77.5702409, 13.1150883 ], [ 77.5701503, 13.1145667 ], [ 77.5701197, 13.114445 ], [ 77.5700925, 13.1143372 ], [ 77.5693454, 13.1143407 ], [ 77.5685155, 13.1143175 ], [ 77.568533, 13.1144057 ], [ 77.5687141, 13.1155596 ], [ 77.5687362, 13.1157011 ], [ 77.5693033, 13.115612 ] ] ] ] } },
{ "type": "Feature", "properties": { "fid": 22310, "KGISVillageID": 15391, "Category": "Settlement", "Kharab": "SETTLEMENT", "Surveynumber_Old": "SETTLEMENT", "KGISVill_2": "K.G.Ananthapura" }, "geometry": { "type": "MultiPolygon", "coordinates": [ [ [ [ 77.568137, 13.1151138 ], [ 77.5679205, 13.1144919 ], [ 77.5678787, 13.1143884 ], [ 77.5676897, 13.1137657 ], [ 77.5675784, 13.1138217 ], [ 77.5675473, 13.1141164 ], [ 77.5675278, 13.1142606 ], [ 77.5672222, 13.1143006 ], [ 77.5668364, 13.1143933 ], [ 77.5668578, 13.1149109 ], [ 77.5668634, 13.1150338 ], [ 77.5670238, 13.1156668 ], [ 77.568131, 13.1153787 ], [ 77.568137, 13.1151138 ] ] ] ] } },
{ "type": "Feature", "properties": { "fid": 22430, "KGISVillageID": 15424, "Category": "Settlement", "Kharab": "SETTLEMENT", "Surveynumber_Old": "SETTLEMENT", "KGISVill_2": "S.I.Singapura" }, "geometry": { "type": "MultiPolygon", "coordinates": [ [ [ [ 77.5387281, 13.0784844 ], [ 77.5389435, 13.0784293 ], [ 77.5389363, 13.0781416 ], [ 77.53857, 13.0781694 ], [ 77.5384974, 13.0780463 ], [ 77.5383959, 13.0778328 ], [ 77.5380971, 13.0778245 ], [ 77.5375721, 13.0778104 ], [ 77.5370399, 13.0780738 ], [ 77.5371691, 13.0786488 ], [ 77.5375339, 13.0787175 ], [ 77.537893, 13.0794663 ], [ 77.5383769, 13.0794224 ], [ 77.5381526, 13.0788422 ], [ 77.5385027, 13.0786537 ], [ 77.538712, 13.0786847 ], [ 77.5387281, 13.0784844 ] ] ] ] } },
{ "type": "Feature", "properties": { "fid": 22446, "KGISVillageID": 15387, "Category": "Settlement", "Kharab": "PALYA_GIDADAPALYA", "Surveynumber_Old": "PALYA_GIDADAPALYA", "KGISVill_2": "Jarakabandekaval" }, "geometry": { "type": "MultiPolygon", "coordinates": [ [ [ [ 77.5358098, 13.059995 ], [ 77.5360747, 13.0607431 ], [ 77.5365641, 13.0605783 ], [ 77.537011, 13.0604324 ], [ 77.5366533, 13.0596764 ], [ 77.5366717, 13.0596025 ], [ 77.5358098, 13.059995 ] ] ] ] } },
{ "type": "Feature", "properties": { "fid": 22518, "KGISVillageID": 15388, "Category": "Settlement", "Kharab": "PALYA_MAHAMARESHABARAPALYA", "Surveynumber_Old": "PALYA_MAHAMARESHABARAPALYA", "KGISVill_2": "Jarakabandekaval" }, "geometry": { "type": "MultiPolygon", "coordinates": [ [ [ [ 77.5524986, 13.0809001 ], [ 77.5527652, 13.0810663 ], [ 77.5533575, 13.0809376 ], [ 77.5531555, 13.0801486 ], [ 77.5524004, 13.0804526 ], [ 77.5524986, 13.0809001 ] ] ] ] } },
{ "type": "Feature", "properties": { "fid": 22541, "KGISVillageID": 15400, "Category": "Settlement", "Kharab": "SETTLEMENT", "Surveynumber_Old": "SETTLEMENT", "KGISVill_2": "K.G.Narasipura" }, "geometry": { "type": "MultiPolygon", "coordinates": [ [ [ [ 77.5585082, 13.075846 ], [ 77.5582994, 13.075814 ], [ 77.5580093, 13.075803 ], [ 77.5577147, 13.0758748 ], [ 77.5577666, 13.0760452 ], [ 77.5575837, 13.0760912 ], [ 77.5575935, 13.0763867 ], [ 77.5576864, 13.0766729 ], [ 77.5578556, 13.0767054 ], [ 77.5582445, 13.0765653 ], [ 77.5587781, 13.0765306 ], [ 77.5585082, 13.075846 ] ] ] ] } },
{ "type": "Feature", "properties": { "fid": 22561, "KGISVillageID": 15401, "Category": "Settlement", "Kharab": "HATTI", "Surveynumber_Old": "HATTI", "KGISVill_2": "K.G.Ramachandrapura" }, "geometry": { "type": "MultiPolygon", "coordinates": [ [ [ [ 77.5522868, 13.0644218 ], [ 77.5525557, 13.0643171 ], [ 77.5525044, 13.0640457 ], [ 77.5523883, 13.0637195 ], [ 77.5521799, 13.0637049 ], [ 77.5520529, 13.0637056 ], [ 77.551651, 13.0639321 ], [ 77.5517503, 13.0643817 ], [ 77.5520572, 13.0643876 ], [ 77.5521788, 13.0645748 ], [ 77.5523204, 13.064541 ], [ 77.5522868, 13.0644218 ] ] ] ] } },
{ "type": "Feature", "properties": { "fid": 22566, "KGISVillageID": 15401, "Category": "Settlement", "Kharab": "SETTLEMENT", "Surveynumber_Old": "SETTLEMENT", "KGISVill_2": "K.G.Ramachandrapura" }, "geometry": { "type": "MultiPolygon", "coordinates": [ [ [ [ 77.5507541, 13.0635217 ], [ 77.5509744, 13.0635385 ], [ 77.5517372, 13.0632215 ], [ 77.5520372, 13.0631477 ], [ 77.5521593, 13.0630891 ], [ 77.5520415, 13.0627165 ], [ 77.5520585, 13.062551 ], [ 77.5519589, 13.0625563 ], [ 77.5518774, 13.062323 ], [ 77.5519506, 13.0622312 ], [ 77.5517643, 13.0618512 ], [ 77.5517162, 13.0615896 ], [ 77.5515401, 13.0616332 ], [ 77.5514342, 13.0614855 ], [ 77.5511069, 13.0615474 ], [ 77.5511381, 13.0611575 ], [ 77.5509716, 13.0611664 ], [ 77.5506495, 13.0612444 ], [ 77.5509325, 13.0621147 ], [ 77.5504383, 13.0622206 ], [ 77.5496549, 13.0624688 ], [ 77.5495109, 13.0621334 ], [ 77.5493753, 13.0615952 ], [ 77.5497062, 13.0614309 ], [ 77.5496627, 13.0610238 ], [ 77.5498472, 13.0609735 ], [ 77.5498036, 13.0605135 ], [ 77.549331, 13.0605867 ], [ 77.5490935, 13.0606238 ], [ 77.5492176, 13.0615252 ], [ 77.5489243, 13.0615878 ], [ 77.5490512, 13.0618009 ], [ 77.5492836, 13.0623034 ], [ 77.5493869, 13.0626833 ], [ 77.5502674, 13.0641426 ], [ 77.5505008, 13.0642684 ], [ 77.5503664, 13.0638307 ], [ 77.5507809, 13.0636351 ], [ 77.5507541, 13.0635217 ] ] ] ] } },
{ "type": "Feature", "properties": { "fid": 22576, "KGISVillageID": 15401, "Category": "Settlement", "Kharab": "MAJARE", "Surveynumber_Old": "MAJARE", "KGISVill_2": "K.G.Ramachandrapura" }, "geometry": { "type": "MultiPolygon", "coordinates": [ [ [ [ 77.5514103, 13.06028 ], [ 77.5515851, 13.0602769 ], [ 77.5516382, 13.0601197 ], [ 77.5519824, 13.0601127 ], [ 77.5518103, 13.0599046 ], [ 77.5513504, 13.059869 ], [ 77.5512877, 13.0600597 ], [ 77.5513181, 13.0602082 ], [ 77.5513554, 13.0602938 ], [ 77.5514103, 13.06028 ] ] ] ] } },
{ "type": "Feature", "properties": { "fid": 22609, "KGISVillageID": 15380, "Category": "Settlement", "Kharab": "SETTLEMENT", "Surveynumber_Old": "SETTLEMENT", "KGISVill_2": "Doddabommasandra" }, "geometry": { "type": "MultiPolygon", "coordinates": [ [ [ [ 77.558685, 13.0602229 ], [ 77.5588553, 13.0601091 ], [ 77.5593223, 13.059788 ], [ 77.5591616, 13.0596713 ], [ 77.5589346, 13.0596846 ], [ 77.5589279, 13.0594104 ], [ 77.5586875, 13.0594292 ], [ 77.558496, 13.059008 ], [ 77.5583371, 13.0589882 ], [ 77.5581455, 13.0587982 ], [ 77.5580558, 13.0589741 ], [ 77.5575765, 13.0590826 ], [ 77.5574103, 13.0591824 ], [ 77.557261, 13.0593754 ], [ 77.5574272, 13.0597945 ], [ 77.5574611, 13.0598973 ], [ 77.5574052, 13.0599464 ], [ 77.5576314, 13.0602557 ], [ 77.5578853, 13.0602459 ], [ 77.558685, 13.0602229 ] ] ] ] } },
{ "type": "Feature", "properties": { "fid": 22771, "KGISVillageID": 15377, "Category": "Settlement", "Kharab": "SETTLEMENT", "Surveynumber_Old": "SETTLEMENT", "KGISVill_2": "Chikkabettahalli" }, "geometry": { "type": "MultiPolygon", "coordinates": [ [ [ [ 77.5541872, 13.0898565 ], [ 77.5548266, 13.0893452 ], [ 77.5559432, 13.088799 ], [ 77.5557618, 13.0880687 ], [ 77.5553038, 13.0880752 ], [ 77.5547854, 13.0882346 ], [ 77.5543652, 13.0889662 ], [ 77.5542447, 13.0891066 ], [ 77.5536664, 13.0894735 ], [ 77.5541872, 13.0898565 ] ] ] ] } },
{ "type": "Feature", "properties": { "fid": 22809, "KGISVillageID": 15379, "Category": "Settlement", "Kharab": "SETTLEMENT", "Surveynumber_Old": "SETTLEMENT", "KGISVill_2": "Doddabettahalli" }, "geometry": { "type": "MultiPolygon", "coordinates": [ [ [ [ 77.5554769, 13.0942336 ], [ 77.5554316, 13.0937705 ], [ 77.554837, 13.0930699 ], [ 77.5530699, 13.093615 ], [ 77.553053, 13.0939017 ], [ 77.5533297, 13.0939531 ], [ 77.5533308, 13.0939533 ], [ 77.5535134, 13.094105 ], [ 77.5537217, 13.0940854 ], [ 77.5538422, 13.0943361 ], [ 77.554186, 13.0943479 ], [ 77.5547889, 13.0940934 ], [ 77.5549924, 13.0948826 ], [ 77.5556038, 13.0947053 ], [ 77.5554769, 13.0942336 ] ] ] ] } },
{ "type": "Feature", "properties": { "fid": 22891, "KGISVillageID": 15375, "Category": "Settlement", "Kharab": "SETTLEMENT", "Surveynumber_Old": "SETTLEMENT", "KGISVill_2": "Atturu" }, "geometry": { "type": "MultiPolygon", "coordinates": [ [ [ [ 77.5657218, 13.1084802 ], [ 77.5658093, 13.1078529 ], [ 77.5658439, 13.1076052 ], [ 77.5657874, 13.1073481 ], [ 77.5659606, 13.1068014 ], [ 77.5654958, 13.106848 ], [ 77.5646579, 13.106945 ], [ 77.5642465, 13.1069932 ], [ 77.5639796, 13.1069657 ], [ 77.5640274, 13.1070638 ], [ 77.5642288, 13.1071162 ], [ 77.5641629, 13.107273 ], [ 77.5638115, 13.1071667 ], [ 77.5636454, 13.1072088 ], [ 77.5636282, 13.1073515 ], [ 77.5637792, 13.1073257 ], [ 77.5638055, 13.1074884 ], [ 77.5639759, 13.1074032 ], [ 77.5640005, 13.1075125 ], [ 77.5639884, 13.1078223 ], [ 77.5639881, 13.1078296 ], [ 77.5640071, 13.1079675 ], [ 77.5642747, 13.1078795 ], [ 77.564272, 13.1079702 ], [ 77.5642891, 13.1083565 ], [ 77.5643485, 13.1083499 ], [ 77.5654679, 13.1082468 ], [ 77.5655332, 13.1083143 ], [ 77.5655591, 13.108385 ], [ 77.5655436, 13.1084572 ], [ 77.5657218, 13.1084802 ] ] ] ] } },
{ "type": "Feature", "properties": { "fid": 22930, "KGISVillageID": 15423, "Category": "Settlement", "Kharab": "SETTLEMENT", "Surveynumber_Old": "SETTLEMENT", "KGISVill_2": "S.I.Mandalakunte" }, "geometry": { "type": "MultiPolygon", "coordinates": [ [ [ [ 77.5749858, 13.1094935 ], [ 77.5749891, 13.109372 ], [ 77.5749946, 13.1091652 ], [ 77.5749912, 13.1087877 ], [ 77.5749908, 13.1087532 ], [ 77.5741445, 13.1086789 ], [ 77.5740868, 13.1093715 ], [ 77.5749212, 13.1094825 ], [ 77.5749858, 13.1094935 ] ] ] ] } },
{ "type": "Feature", "properties": { "fid": 22979, "KGISVillageID": 15378, "Category": "Settlement", "Kharab": "SETTLEMENT", "Surveynumber_Old": "SETTLEMENT", "KGISVill_2": "Chikkabommasandra" }, "geometry": { "type": "MultiPolygon", "coordinates": [ [ [ [ 77.5805055, 13.0913205 ], [ 77.5803271, 13.0910781 ], [ 77.5798138, 13.0908428 ], [ 77.5793298, 13.091258 ], [ 77.5792729, 13.0913011 ], [ 77.579549, 13.0919701 ], [ 77.5803613, 13.0918647 ], [ 77.5806547, 13.0915039 ], [ 77.5805055, 13.0913205 ] ] ] ] } },
{ "type": "Feature", "properties": { "fid": 23043, "KGISVillageID": 15420, "Category": "Settlement", "Kharab": "SETTLEMENT", "Surveynumber_Old": "SETTLEMENT", "KGISVill_2": "Puttenehalli" }, "geometry": { "type": "MultiPolygon", "coordinates": [ [ [ [ 77.5798579, 13.1088703 ], [ 77.580332, 13.1088392 ], [ 77.5807972, 13.1075483 ], [ 77.5802827, 13.1073314 ], [ 77.5799341, 13.107255 ], [ 77.5794819, 13.1073151 ], [ 77.5791122, 13.1072805 ], [ 77.5791564, 13.1073987 ], [ 77.5792035, 13.1078187 ], [ 77.5794434, 13.1081217 ], [ 77.5794424, 13.1082947 ], [ 77.5796696, 13.1082875 ], [ 77.5796926, 13.108893 ], [ 77.5798579, 13.1088703 ] ] ] ] } },
{ "type": "Feature", "properties": { "fid": 23119, "KGISVillageID": 15447, "Category": "Settlement", "Kharab": "SETTLEMENT", "Surveynumber_Old": "SETTLEMENT", "KGISVill_2": "Yelahanka Kasaba" }, "geometry": { "type": "MultiPolygon", "coordinates": [ [ [ [ 77.5914226, 13.1042182 ], [ 77.5905824, 13.1043246 ], [ 77.5896927, 13.1042284 ], [ 77.5896856, 13.1043426 ], [ 77.5896807, 13.1044238 ], [ 77.5896757, 13.1045056 ], [ 77.5902603, 13.1049185 ], [ 77.5906111, 13.1046964 ], [ 77.5912562, 13.1045716 ], [ 77.5914226, 13.1042182 ] ] ] ] } },
{ "type": "Feature", "properties": { "fid": 23190, "KGISVillageID": 15444, "Category": "Settlement", "Kharab": "MAJARE", "Surveynumber_Old": "MAJARE", "KGISVill_2": "Yelahanka Amanikere" }, "geometry": { "type": "MultiPolygon", "coordinates": [ [ [ [ 77.6016699, 13.1047449 ], [ 77.6017535, 13.1045985 ], [ 77.6017156, 13.1045853 ], [ 77.6016868, 13.1045752 ], [ 77.6012244, 13.1044187 ], [ 77.6009842, 13.1044049 ], [ 77.6008764, 13.1044114 ], [ 77.6009299, 13.1045477 ], [ 77.6016419, 13.1047385 ], [ 77.6016699, 13.1047449 ] ] ] ] } },
{ "type": "Feature", "properties": { "fid": 23217, "KGISVillageID": 15444, "Category": "Settlement", "Kharab": "MAJARE", "Surveynumber_Old": "MAJARE", "KGISVill_2": "Yelahanka Amanikere" }, "geometry": { "type": "MultiPolygon", "coordinates": [ [ [ [ 77.6018291, 13.1040636 ], [ 77.6018004, 13.1038755 ], [ 77.6013078, 13.1036937 ], [ 77.6012796, 13.1036828 ], [ 77.6012002, 13.1039974 ], [ 77.6013994, 13.1040431 ], [ 77.6014926, 13.1040485 ], [ 77.6018291, 13.1040636 ] ] ] ] } },
{ "type": "Feature", "properties": { "fid": 23269, "KGISVillageID": 15447, "Category": "Settlement", "Kharab": "SETTLEMENT", "Surveynumber_Old": "SETTLEMENT", "KGISVill_2": "Yelahanka Kasaba" }, "geometry": { "type": "MultiPolygon", "coordinates": [ [ [ [ 77.5932348, 13.1048771 ], [ 77.5931844, 13.1043798 ], [ 77.5935436, 13.1044481 ], [ 77.5940669, 13.1044214 ], [ 77.5944608, 13.1044426 ], [ 77.5947155, 13.1044465 ], [ 77.5946838, 13.1046953 ], [ 77.5948052, 13.1047261 ], [ 77.5948288, 13.1044986 ], [ 77.595523, 13.1045333 ], [ 77.5956486, 13.1045105 ], [ 77.5956546, 13.1044223 ], [ 77.5959833, 13.1042877 ], [ 77.5964612, 13.1042214 ], [ 77.5971922, 13.1042816 ], [ 77.5968561, 13.1041246 ], [ 77.5966359, 13.1040682 ], [ 77.5966645, 13.1036863 ], [ 77.5967888, 13.1036871 ], [ 77.5968864, 13.1035424 ], [ 77.596907, 13.1031702 ], [ 77.5970496, 13.1031049 ], [ 77.5971507, 13.1031514 ], [ 77.5973009, 13.1031337 ], [ 77.5973881, 13.1031119 ], [ 77.5974537, 13.1029882 ], [ 77.597415, 13.1027122 ], [ 77.5981266, 13.1029207 ], [ 77.5982055, 13.1026543 ], [ 77.5982773, 13.1024917 ], [ 77.598158, 13.1024622 ], [ 77.5981285, 13.1025544 ], [ 77.5975914, 13.1023532 ], [ 77.5977614, 13.101844 ], [ 77.5978986, 13.1014418 ], [ 77.5977961, 13.1011412 ], [ 77.597754, 13.1009082 ], [ 77.5976323, 13.1007884 ], [ 77.5965706, 13.1007142 ], [ 77.5960545, 13.1005764 ], [ 77.5960368, 13.1005006 ], [ 77.595988, 13.1003777 ], [ 77.5958023, 13.1002513 ], [ 77.5954144, 13.1004722 ], [ 77.5952321, 13.1005347 ], [ 77.5949145, 13.100438 ], [ 77.5946274, 13.1004267 ], [ 77.5944829, 13.1004549 ], [ 77.5945172, 13.1000339 ], [ 77.5946009, 13.0998676 ], [ 77.5945212, 13.0996008 ], [ 77.5941741, 13.0996075 ], [ 77.5938864, 13.100223 ], [ 77.5940716, 13.1005016 ], [ 77.5941801, 13.1005649 ], [ 77.5940911, 13.1008426 ], [ 77.5944074, 13.1011865 ], [ 77.5945369, 13.1014593 ], [ 77.5942082, 13.1015239 ], [ 77.5941619, 13.101638 ], [ 77.5937371, 13.1015886 ], [ 77.5934483, 13.1022155 ], [ 77.5931814, 13.1022073 ], [ 77.5927349, 13.1027219 ], [ 77.5929145, 13.1033723 ], [ 77.5926282, 13.1039566 ], [ 77.5926087, 13.1042833 ], [ 77.5930149, 13.1043618 ], [ 77.5931015, 13.1049011 ], [ 77.5932348, 13.1048771 ] ] ] ] } },
{ "type": "Feature", "properties": { "fid": 23458, "KGISVillageID": 15373, "Category": "Settlement", "Kharab": "SETTLEMENT", "Surveynumber_Old": "SETTLEMENT", "KGISVill_2": "Allalasandra" }, "geometry": { "type": "MultiPolygon", "coordinates": [ [ [ [ 77.586483, 13.0866546 ], [ 77.5866796, 13.0866752 ], [ 77.5874088, 13.0865973 ], [ 77.5874465, 13.0867561 ], [ 77.5876624, 13.0863443 ], [ 77.5876827, 13.0860929 ], [ 77.5875517, 13.0857216 ], [ 77.5874826, 13.085739 ], [ 77.5871738, 13.0857031 ], [ 77.5867491, 13.0853493 ], [ 77.5867873, 13.0851023 ], [ 77.5860712, 13.0853539 ], [ 77.5859376, 13.0860539 ], [ 77.5859699, 13.0865667 ], [ 77.5860642, 13.0866385 ], [ 77.586483, 13.0866546 ] ] ] ] } },
{ "type": "Feature", "properties": { "fid": 23554, "KGISVillageID": 15390, "Category": "Settlement", "Kharab": "SETTLEMENT", "Surveynumber_Old": "SETTLEMENT", "KGISVill_2": "K.G.Amruthahalli" }, "geometry": { "type": "MultiPolygon", "coordinates": [ [ [ [ 77.6018249, 13.0651916 ], [ 77.6018367, 13.0648023 ], [ 77.6018638, 13.0644832 ], [ 77.6017186, 13.0640432 ], [ 77.6008976, 13.0639518 ], [ 77.6007672, 13.0640355 ], [ 77.600072, 13.0640185 ], [ 77.5998197, 13.0641551 ], [ 77.5996437, 13.06455 ], [ 77.5996143, 13.0647479 ], [ 77.5997178, 13.0650613 ], [ 77.5995754, 13.065079 ], [ 77.5996335, 13.0652808 ], [ 77.5996755, 13.0654161 ], [ 77.5999308, 13.0653744 ], [ 77.5999802, 13.0657254 ], [ 77.6004357, 13.0657637 ], [ 77.6017016, 13.0656388 ], [ 77.6018249, 13.0651916 ] ] ] ] } },
{ "type": "Feature", "properties": { "fid": 23643, "KGISVillageID": 15392, "Category": "Settlement", "Kharab": "SETTLEMENT", "Surveynumber_Old": "SETTLEMENT", "KGISVill_2": "K.G.Byatarayanapura" }, "geometry": { "type": "MultiPolygon", "coordinates": [ [ [ [ 77.5933236, 13.0665255 ], [ 77.593334, 13.0662064 ], [ 77.593337, 13.0656874 ], [ 77.5938871, 13.0657853 ], [ 77.5938906, 13.065722 ], [ 77.5939007, 13.0655407 ], [ 77.5938887, 13.0652048 ], [ 77.5933093, 13.0651439 ], [ 77.593338, 13.0649747 ], [ 77.5933739, 13.0643845 ], [ 77.5931136, 13.0643504 ], [ 77.5928218, 13.0643412 ], [ 77.5923412, 13.0644276 ], [ 77.5920216, 13.0647842 ], [ 77.5916608, 13.0649861 ], [ 77.5917939, 13.0655916 ], [ 77.5917047, 13.0656918 ], [ 77.5917572, 13.0660054 ], [ 77.5917771, 13.0663544 ], [ 77.5917973, 13.0665201 ], [ 77.5919028, 13.0666383 ], [ 77.593122, 13.0665554 ], [ 77.5933236, 13.0665255 ] ] ] ] } },
{ "type": "Feature", "properties": { "fid": 23731, "KGISVillageID": 15397, "Category": "Settlement", "Kharab": "SETTLEMENT", "Surveynumber_Old": "SETTLEMENT", "KGISVill_2": "K.G.Kothi Hosahalli" }, "geometry": { "type": "MultiPolygon", "coordinates": [ [ [ [ 77.5814054, 13.0584807 ], [ 77.5812766, 13.0582425 ], [ 77.581041, 13.0578876 ], [ 77.5805429, 13.0584268 ], [ 77.5806333, 13.0584977 ], [ 77.5807199, 13.0586361 ], [ 77.5808882, 13.058662 ], [ 77.5814054, 13.0584807 ] ] ] ] } },
{ "type": "Feature", "properties": { "fid": 23842, "KGISVillageID": 15436, "Category": "Settlement", "Kharab": "SETTLEMENT", "Surveynumber_Old": "SETTLEMENT", "KGISVill_2": "Thindlu" }, "geometry": { "type": "MultiPolygon", "coordinates": [ [ [ [ 77.5681018, 13.0746031 ], [ 77.5687711, 13.0741718 ], [ 77.5688634, 13.0738207 ], [ 77.5687679, 13.0736146 ], [ 77.5683699, 13.0732106 ], [ 77.5678434, 13.0730625 ], [ 77.5670684, 13.0732471 ], [ 77.5669598, 13.0734049 ], [ 77.5669834, 13.0736146 ], [ 77.5667807, 13.0736358 ], [ 77.5667612, 13.0738112 ], [ 77.5668712, 13.0739364 ], [ 77.5669627, 13.0741116 ], [ 77.5670206, 13.0742163 ], [ 77.5671935, 13.0747133 ], [ 77.5673478, 13.0746297 ], [ 77.5678152, 13.0746132 ], [ 77.5681018, 13.0746031 ] ] ] ] } },
{ "type": "Feature", "properties": { "fid": 23891, "KGISVillageID": 15413, "Category": "Settlement", "Kharab": "SETTLEMENT", "Surveynumber_Old": "SETTLEMENT", "KGISVill_2": "Kodigehalli" }, "geometry": { "type": "MultiPolygon", "coordinates": [ [ [ [ 77.5755778, 13.0605113 ], [ 77.5755498, 13.060433 ], [ 77.5755245, 13.0604197 ], [ 77.5754915, 13.0604029 ], [ 77.5754552, 13.0603957 ], [ 77.5754181, 13.0603942 ], [ 77.5753819, 13.0603866 ], [ 77.57535, 13.060368 ], [ 77.5753188, 13.0603481 ], [ 77.5752834, 13.0603378 ], [ 77.5752463, 13.060338 ], [ 77.5752093, 13.0603364 ], [ 77.5751768, 13.0603197 ], [ 77.5751506, 13.0602938 ], [ 77.57512, 13.0602735 ], [ 77.5750833, 13.0602691 ], [ 77.5750462, 13.060268 ], [ 77.5750114, 13.0602559 ], [ 77.5749815, 13.0602342 ], [ 77.5749499, 13.0602151 ], [ 77.5749139, 13.0602063 ], [ 77.574877, 13.0602014 ], [ 77.5748416, 13.0601907 ], [ 77.5748105, 13.0601707 ], [ 77.5747795, 13.0601505 ], [ 77.5747438, 13.060141 ], [ 77.5747066, 13.0601403 ], [ 77.5746698, 13.0601364 ], [ 77.5746362, 13.0601209 ], [ 77.5746052, 13.0601007 ], [ 77.5745713, 13.0600857 ], [ 77.5745344, 13.0600831 ], [ 77.5744973, 13.0600825 ], [ 77.574463, 13.0600693 ], [ 77.574435, 13.0600452 ], [ 77.574406, 13.0600223 ], [ 77.5743721, 13.0600074 ], [ 77.5743369, 13.0599953 ], [ 77.5743046, 13.0599774 ], [ 77.5742813, 13.059949 ], [ 77.5742598, 13.0599193 ], [ 77.5742295, 13.0598984 ], [ 77.5741951, 13.0598844 ], [ 77.574164, 13.0598646 ], [ 77.5741408, 13.0598361 ], [ 77.5741176, 13.0598076 ], [ 77.5740859, 13.0597889 ], [ 77.5740505, 13.0597775 ], [ 77.5740174, 13.0597609 ], [ 77.5739923, 13.059734 ], [ 77.5739678, 13.0597066 ], [ 77.5739355, 13.0596886 ], [ 77.5738997, 13.0596785 ], [ 77.573864, 13.059668 ], [ 77.5738298, 13.0596534 ], [ 77.5737971, 13.0596359 ], [ 77.5737651, 13.0596171 ], [ 77.5737325, 13.0595993 ], [ 77.5736982, 13.0595848 ], [ 77.5736634, 13.0595716 ], [ 77.5736301, 13.0595553 ], [ 77.5736007, 13.0595328 ], [ 77.5735729, 13.0595084 ], [ 77.573562, 13.059501 ], [ 77.5739061, 13.0607396 ], [ 77.5741375, 13.0606978 ], [ 77.5755778, 13.0605113 ] ] ] ] } },
{ "type": "Feature", "properties": { "fid": 23893, "KGISVillageID": 15413, "Category": "Settlement", "Kharab": "SETTLEMENT", "Surveynumber_Old": "SETTLEMENT", "KGISVill_2": "Kodigehalli" }, "geometry": { "type": "MultiPolygon", "coordinates": [ [ [ [ 77.5765743, 13.0598162 ], [ 77.5768508, 13.0597071 ], [ 77.576837, 13.0595754 ], [ 77.5768932, 13.0588966 ], [ 77.5768447, 13.0586714 ], [ 77.5768003, 13.0584634 ], [ 77.5769081, 13.0583966 ], [ 77.5770319, 13.0583422 ], [ 77.5771913, 13.0584578 ], [ 77.577242, 13.0584402 ], [ 77.5772342, 13.058362 ], [ 77.5772861, 13.0581572 ], [ 77.5772944, 13.0579948 ], [ 77.5772182, 13.0579734 ], [ 77.5770711, 13.0578633 ], [ 77.5769588, 13.0577373 ], [ 77.576865, 13.0575938 ], [ 77.5766718, 13.0574935 ], [ 77.5761399, 13.0578094 ], [ 77.5759633, 13.0576614 ], [ 77.5755346, 13.0577346 ], [ 77.5755425, 13.0578742 ], [ 77.5751325, 13.0580895 ], [ 77.5751438, 13.0583314 ], [ 77.5748377, 13.058471 ], [ 77.5736196, 13.0587861 ], [ 77.5733866, 13.0588497 ], [ 77.5735137, 13.0593236 ], [ 77.5735407, 13.059341 ], [ 77.573568, 13.0593659 ], [ 77.573596, 13.0593901 ], [ 77.5736286, 13.0594075 ], [ 77.5736647, 13.0594169 ], [ 77.573701, 13.0594255 ], [ 77.5737346, 13.059441 ], [ 77.573762, 13.0594657 ], [ 77.5737897, 13.0594901 ], [ 77.5738229, 13.0595066 ], [ 77.5738581, 13.0595189 ], [ 77.5738922, 13.0595337 ], [ 77.5739216, 13.059556 ], [ 77.573948, 13.0595818 ], [ 77.5739764, 13.0596054 ], [ 77.5740102, 13.0596207 ], [ 77.574046, 13.059631 ], [ 77.5740802, 13.0596453 ], [ 77.5741079, 13.0596696 ], [ 77.5741324, 13.0596971 ], [ 77.5741609, 13.0597204 ], [ 77.5741954, 13.0597342 ], [ 77.5742307, 13.0597459 ], [ 77.5742618, 13.0597657 ], [ 77.5742848, 13.0597943 ], [ 77.5743075, 13.0598231 ], [ 77.5743375, 13.0598446 ], [ 77.5743722, 13.0598578 ], [ 77.5744083, 13.0598667 ], [ 77.5744446, 13.0598749 ], [ 77.5744802, 13.0598859 ], [ 77.5745143, 13.0599007 ], [ 77.5745473, 13.0599178 ], [ 77.5745802, 13.0599349 ], [ 77.574614, 13.0599502 ], [ 77.5746482, 13.0599648 ], [ 77.5746816, 13.0599811 ], [ 77.5747131, 13.0600006 ], [ 77.5747458, 13.0600179 ], [ 77.5747822, 13.0600251 ], [ 77.5748191, 13.0600298 ], [ 77.5748527, 13.060045 ], [ 77.5748812, 13.0600684 ], [ 77.5749118, 13.060089 ], [ 77.5749479, 13.0600973 ], [ 77.5749851, 13.0600985 ], [ 77.5750222, 13.0601006 ], [ 77.5750578, 13.0601108 ], [ 77.5750905, 13.0601282 ], [ 77.5751224, 13.0601471 ], [ 77.5751561, 13.0601626 ], [ 77.575192, 13.0601721 ], [ 77.5752288, 13.0601769 ], [ 77.575266, 13.0601788 ], [ 77.575303, 13.0601822 ], [ 77.575338, 13.0601941 ], [ 77.5753667, 13.0602171 ], [ 77.5753947, 13.060241 ], [ 77.5754281, 13.0602569 ], [ 77.5754635, 13.0602683 ], [ 77.5754956, 13.0602813 ], [ 77.5753068, 13.0597493 ], [ 77.5750108, 13.0589697 ], [ 77.5751747, 13.0589135 ], [ 77.5754989, 13.059495 ], [ 77.5756478, 13.0598707 ], [ 77.5757808, 13.0599998 ], [ 77.5758338, 13.0600276 ], [ 77.5762292, 13.059918 ], [ 77.5762788, 13.0601803 ], [ 77.5764407, 13.0601343 ], [ 77.5764602, 13.060128 ], [ 77.5765743, 13.0598162 ] ] ] ] } },
{ "type": "Feature", "properties": { "fid": 24110, "KGISVillageID": 15371, "Category": "Settlement", "Kharab": "SETTLEMENT", "Surveynumber_Old": "SETTLEMENT", "KGISVill_2": "Kempapura" }, "geometry": { "type": "MultiPolygon", "coordinates": [ [ [ [ 77.6010408, 13.05077 ], [ 77.6011573, 13.0507186 ], [ 77.6015714, 13.0507199 ], [ 77.6013669, 13.0497771 ], [ 77.5998375, 13.0497136 ], [ 77.5996051, 13.0498665 ], [ 77.5995488, 13.0510841 ], [ 77.6004701, 13.0510047 ], [ 77.6004715, 13.0510045 ], [ 77.6010061, 13.050963 ], [ 77.6010781, 13.0509574 ], [ 77.6010408, 13.05077 ] ] ] ] } },
{ "type": "Feature", "properties": { "fid": 24268, "KGISVillageID": 21309, "Category": "Settlement", "Kharab": "SETTLEMENT", "Surveynumber_Old": "SETTLEMENT", "KGISVill_2": "Belathuru" }, "geometry": { "type": "MultiPolygon", "coordinates": [ [ [ [ 77.7547355, 13.0063031 ], [ 77.7549761, 13.0060943 ], [ 77.7550732, 13.0058275 ], [ 77.7551697, 13.0057831 ], [ 77.7552024, 13.0058806 ], [ 77.7556246, 13.0057265 ], [ 77.7555668, 13.0055646 ], [ 77.7556966, 13.0055423 ], [ 77.7556703, 13.0054307 ], [ 77.7556566, 13.005372 ], [ 77.7556581, 13.0053685 ], [ 77.7557273, 13.0052112 ], [ 77.7556006, 13.0051686 ], [ 77.7555332, 13.0049381 ], [ 77.7553324, 13.0050086 ], [ 77.7552756, 13.0048873 ], [ 77.7551436, 13.004903 ], [ 77.7551844, 13.0050529 ], [ 77.754974, 13.0050506 ], [ 77.7543084, 13.0045111 ], [ 77.7542426, 13.0045365 ], [ 77.754089, 13.0049088 ], [ 77.7532116, 13.0052158 ], [ 77.7534937, 13.0059443 ], [ 77.7536916, 13.0062172 ], [ 77.7539178, 13.0065101 ], [ 77.7543561, 13.0064367 ], [ 77.7547355, 13.0063031 ] ] ] ] } },
{ "type": "Feature", "properties": { "fid": 24588, "KGISVillageID": 21396, "Category": "Settlement", "Kharab": "MAJARE", "Surveynumber_Old": "MAJARE", "KGISVill_2": "Hagaduru" }, "geometry": { "type": "MultiPolygon", "coordinates": [ [ [ [ 77.7630845, 12.9670216 ], [ 77.7631706, 12.9665803 ], [ 77.7632731, 12.9662694 ], [ 77.7632119, 12.9655447 ], [ 77.7631599, 12.9653178 ], [ 77.7627493, 12.9650173 ], [ 77.7620456, 12.96485 ], [ 77.7618753, 12.9647446 ], [ 77.7613591, 12.9648751 ], [ 77.7613693, 12.9649564 ], [ 77.7610683, 12.9653596 ], [ 77.7610443, 12.9663458 ], [ 77.7616143, 12.9664906 ], [ 77.7616143, 12.9666117 ], [ 77.7623359, 12.9670014 ], [ 77.762386, 12.9671525 ], [ 77.7630528, 12.9672063 ], [ 77.7630845, 12.9670216 ] ], [ [ 77.7629706, 12.9652477 ], [ 77.762972, 12.9653464 ], [ 77.7627877, 12.965348 ], [ 77.7627937, 12.9651938 ], [ 77.7629706, 12.9652477 ] ] ] ] } },
{ "type": "Feature", "properties": { "fid": 24627, "KGISVillageID": 21423, "Category": "Settlement", "Kharab": "SETTLEMENT", "Surveynumber_Old": "SETTLEMENT", "KGISVill_2": "Nagondanahalli" }, "geometry": { "type": "MultiPolygon", "coordinates": [ [ [ [ 77.7702722, 12.9760649 ], [ 77.770278, 12.9761223 ], [ 77.7702846, 12.9761872 ], [ 77.7702914, 12.9762554 ], [ 77.7707814, 12.9761671 ], [ 77.7712259, 12.9758628 ], [ 77.7715572, 12.9754857 ], [ 77.7715344, 12.9749999 ], [ 77.7714064, 12.9751849 ], [ 77.7710992, 12.9747275 ], [ 77.7711325, 12.9746308 ], [ 77.7706612, 12.9744433 ], [ 77.7703666, 12.9746358 ], [ 77.7700747, 12.9748264 ], [ 77.7698837, 12.9748119 ], [ 77.7700197, 12.974978 ], [ 77.7697062, 12.9760315 ], [ 77.7702722, 12.9760649 ] ] ] ] } },
{ "type": "Feature", "properties": { "fid": 25017, "KGISVillageID": 21354, "Category": "Settlement", "Kharab": "SETTLEMENT", "Surveynumber_Old": "SETTLEMENT", "KGISVill_2": "Kadugodi" }, "geometry": { "type": "MultiPolygon", "coordinates": [ [ [ [ 77.7651866, 12.9983095 ], [ 77.7652124, 12.998455 ], [ 77.7658553, 12.9983718 ], [ 77.76632, 12.9983221 ], [ 77.7665158, 12.998184 ], [ 77.7666145, 12.9983237 ], [ 77.7670203, 12.9979457 ], [ 77.7667959, 12.9976641 ], [ 77.766795, 12.9975468 ], [ 77.7669163, 12.9975302 ], [ 77.7669138, 12.9973646 ], [ 77.7670417, 12.9973571 ], [ 77.7673392, 12.9973423 ], [ 77.767793, 12.9973102 ], [ 77.7680251, 12.9973136 ], [ 77.7680801, 12.9971458 ], [ 77.7680056, 12.9969572 ], [ 77.768168, 12.9965618 ], [ 77.7681397, 12.9964832 ], [ 77.7678036, 12.9964452 ], [ 77.7676589, 12.9959066 ], [ 77.7669924, 12.9958443 ], [ 77.7668781, 12.9958363 ], [ 77.7664598, 12.9958135 ], [ 77.7664382, 12.9955792 ], [ 77.7661336, 12.9955934 ], [ 77.7661504, 12.995804 ], [ 77.7656321, 12.9959739 ], [ 77.7649177, 12.9963052 ], [ 77.7647421, 12.996189 ], [ 77.7647629, 12.9960226 ], [ 77.7647372, 12.9958316 ], [ 77.7635585, 12.9959874 ], [ 77.7635816, 12.9960682 ], [ 77.7636561, 12.9964553 ], [ 77.7636865, 12.9965625 ], [ 77.7638674, 12.9968443 ], [ 77.763951, 12.9969892 ], [ 77.7639662, 12.9973545 ], [ 77.763892, 12.9975116 ], [ 77.7641912, 12.9975043 ], [ 77.7642596, 12.997666 ], [ 77.7645493, 12.9976479 ], [ 77.7646926, 12.9976167 ], [ 77.7648051, 12.997593 ], [ 77.7649421, 12.9975672 ], [ 77.764979, 12.9977223 ], [ 77.7648961, 12.9977489 ], [ 77.7649515, 12.9979396 ], [ 77.7650736, 12.9983171 ], [ 77.7651866, 12.9983095 ] ] ] ] } },
{ "type": "Feature", "properties": { "fid": 25141, "KGISVillageID": 21316, "Category": "Settlement", "Kharab": "SETTLEMENT", "Surveynumber_Old": "SETTLEMENT", "KGISVill_2": "Channasandra" }, "geometry": { "type": "MultiPolygon", "coordinates": [ [ [ [ 77.7682801, 12.9812777 ], [ 77.7685327, 12.9812143 ], [ 77.7687551, 12.980996 ], [ 77.7689551, 12.9808231 ], [ 77.7689633, 12.9805247 ], [ 77.7689785, 12.9803706 ], [ 77.7690388, 12.9800853 ], [ 77.7688508, 12.9795642 ], [ 77.7682264, 12.9790497 ], [ 77.7671894, 12.9794093 ], [ 77.7667172, 12.9800999 ], [ 77.7664933, 12.9804534 ], [ 77.7666633, 12.9806374 ], [ 77.7668364, 12.9810027 ], [ 77.7673829, 12.981159 ], [ 77.7682801, 12.9812777 ] ], [ [ 77.768769, 12.9796548 ], [ 77.7686363, 12.9797934 ], [ 77.7682064, 12.9795349 ], [ 77.7684272, 12.9793444 ], [ 77.768769, 12.9796548 ] ] ] ] } },
{ "type": "Feature", "properties": { "fid": 25339, "KGISVillageID": 21369, "Category": "Settlement", "Kharab": "SETTLEMENT", "Surveynumber_Old": "SETTLEMENT", "KGISVill_2": "Kumbena Agrahara" }, "geometry": { "type": "MultiPolygon", "coordinates": [ [ [ [ 77.747335, 13.0024163 ], [ 77.7476041, 13.0024336 ], [ 77.747934, 13.002197 ], [ 77.7482811, 13.0021875 ], [ 77.7482717, 13.0020161 ], [ 77.7486376, 13.0019562 ], [ 77.7485623, 13.0014976 ], [ 77.7481552, 13.0016 ], [ 77.7481007, 13.0014574 ], [ 77.7478733, 13.001426 ], [ 77.7476855, 13.0013436 ], [ 77.7472238, 13.0011718 ], [ 77.7466806, 13.0013472 ], [ 77.7465845, 13.0012362 ], [ 77.7463868, 13.0014865 ], [ 77.7463976, 13.0016624 ], [ 77.7463248, 13.0016902 ], [ 77.7465384, 13.0022243 ], [ 77.7467671, 13.0024643 ], [ 77.747335, 13.0024163 ] ] ] ] } },
{ "type": "Feature", "properties": { "fid": 25388, "KGISVillageID": 21403, "Category": "Settlement", "Kharab": "SETTLEMENT", "Surveynumber_Old": "SETTLEMENT", "KGISVill_2": "J.I.Pattaduru Agrahara" }, "geometry": { "type": "MultiPolygon", "coordinates": [ [ [ [ 77.7477206, 12.9803017 ], [ 77.7475713, 12.9798793 ], [ 77.7476085, 12.9796459 ], [ 77.7475215, 12.9794011 ], [ 77.7474957, 12.9793192 ], [ 77.7468077, 12.9790686 ], [ 77.7469211, 12.9803283 ], [ 77.7477206, 12.9803017 ] ] ] ] } },
{ "type": "Feature", "properties": { "fid": 25438, "KGISVillageID": 21434, "Category": "Settlement", "Kharab": "SETTLEMENT", "Surveynumber_Old": "SETTLEMENT", "KGISVill_2": "White Field" }, "geometry": { "type": "MultiPolygon", "coordinates": [ [ [ [ 77.7484646, 12.9731905 ], [ 77.748697, 12.9731987 ], [ 77.7487827, 12.973195 ], [ 77.7492372, 12.9731142 ], [ 77.7501849, 12.9727901 ], [ 77.7497858, 12.9698647 ], [ 77.748914, 12.9699881 ], [ 77.7488433, 12.969727 ], [ 77.7482458, 12.9697315 ], [ 77.7476389, 12.9699066 ], [ 77.7470456, 12.970252 ], [ 77.7468208, 12.9705935 ], [ 77.7466074, 12.9712378 ], [ 77.7466478, 12.9716788 ], [ 77.7465689, 12.9717072 ], [ 77.7464675, 12.9717308 ], [ 77.7462024, 12.9718118 ], [ 77.7462352, 12.9718816 ], [ 77.7463289, 12.9720649 ], [ 77.7463509, 12.972136 ], [ 77.7466687, 12.9721091 ], [ 77.7468367, 12.9720428 ], [ 77.7472411, 12.9726211 ], [ 77.7478372, 12.9731247 ], [ 77.7484646, 12.9731905 ] ] ] ] } },
{ "type": "Feature", "properties": { "fid": 25448, "KGISVillageID": 21396, "Category": "Settlement", "Kharab": "PALYA", "Surveynumber_Old": "PALYA", "KGISVill_2": "Hagaduru" }, "geometry": { "type": "MultiPolygon", "coordinates": [ [ [ [ 77.7536422, 12.9710975 ], [ 77.7534549, 12.9702376 ], [ 77.7526648, 12.9703606 ], [ 77.7529368, 12.9712239 ], [ 77.7536422, 12.9710975 ] ] ] ] } },
{ "type": "Feature", "properties": { "fid": 25462, "KGISVillageID": 21396, "Category": "Settlement", "Kharab": "SETTLEMENT", "Surveynumber_Old": "SETTLEMENT", "KGISVill_2": "Hagaduru" }, "geometry": { "type": "MultiPolygon", "coordinates": [ [ [ [ 77.7567763, 12.9670195 ], [ 77.7570143, 12.9670725 ], [ 77.7571348, 12.9670534 ], [ 77.7574474, 12.966932 ], [ 77.7577079, 12.9666702 ], [ 77.7578181, 12.9665437 ], [ 77.7577209, 12.9659428 ], [ 77.7576115, 12.9659837 ], [ 77.7575671, 12.9658845 ], [ 77.7574362, 12.9659707 ], [ 77.7573917, 12.9660689 ], [ 77.757203, 12.9661115 ], [ 77.7571952, 12.9659693 ], [ 77.7573291, 12.9659542 ], [ 77.7573747, 12.9658631 ], [ 77.7571217, 12.9658415 ], [ 77.7570222, 12.9658439 ], [ 77.7569291, 12.965861 ], [ 77.7566665, 12.9660119 ], [ 77.7565101, 12.9660806 ], [ 77.7564774, 12.9662414 ], [ 77.7564362, 12.9664988 ], [ 77.7566027, 12.9667624 ], [ 77.7567763, 12.9670195 ] ] ] ] } },
{ "type": "Feature", "properties": { "fid": 25921, "KGISVillageID": 21491, "Category": "Settlement", "Kharab": "SETTLEMENT", "Surveynumber_Old": "SETTLEMENT", "KGISVill_2": "Varthur" }, "geometry": { "type": "MultiPolygon", "coordinates": [ [ [ [ 77.7476848, 12.9422228 ], [ 77.7475685, 12.9420841 ], [ 77.7476914, 12.9417562 ], [ 77.7478932, 12.9415528 ], [ 77.7480031, 12.941093 ], [ 77.7481616, 12.9406218 ], [ 77.7481767, 12.940356 ], [ 77.7479403, 12.9403847 ], [ 77.7477992, 12.9402728 ], [ 77.747927, 12.9397304 ], [ 77.7481466, 12.939774 ], [ 77.7482466, 12.9397794 ], [ 77.7482123, 12.9396738 ], [ 77.7481457, 12.9394686 ], [ 77.748016, 12.9394805 ], [ 77.7479272, 12.9394887 ], [ 77.7474604, 12.9395318 ], [ 77.7473137, 12.9395502 ], [ 77.7471161, 12.9387744 ], [ 77.7465004, 12.9381999 ], [ 77.7452092, 12.938424 ], [ 77.7451875, 12.93852 ], [ 77.7451532, 12.9387281 ], [ 77.7452195, 12.9389405 ], [ 77.7452442, 12.9391258 ], [ 77.745022, 12.9391811 ], [ 77.7448963, 12.9391863 ], [ 77.7447862, 12.9401722 ], [ 77.7445019, 12.9402656 ], [ 77.7445595, 12.9409597 ], [ 77.7446802, 12.9415724 ], [ 77.7455384, 12.941672 ], [ 77.7454117, 12.9420351 ], [ 77.7459753, 12.9420384 ], [ 77.7467702, 12.9419591 ], [ 77.7470208, 12.9417555 ], [ 77.747188, 12.9417615 ], [ 77.7471451, 12.9423121 ], [ 77.7474927, 12.9424028 ], [ 77.7476848, 12.9422228 ] ], [ [ 77.7450984, 12.9396579 ], [ 77.7451208, 12.9397412 ], [ 77.7452373, 12.9397612 ], [ 77.7452522, 12.9398598 ], [ 77.7453629, 12.9398706 ], [ 77.7453886, 12.9397818 ], [ 77.7455343, 12.939806 ], [ 77.7455421, 12.9400061 ], [ 77.7453194, 12.9400051 ], [ 77.7452179, 12.9400259 ], [ 77.7451839, 12.9400873 ], [ 77.7449742, 12.9400866 ], [ 77.7449612, 12.9396557 ], [ 77.7450984, 12.9396579 ] ], [ [ 77.7458061, 12.9412148 ], [ 77.7457868, 12.9412967 ], [ 77.7458335, 12.9415778 ], [ 77.7457297, 12.941588 ], [ 77.7456067, 12.9413647 ], [ 77.7455864, 12.9411402 ], [ 77.7458026, 12.9411089 ], [ 77.7458061, 12.9412148 ] ], [ [ 77.7464339, 12.9416527 ], [ 77.7467531, 12.9415869 ], [ 77.7467682, 12.9417786 ], [ 77.7464329, 12.9418388 ], [ 77.7464339, 12.9416527 ] ], [ [ 77.7467868, 12.9385803 ], [ 77.7467607, 12.938753 ], [ 77.746568, 12.9386728 ], [ 77.7465865, 12.938483 ], [ 77.7467868, 12.9385803 ] ] ] ] } },
{ "type": "Feature", "properties": { "fid": 26079, "KGISVillageID": 21486, "Category": "Settlement", "Kharab": "SETTLEMENT", "Surveynumber_Old": "SETTLEMENT", "KGISVill_2": "Sorahunase" }, "geometry": { "type": "MultiPolygon", "coordinates": [ [ [ [ 77.7545411, 12.9482151 ], [ 77.754538, 12.948085 ], [ 77.7545921, 12.9477345 ], [ 77.7546509, 12.9475262 ], [ 77.7547152, 12.9470299 ], [ 77.7547873, 12.9470311 ], [ 77.754785, 12.9468436 ], [ 77.7548834, 12.9468405 ], [ 77.7548846, 12.9467664 ], [ 77.7547745, 12.9467542 ], [ 77.7547415, 12.9465433 ], [ 77.7546801, 12.9465048 ], [ 77.7546071, 12.9465009 ], [ 77.7545871, 12.9467093 ], [ 77.7544337, 12.9467064 ], [ 77.7544319, 12.9466165 ], [ 77.7542454, 12.9466021 ], [ 77.7542075, 12.9465188 ], [ 77.7537413, 12.9465468 ], [ 77.7534823, 12.9463071 ], [ 77.7532871, 12.9460749 ], [ 77.7532138, 12.9460544 ], [ 77.7530799, 12.9460168 ], [ 77.7531558, 12.9467108 ], [ 77.7530702, 12.9469361 ], [ 77.7530666, 12.9469769 ], [ 77.7530084, 12.9476427 ], [ 77.7530939, 12.947863 ], [ 77.7531479, 12.9480021 ], [ 77.7536553, 12.948186 ], [ 77.7545411, 12.9482151 ] ] ] ] } },
{ "type": "Feature", "properties": { "fid": 26173, "KGISVillageID": 21455, "Category": "Settlement", "Kharab": "PALYA", "Surveynumber_Old": "PALYA", "KGISVill_2": "Gunjuru" }, "geometry": { "type": "MultiPolygon", "coordinates": [ [ [ [ 77.7420566, 12.920125 ], [ 77.7426564, 12.9200568 ], [ 77.7426659, 12.919985 ], [ 77.7426648, 12.9198099 ], [ 77.7425938, 12.9196701 ], [ 77.7424993, 12.9193585 ], [ 77.7421823, 12.9193705 ], [ 77.7421635, 12.9195492 ], [ 77.7420431, 12.9195579 ], [ 77.7420026, 12.9199039 ], [ 77.7420566, 12.920125 ] ] ] ] } },
{ "type": "Feature", "properties": { "fid": 26227, "KGISVillageID": 21455, "Category": "Settlement", "Kharab": "SETTLEMENT", "Surveynumber_Old": "SETTLEMENT", "KGISVill_2": "Gunjuru" }, "geometry": { "type": "MultiPolygon", "coordinates": [ [ [ [ 77.7360201, 12.9222312 ], [ 77.7361297, 12.9214594 ], [ 77.7360914, 12.9213658 ], [ 77.7357807, 12.9213461 ], [ 77.7357445, 12.9211885 ], [ 77.7361256, 12.9210768 ], [ 77.7359095, 12.9197515 ], [ 77.7357642, 12.9196285 ], [ 77.7354859, 12.9195075 ], [ 77.7350324, 12.919437 ], [ 77.7350482, 12.9195611 ], [ 77.7348538, 12.9195938 ], [ 77.7347848, 12.9193249 ], [ 77.7343545, 12.9192117 ], [ 77.734129, 12.9193343 ], [ 77.7339498, 12.9192399 ], [ 77.7336502, 12.9192543 ], [ 77.7333871, 12.91938 ], [ 77.7331677, 12.9199354 ], [ 77.733181, 12.9208167 ], [ 77.7333142, 12.9208682 ], [ 77.7334396, 12.9213746 ], [ 77.7338379, 12.921481 ], [ 77.7340111, 12.9214776 ], [ 77.7342027, 12.9223087 ], [ 77.7353084, 12.9221211 ], [ 77.7353831, 12.9219051 ], [ 77.7356687, 12.9219346 ], [ 77.7358472, 12.9218469 ], [ 77.7359097, 12.9222256 ], [ 77.7360201, 12.9222312 ] ] ] ] } },
{ "type": "Feature", "properties": { "fid": 26290, "KGISVillageID": 21448, "Category": "Settlement", "Kharab": "SETTLEMENT", "Surveynumber_Old": "SETTLEMENT", "KGISVill_2": "Chikkabellanduru" }, "geometry": { "type": "MultiPolygon", "coordinates": [ [ [ [ 77.7153994, 12.9137691 ], [ 77.7155113, 12.9137066 ], [ 77.7159483, 12.9134815 ], [ 77.7148126, 12.9113118 ], [ 77.7146708, 12.9111962 ], [ 77.7140322, 12.9116622 ], [ 77.713993, 12.9115479 ], [ 77.7137643, 12.9115282 ], [ 77.7131962, 12.9115922 ], [ 77.7127303, 12.9123254 ], [ 77.7127955, 12.9124539 ], [ 77.7129581, 12.9127565 ], [ 77.7131202, 12.912999 ], [ 77.713918, 12.9144995 ], [ 77.7148916, 12.9139964 ], [ 77.7153994, 12.9137691 ] ] ] ] } },
{ "type": "Feature", "properties": { "fid": 26324, "KGISVillageID": 21455, "Category": "Settlement", "Kharab": "MAJARE", "Surveynumber_Old": "MAJARE", "KGISVill_2": "Gunjuru" }, "geometry": { "type": "MultiPolygon", "coordinates": [ [ [ [ 77.7202078, 12.9218129 ], [ 77.7203442, 12.9217391 ], [ 77.7203402, 12.9216762 ], [ 77.720336, 12.9216098 ], [ 77.7203198, 12.921348 ], [ 77.7188758, 12.921372 ], [ 77.7188447, 12.9213839 ], [ 77.7178317, 12.9217705 ], [ 77.7178709, 12.9219212 ], [ 77.7179002, 12.9220336 ], [ 77.7180224, 12.9225012 ], [ 77.7202078, 12.9218129 ] ] ] ] } },
{ "type": "Feature", "properties": { "fid": 26726, "KGISVillageID": 21437, "Category": "Settlement", "Kharab": "SETTLEMENT", "Surveynumber_Old": "SETTLEMENT", "KGISVill_2": "Balagere" }, "geometry": { "type": "MultiPolygon", "coordinates": [ [ [ [ 77.7276229, 12.9375678 ], [ 77.728065, 12.9371672 ], [ 77.728453, 12.9371365 ], [ 77.7286072, 12.9372918 ], [ 77.7288711, 12.9372668 ], [ 77.7290233, 12.9369576 ], [ 77.7290065, 12.9365091 ], [ 77.7283437, 12.9365073 ], [ 77.7281922, 12.9366636 ], [ 77.7282181, 12.9367741 ], [ 77.7280481, 12.9368699 ], [ 77.7275935, 12.9368501 ], [ 77.7275658, 12.9365298 ], [ 77.7273267, 12.9363211 ], [ 77.7271857, 12.9363495 ], [ 77.7265626, 12.9364057 ], [ 77.7265407, 12.936567 ], [ 77.7265595, 12.9370568 ], [ 77.7267169, 12.9373303 ], [ 77.7269195, 12.9374241 ], [ 77.7273983, 12.9375762 ], [ 77.7276229, 12.9375678 ] ] ] ] } },
{ "type": "Feature", "properties": { "fid": 27023, "KGISVillageID": 21484, "Category": "Settlement", "Kharab": "SETTLEMENT", "Surveynumber_Old": "SETTLEMENT", "KGISVill_2": "Ramagondanahalli" }, "geometry": { "type": "MultiPolygon", "coordinates": [ [ [ [ 77.7388287, 12.9558577 ], [ 77.7390707, 12.9555183 ], [ 77.7392176, 12.9555427 ], [ 77.7392377, 12.9553741 ], [ 77.7391514, 12.9550911 ], [ 77.7390788, 12.9549001 ], [ 77.7390761, 12.9544731 ], [ 77.7390748, 12.9541498 ], [ 77.7389241, 12.9541442 ], [ 77.7387184, 12.9540584 ], [ 77.7387007, 12.9539385 ], [ 77.7380323, 12.9538715 ], [ 77.7380312, 12.9539236 ], [ 77.7380183, 12.9546235 ], [ 77.7379886, 12.9552246 ], [ 77.7378961, 12.9552253 ], [ 77.7378827, 12.9553973 ], [ 77.737743, 12.955366 ], [ 77.7377363, 12.9554611 ], [ 77.7377453, 12.9557822 ], [ 77.7381136, 12.9558206 ], [ 77.7383452, 12.9556496 ], [ 77.7384454, 12.9556904 ], [ 77.7388005, 12.9559712 ], [ 77.7388287, 12.9558577 ] ] ] ] } },
{ "type": "Feature", "properties": { "fid": 27065, "KGISVillageID": 21485, "Category": "Settlement", "Kharab": "SETTLEMENT", "Surveynumber_Old": "SETTLEMENT", "KGISVill_2": "Siddhapura" }, "geometry": { "type": "MultiPolygon", "coordinates": [ [ [ [ 77.7319687, 12.9525124 ], [ 77.7319407, 12.9525201 ], [ 77.7319218, 12.9525254 ], [ 77.7318563, 12.9525435 ], [ 77.7318071, 12.9525572 ], [ 77.7317571, 12.952571 ], [ 77.7316768, 12.9525799 ], [ 77.7304373, 12.9527125 ], [ 77.7303844, 12.9527171 ], [ 77.7304493, 12.953078 ], [ 77.7298421, 12.952948 ], [ 77.7296676, 12.9529129 ], [ 77.7294524, 12.9530779 ], [ 77.7292762, 12.9530514 ], [ 77.7292774, 12.9531847 ], [ 77.7291891, 12.9531689 ], [ 77.7292003, 12.953354 ], [ 77.7292514, 12.9538554 ], [ 77.7293909, 12.9540779 ], [ 77.7296777, 12.9541259 ], [ 77.7297245, 12.9541339 ], [ 77.7308889, 12.9541787 ], [ 77.7309694, 12.9541708 ], [ 77.7310512, 12.9541626 ], [ 77.7311567, 12.954152 ], [ 77.7321078, 12.9540495 ], [ 77.7321427, 12.954047 ], [ 77.7322227, 12.9540414 ], [ 77.732257, 12.9540389 ], [ 77.7323573, 12.9540289 ], [ 77.7324578, 12.9540189 ], [ 77.7325928, 12.9540067 ], [ 77.7319687, 12.9525124 ] ] ] ] } },
{ "type": "Feature", "properties": { "fid": 27153, "KGISVillageID": 21424, "Category": "Settlement", "Kharab": "SETTLEMENT", "Surveynumber_Old": "SETTLEMENT", "KGISVill_2": "Nallurahalli" }, "geometry": { "type": "MultiPolygon", "coordinates": [ [ [ [ 77.7340835, 12.9699303 ], [ 77.7345839, 12.9700523 ], [ 77.7350396, 12.9699329 ], [ 77.7351998, 12.9697588 ], [ 77.7353085, 12.9695107 ], [ 77.7353133, 12.9692288 ], [ 77.735299, 12.9689674 ], [ 77.7352816, 12.9687161 ], [ 77.7351444, 12.9686647 ], [ 77.7346495, 12.9685397 ], [ 77.7342975, 12.9684439 ], [ 77.7340261, 12.9685359 ], [ 77.7338132, 12.9687941 ], [ 77.7338301, 12.9696421 ], [ 77.7338348, 12.969823 ], [ 77.7340835, 12.9699303 ] ] ] ] } },
{ "type": "Feature", "properties": { "fid": 27324, "KGISVillageID": 21403, "Category": "Settlement", "Kharab": "HATTI", "Surveynumber_Old": "HATTI", "KGISVill_2": "J.I.Pattaduru Agrahara" }, "geometry": { "type": "MultiPolygon", "coordinates": [ [ [ [ 77.7359784, 12.9794528 ], [ 77.7353632, 12.9798353 ], [ 77.7345757, 12.9801431 ], [ 77.7346195, 12.9808869 ], [ 77.7352161, 12.9803765 ], [ 77.7362076, 12.9798924 ], [ 77.7359784, 12.9794528 ] ] ] ] } },
{ "type": "Feature", "properties": { "fid": 27362, "KGISVillageID": 21427, "Category": "Settlement", "Kharab": "SETTLEMENT", "Surveynumber_Old": "SETTLEMENT", "KGISVill_2": "Sadaramangala" }, "geometry": { "type": "MultiPolygon", "coordinates": [ [ [ [ 77.7386166, 12.9997624 ], [ 77.7385254, 12.9995403 ], [ 77.7385592, 12.9991508 ], [ 77.7385633, 12.9987977 ], [ 77.7387233, 12.9985931 ], [ 77.7386461, 12.998418 ], [ 77.7384249, 12.998404 ], [ 77.7383665, 12.9981008 ], [ 77.7374634, 12.9978169 ], [ 77.7373963, 12.9977959 ], [ 77.7373945, 12.9978057 ], [ 77.7373782, 12.997894 ], [ 77.7372744, 12.9979075 ], [ 77.7369609, 12.9980235 ], [ 77.7368727, 12.9983055 ], [ 77.7364452, 12.9987309 ], [ 77.7363818, 12.999371 ], [ 77.7365051, 12.9996974 ], [ 77.7367093, 12.9997187 ], [ 77.7376112, 12.99992 ], [ 77.7386094, 13.0000736 ], [ 77.7386166, 12.9997624 ] ] ] ] } },
{ "type": "Feature", "properties": { "fid": 27455, "KGISVillageID": 21403, "Category": "Settlement", "Kharab": "SETTLEMENT", "Surveynumber_Old": "SETTLEMENT", "KGISVill_2": "J.I.Pattaduru Agrahara" }, "geometry": { "type": "MultiPolygon", "coordinates": [ [ [ [ 77.7340375, 12.978969 ], [ 77.7340503, 12.9788978 ], [ 77.7344759, 12.9787335 ], [ 77.734779, 12.9786279 ], [ 77.7345494, 12.9777761 ], [ 77.7342205, 12.9778338 ], [ 77.7335448, 12.9778214 ], [ 77.7334019, 12.9778797 ], [ 77.7333964, 12.9781341 ], [ 77.732984, 12.9781569 ], [ 77.7330588, 12.9786348 ], [ 77.733249, 12.9788514 ], [ 77.733322, 12.9791308 ], [ 77.7338167, 12.979113 ], [ 77.7340375, 12.978969 ] ] ] ] } },
{ "type": "Feature", "properties": { "fid": 27655, "KGISVillageID": 21397, "Category": "Settlement", "Kharab": "SETTLEMENT", "Surveynumber_Old": "SETTLEMENT", "KGISVill_2": "Hoodi" }, "geometry": { "type": "MultiPolygon", "coordinates": [ [ [ [ 77.7168253, 12.9963698 ], [ 77.7170665, 12.9963174 ], [ 77.7171943, 12.996016 ], [ 77.7176792, 12.9959928 ], [ 77.7180111, 12.9957042 ], [ 77.7179981, 12.9956593 ], [ 77.7179006, 12.9955942 ], [ 77.7178154, 12.9955374 ], [ 77.7176427, 12.995422 ], [ 77.7176825, 12.9951835 ], [ 77.7176888, 12.9951769 ], [ 77.7175675, 12.9946537 ], [ 77.7173622, 12.9943268 ], [ 77.7169008, 12.9943591 ], [ 77.7167532, 12.9944547 ], [ 77.7159172, 12.9946958 ], [ 77.715804, 12.9947543 ], [ 77.7154658, 12.9945402 ], [ 77.7154175, 12.994539 ], [ 77.715392, 12.9950482 ], [ 77.7153477, 12.995645 ], [ 77.7155209, 12.9958132 ], [ 77.7157782, 12.9959652 ], [ 77.7159466, 12.996135 ], [ 77.7159887, 12.9961814 ], [ 77.7160552, 12.996224 ], [ 77.7160894, 12.9962459 ], [ 77.7165647, 12.9964055 ], [ 77.7168253, 12.9963698 ] ] ] ] } },
{ "type": "Feature", "properties": { "fid": 27740, "KGISVillageID": 21411, "Category": "Settlement", "Kharab": "SETTLEMENT", "Surveynumber_Old": "SETTLEMENT", "KGISVill_2": "K.G.Sonnenahalli" }, "geometry": { "type": "MultiPolygon", "coordinates": [ [ [ [ 77.716782, 12.9830305 ], [ 77.7168888, 12.9830254 ], [ 77.7170553, 12.9830136 ], [ 77.7170357, 12.9828328 ], [ 77.7172613, 12.9828049 ], [ 77.7173438, 12.9827695 ], [ 77.7173112, 12.982543 ], [ 77.7172853, 12.982422 ], [ 77.7172925, 12.9823189 ], [ 77.7172964, 12.9821432 ], [ 77.7170526, 12.9815043 ], [ 77.7170035, 12.9813931 ], [ 77.7169626, 12.9813029 ], [ 77.7169057, 12.9811018 ], [ 77.7168704, 12.9809856 ], [ 77.7167745, 12.9809918 ], [ 77.7164931, 12.9810323 ], [ 77.7164096, 12.9810465 ], [ 77.7164047, 12.9811818 ], [ 77.7164365, 12.9822947 ], [ 77.716441, 12.9823611 ], [ 77.7163502, 12.9823885 ], [ 77.7162204, 12.9824239 ], [ 77.7160996, 12.9824396 ], [ 77.7161335, 12.9825481 ], [ 77.7161497, 12.9829745 ], [ 77.716782, 12.9830305 ] ] ] ] } },
{ "type": "Feature", "properties": { "fid": 27908, "KGISVillageID": 21409, "Category": "Settlement", "Kharab": "SETTLEMENT", "Surveynumber_Old": "SETTLEMENT", "KGISVill_2": "K.G.Kundhalahalli" }, "geometry": { "type": "MultiPolygon", "coordinates": [ [ [ [ 77.7199176, 12.9688623 ], [ 77.7198598, 12.9682624 ], [ 77.7192765, 12.9683428 ], [ 77.7191375, 12.9677903 ], [ 77.7188939, 12.9677619 ], [ 77.7185721, 12.9678618 ], [ 77.7183699, 12.9678966 ], [ 77.717991, 12.9679089 ], [ 77.7180121, 12.9680864 ], [ 77.7179133, 12.9681254 ], [ 77.7179009, 12.9684591 ], [ 77.7179758, 12.9685063 ], [ 77.7180657, 12.9689367 ], [ 77.7180905, 12.9689989 ], [ 77.7185015, 12.9689944 ], [ 77.7189439, 12.9688736 ], [ 77.7191552, 12.9688958 ], [ 77.7199176, 12.9688623 ] ] ] ] } },
{ "type": "Feature", "properties": { "fid": 27958, "KGISVillageID": 21488, "Category": "Settlement", "Kharab": "PALYA", "Surveynumber_Old": "PALYA", "KGISVill_2": "Thubarahalli" }, "geometry": { "type": "MultiPolygon", "coordinates": [ [ [ [ 77.7225729, 12.959743 ], [ 77.722646, 12.9597402 ], [ 77.7225701, 12.9592102 ], [ 77.7224329, 12.9592203 ], [ 77.7224113, 12.9591093 ], [ 77.7220411, 12.9590483 ], [ 77.7220955, 12.9597868 ], [ 77.7225729, 12.959743 ] ] ] ] } },
{ "type": "Feature", "properties": { "fid": 28014, "KGISVillageID": 21488, "Category": "Settlement", "Kharab": "SETTLEMENT", "Surveynumber_Old": "SETTLEMENT", "KGISVill_2": "Thubarahalli" }, "geometry": { "type": "MultiPolygon", "coordinates": [ [ [ [ 77.721456, 12.9547591 ], [ 77.7213657, 12.9542748 ], [ 77.7210732, 12.9542693 ], [ 77.7209577, 12.9535121 ], [ 77.7204438, 12.9535297 ], [ 77.7203207, 12.9535498 ], [ 77.7201742, 12.9535739 ], [ 77.7201474, 12.9536002 ], [ 77.7200921, 12.9536547 ], [ 77.7202093, 12.9546291 ], [ 77.7204526, 12.9548749 ], [ 77.7206343, 12.9548213 ], [ 77.720778, 12.9548908 ], [ 77.7214555, 12.9548132 ], [ 77.721456, 12.9547591 ] ] ] ] } },
{ "type": "Feature", "properties": { "fid": 28112, "KGISVillageID": 21407, "Category": "Settlement", "Kharab": "SETTLEMENT", "Surveynumber_Old": "SETTLEMENT", "KGISVill_2": "K.G.Chinnappanahalli" }, "geometry": { "type": "MultiPolygon", "coordinates": [ [ [ [ 77.7052455, 12.9613559 ], [ 77.7054629, 12.9613693 ], [ 77.7058422, 12.9614738 ], [ 77.7059369, 12.9615259 ], [ 77.7059585, 12.9606542 ], [ 77.705952, 12.9605488 ], [ 77.7058383, 12.9605491 ], [ 77.7049078, 12.9605777 ], [ 77.7048594, 12.9608474 ], [ 77.7052388, 12.9609059 ], [ 77.7051403, 12.9612921 ], [ 77.7051218, 12.9613702 ], [ 77.7052455, 12.9613559 ] ] ] ] } },
{ "type": "Feature", "properties": { "fid": 28114, "KGISVillageID": 21407, "Category": "Settlement", "Kharab": "SETTLEMENT_OLD", "Surveynumber_Old": "SETTLEMENT_OLD", "KGISVill_2": "K.G.Chinnappanahalli" }, "geometry": { "type": "MultiPolygon", "coordinates": [ [ [ [ 77.7037011, 12.9614568 ], [ 77.7035367, 12.9625213 ], [ 77.7040393, 12.96269 ], [ 77.7053092, 12.9624414 ], [ 77.7051361, 12.9614363 ], [ 77.7051218, 12.9613702 ], [ 77.7050425, 12.9613652 ], [ 77.703776, 12.9613741 ], [ 77.7037041, 12.9613928 ], [ 77.7037011, 12.9614568 ] ] ] ] } },
{ "type": "Feature", "properties": { "fid": 28177, "KGISVillageID": 21479, "Category": "Settlement", "Kharab": "SETTLEMENT", "Surveynumber_Old": "SETTLEMENT", "KGISVill_2": "Marathhalli" }, "geometry": { "type": "MultiPolygon", "coordinates": [ [ [ [ 77.6943405, 12.9548725 ], [ 77.6946116, 12.9549218 ], [ 77.6955429, 12.9545323 ], [ 77.6951697, 12.9541026 ], [ 77.6948524, 12.9534249 ], [ 77.6937102, 12.9538897 ], [ 77.6938009, 12.9540517 ], [ 77.6938967, 12.9549233 ], [ 77.6943405, 12.9548725 ] ] ] ] } },
{ "type": "Feature", "properties": { "fid": 28240, "KGISVillageID": 21393, "Category": "Settlement", "Kharab": "SETTLEMENT", "Surveynumber_Old": "SETTLEMENT", "KGISVill_2": "Doddanekundhi" }, "geometry": { "type": "MultiPolygon", "coordinates": [ [ [ [ 77.6954031, 12.9737039 ], [ 77.6956469, 12.9736767 ], [ 77.6955308, 12.9718009 ], [ 77.6955196, 12.9716078 ], [ 77.6947848, 12.9713073 ], [ 77.6942794, 12.9715411 ], [ 77.6939924, 12.9715724 ], [ 77.6940846, 12.9718583 ], [ 77.6935322, 12.9719871 ], [ 77.6932543, 12.9721313 ], [ 77.6931515, 12.9719629 ], [ 77.6931104, 12.9722488 ], [ 77.693145, 12.9725453 ], [ 77.6935269, 12.9731447 ], [ 77.6939928, 12.973503 ], [ 77.6954031, 12.9737039 ] ] ] ] } },
{ "type": "Feature", "properties": { "fid": 28416, "KGISVillageID": 21410, "Category": "Settlement", "Kharab": "PALYA", "Surveynumber_Old": "PALYA", "KGISVill_2": "K.G.Mahadevapura" }, "geometry": { "type": "MultiPolygon", "coordinates": [ [ [ [ 77.7002922, 12.991164 ], [ 77.7003525, 12.9912988 ], [ 77.7004423, 12.9912618 ], [ 77.7006575, 12.9911722 ], [ 77.7000903, 12.9898704 ], [ 77.6998401, 12.9898733 ], [ 77.6985197, 12.990201 ], [ 77.6984224, 12.9903079 ], [ 77.6983599, 12.9903488 ], [ 77.6983909, 12.9905117 ], [ 77.6986471, 12.9914623 ], [ 77.6986942, 12.9916016 ], [ 77.7002922, 12.991164 ] ] ] ] } },
{ "type": "Feature", "properties": { "fid": 28445, "KGISVillageID": 21394, "Category": "Settlement", "Kharab": "PALYA", "Surveynumber_Old": "PALYA", "KGISVill_2": "Dyavasandra" }, "geometry": { "type": "MultiPolygon", "coordinates": [ [ [ [ 77.6937335, 12.9969677 ], [ 77.6937188, 12.99682 ], [ 77.6927085, 12.9971401 ], [ 77.6925886, 12.997584 ], [ 77.6926265, 12.9982026 ], [ 77.6935986, 12.9978813 ], [ 77.6937573, 12.9972009 ], [ 77.6937335, 12.9969677 ] ] ] ] } },
{ "type": "Feature", "properties": { "fid": 28619, "KGISVillageID": 21410, "Category": "Settlement", "Kharab": "PALYA", "Surveynumber_Old": "PALYA", "KGISVill_2": "K.G.Mahadevapura" }, "geometry": { "type": "MultiPolygon", "coordinates": [ [ [ [ 77.6844887, 12.9847964 ], [ 77.6849219, 12.9847751 ], [ 77.6850047, 12.9844904 ], [ 77.6853642, 12.9843691 ], [ 77.685322, 12.9842559 ], [ 77.6852297, 12.9840093 ], [ 77.6850103, 12.9833773 ], [ 77.6849001, 12.9833906 ], [ 77.6839477, 12.983699 ], [ 77.6835243, 12.9839269 ], [ 77.6838765, 12.9847493 ], [ 77.6840677, 12.9846605 ], [ 77.6842347, 12.9847775 ], [ 77.6843122, 12.9848495 ], [ 77.6844887, 12.9847964 ] ] ] ] } },
{ "type": "Feature", "properties": { "fid": 28636, "KGISVillageID": 21410, "Category": "Settlement", "Kharab": "SETTLEMENT", "Surveynumber_Old": "SETTLEMENT", "KGISVill_2": "K.G.Mahadevapura" }, "geometry": { "type": "MultiPolygon", "coordinates": [ [ [ [ 77.6866053, 12.9898841 ], [ 77.6869652, 12.9898816 ], [ 77.6871171, 12.989466 ], [ 77.6871759, 12.9893353 ], [ 77.68704, 12.9890585 ], [ 77.6870468, 12.9887881 ], [ 77.6871052, 12.9887005 ], [ 77.6870744, 12.9886271 ], [ 77.6867579, 12.9886774 ], [ 77.6866434, 12.9887819 ], [ 77.6865326, 12.9886808 ], [ 77.6865014, 12.9885713 ], [ 77.6862856, 12.9884775 ], [ 77.686046, 12.9885562 ], [ 77.6857864, 12.9887084 ], [ 77.6857124, 12.9887699 ], [ 77.6858658, 12.9890384 ], [ 77.6857713, 12.9890672 ], [ 77.6858438, 12.9891765 ], [ 77.6857417, 12.9892304 ], [ 77.685833, 12.9894827 ], [ 77.6859752, 12.9894834 ], [ 77.6860156, 12.9895557 ], [ 77.6858698, 12.9896881 ], [ 77.6858867, 12.9897759 ], [ 77.6860518, 12.9897185 ], [ 77.6862154, 12.9899779 ], [ 77.6866053, 12.9898841 ] ] ] ] } },
{ "type": "Feature", "properties": { "fid": 28728, "KGISVillageID": 21385, "Category": "Settlement", "Kharab": "SETTLEMENT_B_NARAYANAPURA", "Surveynumber_Old": "SETTLEMENT_B_NARAYANAPURA", "KGISVill_2": "B. Narayanapura" }, "geometry": { "type": "MultiPolygon", "coordinates": [ [ [ [ 77.684137, 12.9990903 ], [ 77.6841387, 12.9989246 ], [ 77.684956, 12.9989257 ], [ 77.685438, 12.9987931 ], [ 77.6865555, 12.9984802 ], [ 77.6865532, 12.9981326 ], [ 77.6857507, 12.9977152 ], [ 77.6858399, 12.9982863 ], [ 77.6841564, 12.9986268 ], [ 77.6841231, 12.9982082 ], [ 77.684035, 12.9983894 ], [ 77.6835802, 12.9984979 ], [ 77.6835845, 12.9987526 ], [ 77.6832524, 12.9988105 ], [ 77.6832503, 12.9988118 ], [ 77.6832778, 12.9988468 ], [ 77.6832863, 12.999219 ], [ 77.684137, 12.9990903 ] ] ] ] } },
{ "type": "Feature", "properties": { "fid": 28802, "KGISVillageID": 21433, "Category": "Settlement", "Kharab": "SETTLEMENT", "Surveynumber_Old": "SETTLEMENT", "KGISVill_2": "Vibuthipura" }, "geometry": { "type": "MultiPolygon", "coordinates": [ [ [ [ 77.6821961, 12.9646302 ], [ 77.68215, 12.9645575 ], [ 77.681933, 12.9641774 ], [ 77.6818551, 12.9638239 ], [ 77.6816985, 12.9638184 ], [ 77.6815473, 12.9636857 ], [ 77.6812846, 12.9637489 ], [ 77.6810819, 12.9638554 ], [ 77.6811611, 12.9641708 ], [ 77.6811936, 12.9643005 ], [ 77.6811346, 12.9644368 ], [ 77.6806712, 12.9646133 ], [ 77.6804162, 12.9647629 ], [ 77.6804956, 12.9653519 ], [ 77.6806798, 12.9654174 ], [ 77.6810261, 12.9652606 ], [ 77.6813371, 12.9652403 ], [ 77.6817237, 12.9650126 ], [ 77.681788, 12.9649603 ], [ 77.6817661, 12.9647284 ], [ 77.6820761, 12.964704 ], [ 77.6821961, 12.9646302 ] ] ] ] } },
{ "type": "Feature", "properties": { "fid": 28821, "KGISVillageID": 21433, "Category": "Settlement", "Kharab": "HOSAPALYA", "Surveynumber_Old": "204_HOSAPALYA", "KGISVill_2": "Vibuthipura" }, "geometry": { "type": "MultiPolygon", "coordinates": [ [ [ [ 77.682693, 12.9707255 ], [ 77.682138, 12.9707398 ], [ 77.6817966, 12.9706951 ], [ 77.6818602, 12.9713292 ], [ 77.6825111, 12.9712517 ], [ 77.6827768, 12.9711977 ], [ 77.682693, 12.9707255 ] ] ] ] } },
{ "type": "Feature", "properties": { "fid": 29108, "KGISVillageID": 21453, "Category": "Settlement", "Kharab": "SETTLEMENT", "Surveynumber_Old": "SETTLEMENT", "KGISVill_2": "Devarabisanahalli" }, "geometry": { "type": "MultiPolygon", "coordinates": [ [ [ [ 77.6851748, 12.9288708 ], [ 77.6858021, 12.928884 ], [ 77.6860369, 12.9284941 ], [ 77.6860579, 12.9282709 ], [ 77.6861419, 12.9282925 ], [ 77.6862136, 12.928255 ], [ 77.6861753, 12.9279828 ], [ 77.6860015, 12.9278926 ], [ 77.6861065, 12.9277422 ], [ 77.6861283, 12.9275009 ], [ 77.6858017, 12.9274166 ], [ 77.6856014, 12.927559 ], [ 77.6850056, 12.9276451 ], [ 77.6849343, 12.9277876 ], [ 77.6849295, 12.9279764 ], [ 77.6846666, 12.9280042 ], [ 77.6847702, 12.928701 ], [ 77.6850369, 12.9288159 ], [ 77.6851748, 12.9288708 ] ] ] ] } },
{ "type": "Feature", "properties": { "fid": 29122, "KGISVillageID": 21453, "Category": "Settlement", "Kharab": "MAJARE", "Surveynumber_Old": "MAJARE", "KGISVill_2": "Devarabisanahalli" }, "geometry": { "type": "MultiPolygon", "coordinates": [ [ [ [ 77.6896336, 12.9257464 ], [ 77.6885217, 12.9261219 ], [ 77.6887419, 12.926891 ], [ 77.6887931, 12.9272364 ], [ 77.6893393, 12.9272821 ], [ 77.6893974, 12.9269432 ], [ 77.6899669, 12.9268292 ], [ 77.6896336, 12.9257464 ] ] ] ] } },
{ "type": "Feature", "properties": { "fid": 29178, "KGISVillageID": 21466, "Category": "Settlement", "Kharab": "SETTLEMENT", "Surveynumber_Old": "SETTLEMENT", "KGISVill_2": "Kariyammana Agrahara" }, "geometry": { "type": "MultiPolygon", "coordinates": [ [ [ [ 77.6851784, 12.9376443 ], [ 77.6857028, 12.937662 ], [ 77.6862557, 12.9376523 ], [ 77.6862723, 12.9376038 ], [ 77.6862849, 12.9375452 ], [ 77.6863984, 12.937076 ], [ 77.6863785, 12.936893 ], [ 77.6862241, 12.9362688 ], [ 77.6861849, 12.9363947 ], [ 77.6861813, 12.9366498 ], [ 77.6857114, 12.9366008 ], [ 77.6855842, 12.9365878 ], [ 77.6855802, 12.9363945 ], [ 77.6853273, 12.93637 ], [ 77.6852688, 12.9362646 ], [ 77.6849631, 12.9362529 ], [ 77.6849221, 12.9367065 ], [ 77.685562, 12.9369747 ], [ 77.6855445, 12.9371206 ], [ 77.6853518, 12.9371022 ], [ 77.6851784, 12.9376443 ] ] ] ] } },
{ "type": "Feature", "properties": { "fid": 29329, "KGISVillageID": 21463, "Category": "Settlement", "Kharab": "SETTLEMENT", "Surveynumber_Old": "SETTLEMENT", "KGISVill_2": "Kadubisanahalli" }, "geometry": { "type": "MultiPolygon", "coordinates": [ [ [ [ 77.6965652, 12.9412586 ], [ 77.6966413, 12.9412235 ], [ 77.6966132, 12.9411434 ], [ 77.6967677, 12.9411291 ], [ 77.6968208, 12.9410176 ], [ 77.6970497, 12.9409742 ], [ 77.6970585, 12.940933 ], [ 77.6971311, 12.9409297 ], [ 77.6971272, 12.9408685 ], [ 77.6971798, 12.9408354 ], [ 77.6973949, 12.940679 ], [ 77.6973576, 12.9405065 ], [ 77.6972465, 12.9405181 ], [ 77.6971738, 12.9403815 ], [ 77.6971522, 12.9403404 ], [ 77.6967017, 12.9395561 ], [ 77.6964747, 12.9395354 ], [ 77.6964433, 12.939638 ], [ 77.6962209, 12.939568 ], [ 77.6960763, 12.9397417 ], [ 77.6959942, 12.9397054 ], [ 77.6958857, 12.9398231 ], [ 77.6958339, 12.9398556 ], [ 77.695836, 12.9400921 ], [ 77.6959804, 12.9402281 ], [ 77.6961837, 12.940974 ], [ 77.6963567, 12.9411833 ], [ 77.6965652, 12.9412586 ] ] ] ] } },
{ "type": "Feature", "properties": { "fid": 29404, "KGISVillageID": 21482, "Category": "Settlement", "Kharab": "SETTLEMENT", "Surveynumber_Old": "SETTLEMENT", "KGISVill_2": "Munnekolalu" }, "geometry": { "type": "MultiPolygon", "coordinates": [ [ [ [ 77.7084122, 12.9481097 ], [ 77.7085451, 12.9480695 ], [ 77.708525, 12.9476935 ], [ 77.7085098, 12.9475963 ], [ 77.7084123, 12.9476305 ], [ 77.7083465, 12.9475463 ], [ 77.7082628, 12.947527 ], [ 77.7081231, 12.9475339 ], [ 77.7081069, 12.947303 ], [ 77.7079153, 12.9473001 ], [ 77.7078882, 12.9470078 ], [ 77.7076303, 12.9471125 ], [ 77.7071026, 12.9471589 ], [ 77.7069921, 12.9473228 ], [ 77.7070208, 12.9479677 ], [ 77.7070223, 12.9480648 ], [ 77.7070438, 12.9483012 ], [ 77.7072172, 12.9483134 ], [ 77.7075405, 12.9482953 ], [ 77.7078742, 12.9483645 ], [ 77.7080315, 12.9481702 ], [ 77.7081498, 12.948151 ], [ 77.708166, 12.9484545 ], [ 77.7084167, 12.9484731 ], [ 77.7084253, 12.9483058 ], [ 77.7084122, 12.9481097 ] ] ] ] } },
{ "type": "Feature", "properties": { "fid": 29489, "KGISVillageID": 21483, "Category": "Settlement", "Kharab": "SETTLEMENT", "Surveynumber_Old": "SETTLEMENT", "KGISVill_2": "Panatthur" }, "geometry": { "type": "MultiPolygon", "coordinates": [ [ [ [ 77.7049193, 12.936555 ], [ 77.7051181, 12.9364557 ], [ 77.705173, 12.9364266 ], [ 77.7052367, 12.9363899 ], [ 77.7055036, 12.9362004 ], [ 77.7057031, 12.9359662 ], [ 77.7058365, 12.9356649 ], [ 77.705778, 12.9352967 ], [ 77.7055968, 12.9352298 ], [ 77.7052325, 12.9349704 ], [ 77.7051845, 12.9349255 ], [ 77.7051076, 12.9348813 ], [ 77.704781, 12.9347075 ], [ 77.7043494, 12.9347806 ], [ 77.7039341, 12.9347404 ], [ 77.7037302, 12.9351967 ], [ 77.7040086, 12.9355566 ], [ 77.704186, 12.935927 ], [ 77.7041897, 12.9361599 ], [ 77.7041775, 12.9363746 ], [ 77.7044396, 12.9366315 ], [ 77.7044927, 12.9366746 ], [ 77.7045621, 12.936647 ], [ 77.704801, 12.9365932 ], [ 77.7048624, 12.9365761 ], [ 77.7049193, 12.936555 ] ] ] ] } },
{ "type": "Feature", "properties": { "fid": 29549, "KGISVillageID": 21446, "Category": "Settlement", "Kharab": "SETTLEMENT", "Surveynumber_Old": "SETTLEMENT", "KGISVill_2": "Boganahalli" }, "geometry": { "type": "MultiPolygon", "coordinates": [ [ [ [ 77.7022124, 12.9283765 ], [ 77.7027721, 12.9282261 ], [ 77.7026895, 12.9279658 ], [ 77.7028315, 12.9279345 ], [ 77.7032094, 12.9278514 ], [ 77.7029358, 12.9272244 ], [ 77.7028279, 12.9272495 ], [ 77.7026772, 12.9273048 ], [ 77.7025216, 12.9273069 ], [ 77.7020341, 12.9273137 ], [ 77.7018644, 12.9273273 ], [ 77.7017613, 12.9274198 ], [ 77.7018728, 12.9275747 ], [ 77.7018918, 12.9279121 ], [ 77.7019919, 12.9281707 ], [ 77.7022124, 12.9283765 ] ] ] ] } },
{ "type": "Feature", "properties": { "fid": 29779, "KGISVillageID": 21454, "Category": "Settlement", "Kharab": "SETTLEMENT", "Surveynumber_Old": "SETTLEMENT", "KGISVill_2": "Doddakanneli" }, "geometry": { "type": "MultiPolygon", "coordinates": [ [ [ [ 77.6947629, 12.9091504 ], [ 77.6949074, 12.9089957 ], [ 77.6958789, 12.9088753 ], [ 77.6958786, 12.9086123 ], [ 77.6958029, 12.908546 ], [ 77.6957797, 12.9081147 ], [ 77.6956492, 12.9078754 ], [ 77.6953682, 12.907924 ], [ 77.6952361, 12.907999 ], [ 77.6952265, 12.9082088 ], [ 77.6946963, 12.9081792 ], [ 77.6943928, 12.9084116 ], [ 77.6944061, 12.9086658 ], [ 77.6939537, 12.9087204 ], [ 77.6938953, 12.9091664 ], [ 77.6947629, 12.9091504 ] ] ] ] } },
{ "type": "Feature", "properties": { "fid": 29808, "KGISVillageID": 21461, "Category": "Settlement", "Kharab": "SETTLEMENT", "Surveynumber_Old": "SETTLEMENT", "KGISVill_2": "Junnasandra" }, "geometry": { "type": "MultiPolygon", "coordinates": [ [ [ [ 77.6829739, 12.9068147 ], [ 77.6831102, 12.907219 ], [ 77.6834565, 12.9072116 ], [ 77.683557, 12.9067752 ], [ 77.6837414, 12.9067167 ], [ 77.683863, 12.9065132 ], [ 77.6837808, 12.9063797 ], [ 77.6838211, 12.9061205 ], [ 77.683731, 12.9060023 ], [ 77.6835109, 12.9059666 ], [ 77.683524, 12.9058707 ], [ 77.6834215, 12.9058595 ], [ 77.6832404, 12.9058443 ], [ 77.6831821, 12.9055116 ], [ 77.6828771, 12.9055257 ], [ 77.6829882, 12.9058539 ], [ 77.6827188, 12.9058774 ], [ 77.6825911, 12.9064004 ], [ 77.6828998, 12.9067102 ], [ 77.6829739, 12.9068147 ] ] ] ] } },
{ "type": "Feature", "properties": { "fid": 29923, "KGISVillageID": 21465, "Category": "Settlement", "Kharab": "SETTLEMENT", "Surveynumber_Old": "SETTLEMENT", "KGISVill_2": "Kaikondrahalli" }, "geometry": { "type": "MultiPolygon", "coordinates": [ [ [ [ 77.6775909, 12.9138741 ], [ 77.6776085, 12.9139778 ], [ 77.67827, 12.9136682 ], [ 77.6787606, 12.9132639 ], [ 77.6788207, 12.9130633 ], [ 77.6787563, 12.913088 ], [ 77.6786338, 12.9129115 ], [ 77.6784692, 12.9128121 ], [ 77.6782871, 12.9126998 ], [ 77.6782774, 12.9127042 ], [ 77.6779154, 12.912032 ], [ 77.6776446, 12.9120448 ], [ 77.67749, 12.912216 ], [ 77.6771973, 12.9122961 ], [ 77.677073, 12.9124685 ], [ 77.6768558, 12.9124487 ], [ 77.6768562, 12.9128152 ], [ 77.6772833, 12.9136976 ], [ 77.6773433, 12.9138725 ], [ 77.6775909, 12.9138741 ] ] ] ] } },
{ "type": "Feature", "properties": { "fid": 30030, "KGISVillageID": 21467, "Category": "Settlement", "Kharab": "SETTLEMENT", "Surveynumber_Old": "SETTLEMENT", "KGISVill_2": "Kasavanahalli" }, "geometry": { "type": "MultiPolygon", "coordinates": [ [ [ [ 77.6775055, 12.9097172 ], [ 77.6775331, 12.9091421 ], [ 77.6773977, 12.9091317 ], [ 77.6772521, 12.9088807 ], [ 77.6770721, 12.9088335 ], [ 77.6768892, 12.9087968 ], [ 77.6766835, 12.9089545 ], [ 77.6764614, 12.908965 ], [ 77.6761516, 12.9092157 ], [ 77.6760231, 12.9094035 ], [ 77.6763864, 12.9098687 ], [ 77.6775055, 12.9097172 ] ] ] ] } },
{ "type": "Feature", "properties": { "fid": 30192, "KGISVillageID": 21459, "Category": "Settlement", "Kharab": "SETTLEMENT", "Surveynumber_Old": "SETTLEMENT", "KGISVill_2": "Haraluru" }, "geometry": { "type": "MultiPolygon", "coordinates": [ [ [ [ 77.6615069, 12.9030632 ], [ 77.6617857, 12.9029748 ], [ 77.6616266, 12.9018082 ], [ 77.6615306, 12.9017765 ], [ 77.6614327, 12.9013942 ], [ 77.6613785, 12.9012357 ], [ 77.6604735, 12.9013814 ], [ 77.660259, 12.9013272 ], [ 77.6601413, 12.9013012 ], [ 77.6600378, 12.9012629 ], [ 77.6599712, 12.9012279 ], [ 77.6588143, 12.9015855 ], [ 77.6587325, 12.9018376 ], [ 77.6586875, 12.9020602 ], [ 77.6589428, 12.9022617 ], [ 77.6592512, 12.9021789 ], [ 77.6594048, 12.9025273 ], [ 77.6594441, 12.9026546 ], [ 77.6598346, 12.9025917 ], [ 77.6603523, 12.9024423 ], [ 77.6602306, 12.902747 ], [ 77.6599894, 12.9031468 ], [ 77.660767, 12.9030932 ], [ 77.6608314, 12.9031318 ], [ 77.6609207, 12.9030598 ], [ 77.6610575, 12.9030884 ], [ 77.6612162, 12.9030405 ], [ 77.66137, 12.9031207 ], [ 77.6615069, 12.9030632 ] ] ] ] } },
{ "type": "Feature", "properties": { "fid": 30321, "KGISVillageID": 21436, "Category": "Settlement", "Kharab": "SETTLEMENT_PALYA", "Surveynumber_Old": "SETTLEMENT_PALYA", "KGISVill_2": "Ambalipura" }, "geometry": { "type": "MultiPolygon", "coordinates": [ [ [ [ 77.6694434, 12.9170975 ], [ 77.669434, 12.9170255 ], [ 77.6689839, 12.9164146 ], [ 77.668789, 12.91628 ], [ 77.6680045, 12.9168206 ], [ 77.6683363, 12.9175569 ], [ 77.6694434, 12.9170975 ] ] ] ] } },
{ "type": "Feature", "properties": { "fid": 30406, "KGISVillageID": 15521, "Category": "Settlement", "Kharab": "SETTLEMENT", "Surveynumber_Old": "SETTLEMENT", "KGISVill_2": "Ibbaluru" }, "geometry": { "type": "MultiPolygon", "coordinates": [ [ [ [ 77.6647345, 12.9240496 ], [ 77.6643832, 12.92377 ], [ 77.6646486, 12.9235443 ], [ 77.6646562, 12.9229123 ], [ 77.6642438, 12.922771 ], [ 77.6636764, 12.9226476 ], [ 77.6624555, 12.9225452 ], [ 77.6624786, 12.9228346 ], [ 77.6624089, 12.92299 ], [ 77.6628041, 12.9231285 ], [ 77.6628106, 12.9235571 ], [ 77.6635069, 12.9234763 ], [ 77.6633911, 12.9240161 ], [ 77.663675, 12.9241628 ], [ 77.6643665, 12.92451 ], [ 77.6647345, 12.9240496 ] ] ] ] } },
{ "type": "Feature", "properties": { "fid": 30482, "KGISVillageID": 15517, "Category": "Settlement", "Kharab": "SETTLEMENT", "Surveynumber_Old": "SETTLEMENT", "KGISVill_2": "Haralakunte" }, "geometry": { "type": "MultiPolygon", "coordinates": [ [ [ [ 77.6448133, 12.9126667 ], [ 77.6449539, 12.9121483 ], [ 77.6449495, 12.9116713 ], [ 77.6440675, 12.9118948 ], [ 77.6440308, 12.9124662 ], [ 77.6441467, 12.9124666 ], [ 77.6442078, 12.9128433 ], [ 77.644585, 12.9128982 ], [ 77.6448133, 12.9126667 ] ] ] ] } },
{ "type": "Feature", "properties": { "fid": 30510, "KGISVillageID": 15501, "Category": "Settlement", "Kharab": "SETTLEMENT", "Surveynumber_Old": "SETTLEMENT", "KGISVill_2": "Agara" }, "geometry": { "type": "MultiPolygon", "coordinates": [ [ [ [ 77.6492431, 12.9239066 ], [ 77.649264, 12.9238468 ], [ 77.649285, 12.923787 ], [ 77.6494329, 12.9232916 ], [ 77.6495127, 12.9230476 ], [ 77.6495847, 12.9227693 ], [ 77.6496091, 12.9226616 ], [ 77.6496791, 12.9223526 ], [ 77.6495347, 12.9216835 ], [ 77.6487354, 12.9214616 ], [ 77.6485934, 12.9214019 ], [ 77.6483081, 12.921339 ], [ 77.6480981, 12.9214145 ], [ 77.6479035, 12.9215159 ], [ 77.6475158, 12.9217177 ], [ 77.6472845, 12.9217142 ], [ 77.647276, 12.9218541 ], [ 77.6475188, 12.9219274 ], [ 77.6473746, 12.9224675 ], [ 77.6471621, 12.9224262 ], [ 77.6470943, 12.9227374 ], [ 77.6473002, 12.9227979 ], [ 77.6472819, 12.9228825 ], [ 77.6471643, 12.9234216 ], [ 77.6474139, 12.9234889 ], [ 77.647411, 12.92377 ], [ 77.6477329, 12.9238718 ], [ 77.6486062, 12.924035 ], [ 77.649215, 12.9239868 ], [ 77.6492431, 12.9239066 ] ] ] ] } },
{ "type": "Feature", "properties": { "fid": 30595, "KGISVillageID": 15517, "Category": "Settlement", "Kharab": "PALYA_RUDHRAPPANAPALYA", "Surveynumber_Old": "PALYA_RUDHRAPPANAPALYA", "KGISVill_2": "Haralakunte" }, "geometry": { "type": "MultiPolygon", "coordinates": [ [ [ [ 77.6501035, 12.9071986 ], [ 77.6490269, 12.9072959 ], [ 77.6490385, 12.9077719 ], [ 77.6490535, 12.9083395 ], [ 77.6490581, 12.9085147 ], [ 77.6492829, 12.9085086 ], [ 77.6492995, 12.9087362 ], [ 77.6502425, 12.9083811 ], [ 77.6501035, 12.9071986 ] ] ] ] } },
{ "type": "Feature", "properties": { "fid": 30607, "KGISVillageID": 15517, "Category": "Settlement", "Kharab": "SETTLEMENT_KANASANDHRAJA", "Surveynumber_Old": "SETTLEMENT_KANASANDHRAJA", "KGISVill_2": "Haralakunte" }, "geometry": { "type": "MultiPolygon", "coordinates": [ [ [ [ 77.6541035, 12.8981868 ], [ 77.6542562, 12.8986927 ], [ 77.6546681, 12.8985957 ], [ 77.6545464, 12.8980495 ], [ 77.6541035, 12.8981868 ] ] ] ] } },
{ "type": "Feature", "properties": { "fid": 30695, "KGISVillageID": 21312, "Category": "Settlement", "Kharab": "SETTLEMENT", "Surveynumber_Old": "SETTLEMENT", "KGISVill_2": "Bilisheevale" }, "geometry": { "type": "MultiPolygon", "coordinates": [ [ [ [ 77.6709736, 13.0546897 ], [ 77.6710923, 13.0546495 ], [ 77.6710964, 13.0546111 ], [ 77.6710989, 13.0545866 ], [ 77.671103, 13.0545486 ], [ 77.6712219, 13.0543564 ], [ 77.6712543, 13.0543041 ], [ 77.6714646, 13.0539649 ], [ 77.6714686, 13.0536986 ], [ 77.6715472, 13.0535941 ], [ 77.6714567, 13.0534305 ], [ 77.6714998, 13.0531974 ], [ 77.671517, 13.0530793 ], [ 77.6715172, 13.0530777 ], [ 77.6715508, 13.0528474 ], [ 77.6712602, 13.0525354 ], [ 77.6704339, 13.0523056 ], [ 77.669768, 13.0524779 ], [ 77.6698024, 13.0527959 ], [ 77.6697565, 13.0531909 ], [ 77.6700133, 13.0541246 ], [ 77.6699231, 13.0541658 ], [ 77.669887, 13.0541823 ], [ 77.670022, 13.0542393 ], [ 77.6701715, 13.0542788 ], [ 77.6707261, 13.0546389 ], [ 77.6708273, 13.0546747 ], [ 77.6709736, 13.0546897 ] ] ] ] } },
{ "type": "Feature", "properties": { "fid": 30743, "KGISVillageID": 21421, "Category": "Settlement", "Kharab": "SETTLEMENT", "Surveynumber_Old": "SETTLEMENT", "KGISVill_2": "Kyalsanahalli" }, "geometry": { "type": "MultiPolygon", "coordinates": [ [ [ [ 77.6595105, 13.0574304 ], [ 77.6597714, 13.0574687 ], [ 77.6599, 13.057183 ], [ 77.6599558, 13.0569219 ], [ 77.6598652, 13.0565179 ], [ 77.6593914, 13.0564868 ], [ 77.6589947, 13.0562568 ], [ 77.6583661, 13.0562824 ], [ 77.6581713, 13.0563036 ], [ 77.6580067, 13.0564727 ], [ 77.6579389, 13.0567105 ], [ 77.6578035, 13.0567949 ], [ 77.6578313, 13.0569854 ], [ 77.6575912, 13.0570065 ], [ 77.6576006, 13.0571439 ], [ 77.6574875, 13.0571065 ], [ 77.6575064, 13.0572225 ], [ 77.6579481, 13.0572804 ], [ 77.6580879, 13.0573788 ], [ 77.6581569, 13.0572553 ], [ 77.6583081, 13.057228 ], [ 77.6583, 13.05695 ], [ 77.6585504, 13.0568828 ], [ 77.6586009, 13.05712 ], [ 77.6586249, 13.0573678 ], [ 77.658826, 13.0574055 ], [ 77.6589476, 13.0575671 ], [ 77.6595105, 13.0574304 ] ], [ [ 77.6585109, 13.0563733 ], [ 77.658767, 13.0563906 ], [ 77.6588016, 13.0565776 ], [ 77.6587129, 13.0566289 ], [ 77.6586974, 13.0567236 ], [ 77.658487, 13.0566564 ], [ 77.658501, 13.0564627 ], [ 77.6585109, 13.0563733 ] ] ] ] } },
{ "type": "Feature", "properties": { "fid": 30777, "KGISVillageID": 21308, "Category": "Settlement", "Kharab": "SETTLEMENT", "Surveynumber_Old": "SETTLEMENT", "KGISVill_2": "Bairathi" }, "geometry": { "type": "MultiPolygon", "coordinates": [ [ [ [ 77.6531129, 13.0579672 ], [ 77.6535456, 13.0576663 ], [ 77.6537446, 13.0571447 ], [ 77.6536802, 13.056887 ], [ 77.6536666, 13.0565388 ], [ 77.6532605, 13.0561416 ], [ 77.6529382, 13.0560807 ], [ 77.6523115, 13.0559396 ], [ 77.6519963, 13.05603 ], [ 77.6519139, 13.056595 ], [ 77.6518947, 13.0570969 ], [ 77.652148, 13.0574534 ], [ 77.6525179, 13.0577744 ], [ 77.6531129, 13.0579672 ] ] ] ] } },
{ "type": "Feature", "properties": { "fid": 30857, "KGISVillageID": 21419, "Category": "Settlement", "Kharab": "SETTLEMENT", "Surveynumber_Old": "SETTLEMENT", "KGISVill_2": "Kotthanuru" }, "geometry": { "type": "MultiPolygon", "coordinates": [ [ [ [ 77.6492558, 13.0622778 ], [ 77.649468, 13.062104 ], [ 77.6497385, 13.0620861 ], [ 77.6498237, 13.0620704 ], [ 77.6500923, 13.061974 ], [ 77.6504603, 13.0617964 ], [ 77.650555, 13.0617374 ], [ 77.6505813, 13.0616401 ], [ 77.6506126, 13.061434 ], [ 77.6506164, 13.0609882 ], [ 77.6505072, 13.0608687 ], [ 77.6504619, 13.0607581 ], [ 77.650307, 13.0606813 ], [ 77.6500128, 13.0605834 ], [ 77.6498102, 13.060659 ], [ 77.6496903, 13.0605209 ], [ 77.6495939, 13.0605407 ], [ 77.6489316, 13.0606591 ], [ 77.6484925, 13.0612544 ], [ 77.6485409, 13.061352 ], [ 77.6486899, 13.0613312 ], [ 77.6487912, 13.0613439 ], [ 77.6487945, 13.06143 ], [ 77.6488099, 13.0616848 ], [ 77.6487344, 13.06186 ], [ 77.648736, 13.0619225 ], [ 77.6488286, 13.0620672 ], [ 77.6488837, 13.0621426 ], [ 77.6489699, 13.0622961 ], [ 77.6490792, 13.0624311 ], [ 77.6492558, 13.0622778 ] ] ] ] } },
{ "type": "Feature", "properties": { "fid": 31417, "KGISVillageID": 21350, "Category": "Settlement", "Kharab": "SETTLEMENT", "Surveynumber_Old": "SETTLEMENT", "KGISVill_2": "J.I.Varanasi" }, "geometry": { "type": "MultiPolygon", "coordinates": [ [ [ [ 77.6849553, 13.029024 ], [ 77.6852054, 13.0289612 ], [ 77.6852899, 13.0287127 ], [ 77.6853895, 13.0283066 ], [ 77.6851854, 13.0279149 ], [ 77.6850331, 13.0276929 ], [ 77.6846452, 13.0278118 ], [ 77.6839533, 13.0284026 ], [ 77.6841505, 13.0288471 ], [ 77.6843929, 13.0288593 ], [ 77.684542, 13.029198 ], [ 77.6849553, 13.029024 ] ] ] ] } },
{ "type": "Feature", "properties": { "fid": 31470, "KGISVillageID": 21430, "Category": "Settlement", "Kharab": "SETTLEMENT", "Surveynumber_Old": "SETTLEMENT", "KGISVill_2": "Sonnathammanahalli" }, "geometry": { "type": "MultiPolygon", "coordinates": [ [ [ [ 77.7003409, 13.0209008 ], [ 77.6982929, 13.020326 ], [ 77.6980824, 13.0213514 ], [ 77.7002857, 13.0213758 ], [ 77.7003409, 13.0209008 ] ] ] ] } },
{ "type": "Feature", "properties": { "fid": 31506, "KGISVillageID": 21420, "Category": "Settlement", "Kharab": "SETTLEMENT", "Surveynumber_Old": "SETTLEMENT", "KGISVill_2": "Krishnarajapura" }, "geometry": { "type": "MultiPolygon", "coordinates": [ [ [ [ 77.6962298, 13.0117681 ], [ 77.6961735, 13.0114259 ], [ 77.6959694, 13.0114206 ], [ 77.6959372, 13.010938 ], [ 77.6959481, 13.0106499 ], [ 77.6961285, 13.0106316 ], [ 77.6961537, 13.0104046 ], [ 77.6962896, 13.0103745 ], [ 77.6961969, 13.0097672 ], [ 77.6959286, 13.009217 ], [ 77.6957661, 13.0089423 ], [ 77.6954347, 13.0089902 ], [ 77.6953874, 13.0086876 ], [ 77.6942548, 13.0087694 ], [ 77.6942352, 13.0089363 ], [ 77.6940791, 13.0089449 ], [ 77.6940345, 13.0091996 ], [ 77.6935559, 13.0094497 ], [ 77.69337, 13.0100931 ], [ 77.6929376, 13.0100512 ], [ 77.6922482, 13.0099369 ], [ 77.692102, 13.0104523 ], [ 77.6923866, 13.0114954 ], [ 77.6928196, 13.0115372 ], [ 77.6934785, 13.0114162 ], [ 77.6935037, 13.0110451 ], [ 77.6939872, 13.010988 ], [ 77.6945363, 13.0109232 ], [ 77.6949446, 13.0109595 ], [ 77.6950877, 13.0111058 ], [ 77.6952206, 13.011339 ], [ 77.695318, 13.0114611 ], [ 77.6954289, 13.0114924 ], [ 77.6953884, 13.0118325 ], [ 77.6955286, 13.0119558 ], [ 77.6961651, 13.0118607 ], [ 77.6962298, 13.0117681 ] ] ] ] } },
{ "type": "Feature", "properties": { "fid": 31608, "KGISVillageID": 21394, "Category": "Settlement", "Kharab": "SETTLEMENT", "Surveynumber_Old": "SETTLEMENT", "KGISVill_2": "Dyavasandra" }, "geometry": { "type": "MultiPolygon", "coordinates": [ [ [ [ 77.7014078, 13.0058556 ], [ 77.701671, 13.0056395 ], [ 77.7018476, 13.0055852 ], [ 77.7019294, 13.0055593 ], [ 77.7019181, 13.0053922 ], [ 77.7019143, 13.0052807 ], [ 77.7019134, 13.0052637 ], [ 77.701878, 13.0051981 ], [ 77.7017968, 13.0050479 ], [ 77.7017911, 13.0049965 ], [ 77.701847, 13.0048933 ], [ 77.7016252, 13.0047368 ], [ 77.7015444, 13.0047059 ], [ 77.7014852, 13.0046396 ], [ 77.7013778, 13.0045523 ], [ 77.7011577, 13.004614 ], [ 77.701174, 13.0046396 ], [ 77.7012243, 13.0048129 ], [ 77.7010919, 13.0048476 ], [ 77.7010317, 13.0049988 ], [ 77.7007815, 13.0050321 ], [ 77.7005762, 13.0052835 ], [ 77.7003628, 13.005331 ], [ 77.7005087, 13.0055022 ], [ 77.7005537, 13.0055901 ], [ 77.7006748, 13.005643 ], [ 77.7007453, 13.0057778 ], [ 77.7009703, 13.0057459 ], [ 77.7011737, 13.0057927 ], [ 77.7014078, 13.0058556 ] ] ] ] } },
{ "type": "Feature", "properties": { "fid": 31831, "KGISVillageID": 21353, "Category": "Settlement", "Kharab": "SETTLEMENT", "Surveynumber_Old": "SETTLEMENT", "KGISVill_2": "K.G.Bhattarahalli" }, "geometry": { "type": "MultiPolygon", "coordinates": [ [ [ [ 77.7082695, 13.0234646 ], [ 77.7085531, 13.0227034 ], [ 77.7098859, 13.0226013 ], [ 77.7100476, 13.0225572 ], [ 77.7098922, 13.0217364 ], [ 77.7096914, 13.0217042 ], [ 77.7095528, 13.0216786 ], [ 77.7092844, 13.0218085 ], [ 77.7084138, 13.0219195 ], [ 77.7080956, 13.0218957 ], [ 77.7076008, 13.0219078 ], [ 77.7077277, 13.0234054 ], [ 77.7082695, 13.0234646 ] ] ] ] } },
{ "type": "Feature", "properties": { "fid": 31923, "KGISVillageID": 21428, "Category": "Settlement", "Kharab": "SETTLEMENT", "Surveynumber_Old": "SETTLEMENT", "KGISVill_2": "Seegehalli" }, "geometry": { "type": "MultiPolygon", "coordinates": [ [ [ [ 77.7247445, 13.0187832 ], [ 77.7247505, 13.0185319 ], [ 77.7247589, 13.0181926 ], [ 77.7248242, 13.0179484 ], [ 77.7245893, 13.0181193 ], [ 77.7243296, 13.0181245 ], [ 77.7241401, 13.0182147 ], [ 77.7240792, 13.0185935 ], [ 77.7241259, 13.0189311 ], [ 77.7245181, 13.0190256 ], [ 77.7247445, 13.0187832 ] ] ] ] } },
{ "type": "Feature", "properties": { "fid": 31995, "KGISVillageID": 21377, "Category": "Settlement", "Kharab": "SETTLEMENT", "Surveynumber_Old": "SETTLEMENT", "KGISVill_2": "Medahalli" }, "geometry": { "type": "MultiPolygon", "coordinates": [ [ [ [ 77.7207793, 13.0284074 ], [ 77.7213075, 13.0283161 ], [ 77.7213598, 13.0281709 ], [ 77.7213063, 13.0277576 ], [ 77.7212758, 13.0274672 ], [ 77.7212702, 13.0272415 ], [ 77.7211519, 13.0270142 ], [ 77.7211531, 13.0268356 ], [ 77.7207862, 13.0265574 ], [ 77.7206417, 13.0264862 ], [ 77.7205173, 13.0265417 ], [ 77.720446, 13.0265854 ], [ 77.7203635, 13.0265746 ], [ 77.7203002, 13.0269621 ], [ 77.7201984, 13.0270455 ], [ 77.7199327, 13.0267628 ], [ 77.7198752, 13.0266982 ], [ 77.7198818, 13.0268236 ], [ 77.7199199, 13.0268663 ], [ 77.7199748, 13.026943 ], [ 77.7200375, 13.0270264 ], [ 77.7200873, 13.027127 ], [ 77.720071, 13.0272876 ], [ 77.7199723, 13.0276173 ], [ 77.7199378, 13.0276836 ], [ 77.7202106, 13.028088 ], [ 77.7202212, 13.0282916 ], [ 77.7207793, 13.0284074 ] ], [ [ 77.7207002, 13.0268118 ], [ 77.7205819, 13.0268156 ], [ 77.7206011, 13.026654 ], [ 77.7207386, 13.0266338 ], [ 77.7207002, 13.0268118 ] ] ] ] } },
{ "type": "Feature", "properties": { "fid": 32034, "KGISVillageID": 21417, "Category": "Settlement", "Kharab": "SETTLEMENT", "Surveynumber_Old": "SETTLEMENT", "KGISVill_2": "Kodigehalli" }, "geometry": { "type": "MultiPolygon", "coordinates": [ [ [ [ 77.7276468, 13.004546 ], [ 77.7276477, 13.0045455 ], [ 77.7277874, 13.0044602 ], [ 77.7276932, 13.0043758 ], [ 77.7278396, 13.0043289 ], [ 77.7281591, 13.0042964 ], [ 77.7281247, 13.0041014 ], [ 77.7278525, 13.004222 ], [ 77.7276107, 13.0042081 ], [ 77.7274158, 13.0039692 ], [ 77.7272057, 13.0037753 ], [ 77.7269569, 13.0040753 ], [ 77.7268561, 13.0042233 ], [ 77.7267357, 13.0042792 ], [ 77.7266557, 13.0044553 ], [ 77.7267547, 13.0046641 ], [ 77.7268708, 13.0046063 ], [ 77.7269864, 13.0048349 ], [ 77.7272153, 13.004828 ], [ 77.7274767, 13.0045496 ], [ 77.7275795, 13.004587 ], [ 77.7276468, 13.004546 ] ] ] ] } },
{ "type": "Feature", "properties": { "fid": 32258, "KGISVillageID": 15684, "Category": "Settlement", "Kharab": "SETTLEMENT", "Surveynumber_Old": "SETTLEMENT", "KGISVill_2": "Gollahalli" }, "geometry": { "type": "MultiPolygon", "coordinates": [ [ [ [ 77.5652313, 12.8622492 ], [ 77.5652183, 12.8620673 ], [ 77.5655623, 12.862018 ], [ 77.5655891, 12.8615286 ], [ 77.5655967, 12.8613925 ], [ 77.565431, 12.8614554 ], [ 77.5651896, 12.8613049 ], [ 77.5648584, 12.861239 ], [ 77.564743, 12.8612476 ], [ 77.5646838, 12.8614717 ], [ 77.5645477, 12.8616002 ], [ 77.5646284, 12.8619007 ], [ 77.5645798, 12.8619136 ], [ 77.5640627, 12.8620507 ], [ 77.5641017, 12.8622108 ], [ 77.5643078, 12.8622074 ], [ 77.5648056, 12.8624671 ], [ 77.5650073, 12.8624228 ], [ 77.5651478, 12.8623601 ], [ 77.5652171, 12.8624282 ], [ 77.5652998, 12.8623664 ], [ 77.5652313, 12.8622492 ] ] ] ] } },
{ "type": "Feature", "properties": { "fid": 32389, "KGISVillageID": 15690, "Category": "Settlement", "Kharab": "SETTLEMENT", "Surveynumber_Old": "SETTLEMENT", "KGISVill_2": "J.I.Alahalli" }, "geometry": { "type": "MultiPolygon", "coordinates": [ [ [ [ 77.5662114, 12.8708453 ], [ 77.5666017, 12.8707447 ], [ 77.5666021, 12.8705026 ], [ 77.5665098, 12.8700636 ], [ 77.5665875, 12.8699849 ], [ 77.5665183, 12.8697861 ], [ 77.5663871, 12.869806 ], [ 77.5663078, 12.86949 ], [ 77.5664467, 12.8694408 ], [ 77.5663821, 12.8693168 ], [ 77.5661369, 12.8693177 ], [ 77.5661327, 12.8689827 ], [ 77.56585, 12.868991 ], [ 77.5655662, 12.8691118 ], [ 77.5653012, 12.8691064 ], [ 77.565193, 12.8688672 ], [ 77.5648781, 12.8688892 ], [ 77.5649043, 12.8691073 ], [ 77.5642015, 12.8692008 ], [ 77.5637218, 12.8692311 ], [ 77.5637456, 12.8694751 ], [ 77.5638228, 12.8694822 ], [ 77.5638782, 12.8699372 ], [ 77.5640166, 12.8701252 ], [ 77.564717, 12.8700809 ], [ 77.5650499, 12.8700067 ], [ 77.5653027, 12.8703801 ], [ 77.5657206, 12.8702408 ], [ 77.5659761, 12.8702434 ], [ 77.5660529, 12.8707727 ], [ 77.5662114, 12.8708453 ] ] ] ] } },
{ "type": "Feature", "properties": { "fid": 32424, "KGISVillageID": 15703, "Category": "Settlement", "Kharab": "MAJARE", "Surveynumber_Old": "MAJARE", "KGISVill_2": "Konanakunte" }, "geometry": { "type": "MultiPolygon", "coordinates": [ [ [ [ 77.5668251, 12.8865612 ], [ 77.5669634, 12.8865022 ], [ 77.5670117, 12.8864816 ], [ 77.567074, 12.886455 ], [ 77.5669602, 12.8858767 ], [ 77.5668944, 12.8858546 ], [ 77.5668365, 12.8858352 ], [ 77.5665369, 12.8857345 ], [ 77.5666246, 12.8861508 ], [ 77.5666436, 12.886241 ], [ 77.5667093, 12.8865523 ], [ 77.5667206, 12.8866056 ], [ 77.5668251, 12.8865612 ] ] ] ] } },
{ "type": "Feature", "properties": { "fid": 32481, "KGISVillageID": 15703, "Category": "Settlement", "Kharab": "SETTLEMENT", "Surveynumber_Old": "SETTLEMENT", "KGISVill_2": "Konanakunte" }, "geometry": { "type": "MultiPolygon", "coordinates": [ [ [ [ 77.5682345, 12.88663 ], [ 77.5682918, 12.8868783 ], [ 77.5682902, 12.8873293 ], [ 77.5687138, 12.8873207 ], [ 77.5687189, 12.8872913 ], [ 77.5688311, 12.886651 ], [ 77.5687942, 12.886355 ], [ 77.568646, 12.8863831 ], [ 77.5683577, 12.8864008 ], [ 77.5682925, 12.8865312 ], [ 77.5678819, 12.8864599 ], [ 77.5678862, 12.8866392 ], [ 77.5682345, 12.88663 ] ] ] ] } },
{ "type": "Feature", "properties": { "fid": 32507, "KGISVillageID": 15695, "Category": "Settlement", "Kharab": "SETTLEMENT", "Surveynumber_Old": "SETTLEMENT", "KGISVill_2": "K.G.Chunchagatta" }, "geometry": { "type": "MultiPolygon", "coordinates": [ [ [ [ 77.5747482, 12.8855479 ], [ 77.5747765, 12.8854775 ], [ 77.5747842, 12.8852597 ], [ 77.5746529, 12.8851176 ], [ 77.5745863, 12.8849569 ], [ 77.5742603, 12.8849396 ], [ 77.5742412, 12.8847982 ], [ 77.574055, 12.8845188 ], [ 77.5740174, 12.8844128 ], [ 77.5739533, 12.8842331 ], [ 77.5736855, 12.8842587 ], [ 77.5736751, 12.8843772 ], [ 77.5733203, 12.8845961 ], [ 77.57348, 12.8847571 ], [ 77.5734877, 12.8849769 ], [ 77.5737314, 12.8849994 ], [ 77.5737598, 12.8852989 ], [ 77.5736818, 12.8854038 ], [ 77.5737191, 12.885657 ], [ 77.5738391, 12.8857448 ], [ 77.5738987, 12.8857885 ], [ 77.5741783, 12.8858468 ], [ 77.5746007, 12.8857068 ], [ 77.5747482, 12.8855479 ] ] ] ] } },
{ "type": "Feature", "properties": { "fid": 32567, "KGISVillageID": 15704, "Category": "Settlement", "Kharab": "PALYA", "Surveynumber_Old": "PALYA", "KGISVill_2": "Kotthanuru" }, "geometry": { "type": "MultiPolygon", "coordinates": [ [ [ [ 77.5800795, 12.8892194 ], [ 77.5800345, 12.8888521 ], [ 77.5798552, 12.8885899 ], [ 77.5795064, 12.8887511 ], [ 77.5794608, 12.8887722 ], [ 77.579529, 12.8891562 ], [ 77.5798558, 12.8892103 ], [ 77.5800795, 12.8892194 ] ] ] ] } },
{ "type": "Feature", "properties": { "fid": 32588, "KGISVillageID": 15704, "Category": "Settlement", "Kharab": "SETTLEMENT", "Surveynumber_Old": "SETTLEMENT", "KGISVill_2": "Kotthanuru" }, "geometry": { "type": "MultiPolygon", "coordinates": [ [ [ [ 77.5770088, 12.8774069 ], [ 77.5776503, 12.8774828 ], [ 77.5777148, 12.8769397 ], [ 77.578027, 12.8767654 ], [ 77.5780241, 12.8763151 ], [ 77.5780239, 12.8762512 ], [ 77.5780258, 12.8758709 ], [ 77.5780267, 12.8757988 ], [ 77.5780372, 12.875321 ], [ 77.5779611, 12.8753325 ], [ 77.5776175, 12.8752244 ], [ 77.5774618, 12.8750178 ], [ 77.5770838, 12.8750235 ], [ 77.5768703, 12.8750872 ], [ 77.5767479, 12.8749819 ], [ 77.5767174, 12.8749554 ], [ 77.5766315, 12.8752256 ], [ 77.5764515, 12.8753691 ], [ 77.5764527, 12.875419 ], [ 77.5764828, 12.8762073 ], [ 77.5765373, 12.8764186 ], [ 77.5766425, 12.8764962 ], [ 77.5769241, 12.8767019 ], [ 77.5769082, 12.8772367 ], [ 77.5770088, 12.8774069 ] ] ] ] } },
{ "type": "Feature", "properties": { "fid": 32648, "KGISVillageID": 15704, "Category": "Settlement", "Kharab": "LAND_RAGHAVANAPALYA", "Surveynumber_Old": "LAND_RAGHAVANAPALYA", "KGISVill_2": "Kotthanuru" }, "geometry": { "type": "MultiPolygon", "coordinates": [ [ [ [ 77.5775512, 12.8701798 ], [ 77.5774955, 12.8709894 ], [ 77.5778245, 12.8710348 ], [ 77.5778552, 12.8702121 ], [ 77.5775512, 12.8701798 ] ] ] ] } },
{ "type": "Feature", "properties": { "fid": 32665, "KGISVillageID": 15704, "Category": "Settlement", "Kharab": "LAND_RAGHAVANAPALYA", "Surveynumber_Old": "LAND_RAGHAVANAPALYA", "KGISVill_2": "Kotthanuru" }, "geometry": { "type": "MultiPolygon", "coordinates": [ [ [ [ 77.5746636, 12.8746722 ], [ 77.5746651, 12.8745339 ], [ 77.57486, 12.8744002 ], [ 77.574788, 12.8741455 ], [ 77.5743491, 12.8741393 ], [ 77.5740771, 12.8742812 ], [ 77.5736831, 12.8742694 ], [ 77.5735668, 12.8746231 ], [ 77.5735135, 12.8747862 ], [ 77.5746608, 12.8748207 ], [ 77.5746636, 12.8746722 ] ] ] ] } },
{ "type": "Feature", "properties": { "fid": 32721, "KGISVillageID": 15684, "Category": "Settlement", "Kharab": "MAJARE", "Surveynumber_Old": "MAJARE", "KGISVill_2": "Gollahalli" }, "geometry": { "type": "MultiPolygon", "coordinates": [ [ [ [ 77.5700917, 12.8640092 ], [ 77.5701556, 12.8639685 ], [ 77.5701951, 12.8639433 ], [ 77.5703647, 12.8638298 ], [ 77.5703017, 12.8637268 ], [ 77.5702336, 12.8636154 ], [ 77.5702062, 12.8631449 ], [ 77.5698692, 12.8631297 ], [ 77.5698193, 12.8631952 ], [ 77.5696004, 12.863216 ], [ 77.5695879, 12.8634342 ], [ 77.5697592, 12.8634484 ], [ 77.5697591, 12.863581 ], [ 77.5698785, 12.8635667 ], [ 77.5698817, 12.8637242 ], [ 77.5699846, 12.8637345 ], [ 77.5700777, 12.8639732 ], [ 77.5700917, 12.8640092 ] ] ] ] } },
{ "type": "Feature", "properties": { "fid": 32748, "KGISVillageID": 15700, "Category": "Settlement", "Kharab": "SETTLEMENT", "Surveynumber_Old": "SETTLEMENT", "KGISVill_2": "K.G.Raghavanapalya" }, "geometry": { "type": "MultiPolygon", "coordinates": [ [ [ [ 77.573547, 12.8674899 ], [ 77.5736311, 12.867486 ], [ 77.5737201, 12.867482 ], [ 77.5735036, 12.8669487 ], [ 77.5734869, 12.8666495 ], [ 77.5734363, 12.8665711 ], [ 77.5731529, 12.8666701 ], [ 77.5731056, 12.866676 ], [ 77.5730464, 12.8666833 ], [ 77.5729829, 12.8666911 ], [ 77.5728058, 12.8668951 ], [ 77.5728318, 12.8670157 ], [ 77.5728238, 12.8671312 ], [ 77.5729045, 12.867216 ], [ 77.5729215, 12.8673556 ], [ 77.5731165, 12.8673655 ], [ 77.5731264, 12.8673957 ], [ 77.5731634, 12.8675067 ], [ 77.573295, 12.8675028 ], [ 77.573547, 12.8674899 ] ] ] ] } },
{ "type": "Feature", "properties": { "fid": 32760, "KGISVillageID": 15704, "Category": "Settlement", "Kharab": "MAJARE", "Surveynumber_Old": "MAJARE", "KGISVill_2": "Kotthanuru" }, "geometry": { "type": "MultiPolygon", "coordinates": [ [ [ [ 77.5763976, 12.8626856 ], [ 77.5765376, 12.8626242 ], [ 77.5763542, 12.8622815 ], [ 77.5761465, 12.8622592 ], [ 77.5760643, 12.862118 ], [ 77.5758689, 12.8621163 ], [ 77.5756885, 12.8620637 ], [ 77.5754547, 12.8619965 ], [ 77.5754141, 12.8619875 ], [ 77.5754399, 12.8620698 ], [ 77.5754718, 12.8621722 ], [ 77.5754845, 12.862213 ], [ 77.5753054, 12.8623419 ], [ 77.5753634, 12.8632166 ], [ 77.5756572, 12.8633842 ], [ 77.576313, 12.8633434 ], [ 77.5764485, 12.8633349 ], [ 77.5763976, 12.8626856 ] ] ] ] } },
{ "type": "Feature", "properties": { "fid": 32814, "KGISVillageID": 15684, "Category": "Settlement", "Kharab": "MAJARE", "Surveynumber_Old": "MAJARE", "KGISVill_2": "Gollahalli" }, "geometry": { "type": "MultiPolygon", "coordinates": [ [ [ [ 77.5692023, 12.858002 ], [ 77.5690214, 12.8575629 ], [ 77.5690065, 12.8575268 ], [ 77.5689673, 12.8574318 ], [ 77.5687773, 12.8575943 ], [ 77.5682722, 12.8576255 ], [ 77.5682946, 12.858119 ], [ 77.5684819, 12.8582081 ], [ 77.5691567, 12.8580151 ], [ 77.5692023, 12.858002 ] ] ] ] } },
{ "type": "Feature", "properties": { "fid": 32895, "KGISVillageID": 15691, "Category": "Settlement", "Kharab": "KOPPALU_HARIJANA", "Surveynumber_Old": "KOPPALU_HARIJANA", "KGISVill_2": "J.I.Kembatthahalli" }, "geometry": { "type": "MultiPolygon", "coordinates": [ [ [ [ 77.5785444, 12.8555494 ], [ 77.5783994, 12.8555837 ], [ 77.5783052, 12.8553391 ], [ 77.5777488, 12.8555695 ], [ 77.5778382, 12.8560646 ], [ 77.5786078, 12.8557931 ], [ 77.5785444, 12.8555494 ] ] ] ] } },
{ "type": "Feature", "properties": { "fid": 32953, "KGISVillageID": 15691, "Category": "Settlement", "Kharab": "SETTLEMENT", "Surveynumber_Old": "SETTLEMENT", "KGISVill_2": "J.I.Kembatthahalli" }, "geometry": { "type": "MultiPolygon", "coordinates": [ [ [ [ 77.5772594, 12.8567152 ], [ 77.5772478, 12.8565905 ], [ 77.5774549, 12.8565973 ], [ 77.5773675, 12.8564765 ], [ 77.5773615, 12.8563229 ], [ 77.5771091, 12.8562646 ], [ 77.5769385, 12.8560753 ], [ 77.577206, 12.8560082 ], [ 77.5771694, 12.8557398 ], [ 77.5769589, 12.8556023 ], [ 77.5769258, 12.8552046 ], [ 77.5768489, 12.8550983 ], [ 77.5767659, 12.8551217 ], [ 77.5766734, 12.8550995 ], [ 77.576588, 12.8551574 ], [ 77.5764797, 12.8551872 ], [ 77.5761712, 12.8553145 ], [ 77.5758826, 12.8553777 ], [ 77.5757293, 12.8554325 ], [ 77.5760622, 12.8562117 ], [ 77.5761765, 12.856494 ], [ 77.5762088, 12.856573 ], [ 77.5763445, 12.8569017 ], [ 77.5767773, 12.8568285 ], [ 77.5769642, 12.8566811 ], [ 77.577097, 12.8567328 ], [ 77.5772594, 12.8567152 ] ] ] ] } },
{ "type": "Feature", "properties": { "fid": 33009, "KGISVillageID": 15529, "Category": "Settlement", "Kharab": "SETTLEMENT", "Surveynumber_Old": "SETTLEMENT", "KGISVill_2": "K.G.Kalena Agrahara" }, "geometry": { "type": "MultiPolygon", "coordinates": [ [ [ [ 77.5914493, 12.8652916 ], [ 77.590766, 12.8654339 ], [ 77.5907707, 12.8657315 ], [ 77.5909963, 12.865747 ], [ 77.5910606, 12.8665011 ], [ 77.5918576, 12.8665085 ], [ 77.5914493, 12.8652916 ] ] ] ] } },
{ "type": "Feature", "properties": { "fid": 33079, "KGISVillageID": 15685, "Category": "Settlement", "Kharab": "SETTLEMENT", "Surveynumber_Old": "SETTLEMENT", "KGISVill_2": "Gottigere" }, "geometry": { "type": "MultiPolygon", "coordinates": [ [ [ [ 77.5888299, 12.8575206 ], [ 77.588638, 12.8555553 ], [ 77.5885616, 12.8555549 ], [ 77.5884752, 12.8553284 ], [ 77.5882493, 12.8553301 ], [ 77.5881662, 12.8553921 ], [ 77.5879887, 12.8553658 ], [ 77.5879767, 12.8552606 ], [ 77.5878533, 12.8552365 ], [ 77.5877731, 12.8552726 ], [ 77.5876938, 12.8552277 ], [ 77.5873883, 12.8553403 ], [ 77.5872412, 12.8553295 ], [ 77.5866083, 12.8555139 ], [ 77.5866014, 12.8555669 ], [ 77.5865969, 12.8556142 ], [ 77.5868024, 12.8559743 ], [ 77.5869465, 12.8568096 ], [ 77.5868992, 12.8568823 ], [ 77.5870367, 12.8571115 ], [ 77.5870249, 12.8572543 ], [ 77.5873288, 12.8577511 ], [ 77.5883513, 12.8574875 ], [ 77.5884056, 12.8574763 ], [ 77.5884902, 12.857459 ], [ 77.5887073, 12.8574507 ], [ 77.5887818, 12.8575241 ], [ 77.5888299, 12.8575206 ] ] ] ] } },
{ "type": "Feature", "properties": { "fid": 33162, "KGISVillageID": 15503, "Category": "Settlement", "Kharab": "SETTLEMENT", "Surveynumber_Old": "SETTLEMENT", "KGISVill_2": "Basavanapura" }, "geometry": { "type": "MultiPolygon", "coordinates": [ [ [ [ 77.5930814, 12.84566 ], [ 77.5929124, 12.8454798 ], [ 77.592349, 12.845571 ], [ 77.5919291, 12.8457184 ], [ 77.5919805, 12.845965 ], [ 77.5921931, 12.8459349 ], [ 77.5922245, 12.8462068 ], [ 77.5923793, 12.8462073 ], [ 77.5924752, 12.8463273 ], [ 77.5927268, 12.8463047 ], [ 77.5928806, 12.8466276 ], [ 77.5932293, 12.8464688 ], [ 77.593193, 12.8461125 ], [ 77.5931851, 12.8460354 ], [ 77.5931775, 12.8459603 ], [ 77.5930814, 12.84566 ] ] ] ] } },
{ "type": "Feature", "properties": { "fid": 33239, "KGISVillageID": 15522, "Category": "Settlement", "Kharab": "SETTLEMENT_CHIKKAMMANAHALLI", "Surveynumber_Old": "SETTLEMENT_CHIKKAMMANAHALLI", "KGISVill_2": "J.I.Kammanahalli" }, "geometry": { "type": "MultiPolygon", "coordinates": [ [ [ [ 77.6009686, 12.8496424 ], [ 77.6014891, 12.8495566 ], [ 77.6017311, 12.849116 ], [ 77.6016994, 12.8490191 ], [ 77.6015672, 12.8486628 ], [ 77.6014258, 12.8486673 ], [ 77.6013933, 12.848608 ], [ 77.6012439, 12.8486387 ], [ 77.6012057, 12.8485759 ], [ 77.6006042, 12.8487047 ], [ 77.6004482, 12.8486079 ], [ 77.5998319, 12.8486368 ], [ 77.5998725, 12.8488718 ], [ 77.5999626, 12.8495161 ], [ 77.6003758, 12.8494645 ], [ 77.6009686, 12.8496424 ] ] ] ] } },
{ "type": "Feature", "properties": { "fid": 33268, "KGISVillageID": 15522, "Category": "Settlement", "Kharab": "SETTLEMENT", "Surveynumber_Old": "SETTLEMENT", "KGISVill_2": "J.I.Kammanahalli" }, "geometry": { "type": "MultiPolygon", "coordinates": [ [ [ [ 77.5994949, 12.8587964 ], [ 77.5996499, 12.8587876 ], [ 77.5995542, 12.8584944 ], [ 77.5996162, 12.8584822 ], [ 77.59958, 12.8583612 ], [ 77.5995209, 12.8581639 ], [ 77.5994691, 12.8578967 ], [ 77.5993435, 12.8578945 ], [ 77.5993744, 12.8576722 ], [ 77.5992924, 12.8576189 ], [ 77.5992188, 12.8574397 ], [ 77.5992019, 12.8579585 ], [ 77.5989799, 12.8580067 ], [ 77.5987349, 12.8576985 ], [ 77.5985501, 12.8572733 ], [ 77.598477, 12.8572844 ], [ 77.5979126, 12.8573649 ], [ 77.598081, 12.8579287 ], [ 77.5981002, 12.8583921 ], [ 77.5981105, 12.8586301 ], [ 77.5982305, 12.8588885 ], [ 77.5982451, 12.8590574 ], [ 77.5982755, 12.8593296 ], [ 77.59867, 12.8593541 ], [ 77.5987427, 12.859455 ], [ 77.5989825, 12.8594252 ], [ 77.5993392, 12.8592656 ], [ 77.5994542, 12.8592267 ], [ 77.5994949, 12.8587964 ] ] ] ] } },
{ "type": "Feature", "properties": { "fid": 33361, "KGISVillageID": 15520, "Category": "Settlement", "Kharab": "SETTLEMENT", "Surveynumber_Old": "SETTLEMENT", "KGISVill_2": "Hulimavu" }, "geometry": { "type": "MultiPolygon", "coordinates": [ [ [ [ 77.6020054, 12.8798998 ], [ 77.6018428, 12.8795063 ], [ 77.6021702, 12.8794635 ], [ 77.6022331, 12.8792031 ], [ 77.6022414, 12.8790536 ], [ 77.6022169, 12.8787691 ], [ 77.6020706, 12.8775846 ], [ 77.6020239, 12.8775038 ], [ 77.6019495, 12.8774273 ], [ 77.6015635, 12.8773835 ], [ 77.6016151, 12.877039 ], [ 77.6015677, 12.8768801 ], [ 77.6013807, 12.8768889 ], [ 77.60138, 12.8769108 ], [ 77.6013739, 12.8770971 ], [ 77.6012085, 12.877136 ], [ 77.6010708, 12.8773667 ], [ 77.6010874, 12.8776795 ], [ 77.6009767, 12.8785753 ], [ 77.6012751, 12.8790612 ], [ 77.6012938, 12.8791386 ], [ 77.6013961, 12.8795737 ], [ 77.601366, 12.8798495 ], [ 77.6013383, 12.880057 ], [ 77.6014106, 12.8800551 ], [ 77.6015027, 12.8800528 ], [ 77.6020054, 12.8798998 ] ] ] ] } },
{ "type": "Feature", "properties": { "fid": 33554, "KGISVillageID": 15525, "Category": "Settlement", "Kharab": "SETTLEMENT", "Surveynumber_Old": "SETTLEMENT", "KGISVill_2": "K.G.Arakere" }, "geometry": { "type": "MultiPolygon", "coordinates": [ [ [ [ 77.6032413, 12.8880789 ], [ 77.6032168, 12.8877302 ], [ 77.6034214, 12.8876802 ], [ 77.6032707, 12.8872701 ], [ 77.6031424, 12.8872615 ], [ 77.6029635, 12.8872274 ], [ 77.60268, 12.8872322 ], [ 77.6025474, 12.8870877 ], [ 77.6019732, 12.8871157 ], [ 77.6021422, 12.8880205 ], [ 77.6023206, 12.8881601 ], [ 77.6030918, 12.8880896 ], [ 77.6032413, 12.8880789 ] ] ] ] } },
{ "type": "Feature", "properties": { "fid": 33795, "KGISVillageID": 15538, "Category": "Settlement", "Kharab": "SETTLEMENT", "Surveynumber_Old": "SETTLEMENT", "KGISVill_2": "Nyanappanahalli" }, "geometry": { "type": "MultiPolygon", "coordinates": [ [ [ [ 77.6164845, 12.8789697 ], [ 77.6166122, 12.8789232 ], [ 77.6164933, 12.8784212 ], [ 77.6164378, 12.8780107 ], [ 77.6163841, 12.8780111 ], [ 77.6163004, 12.8780119 ], [ 77.6162644, 12.8780209 ], [ 77.6157473, 12.8781507 ], [ 77.6157821, 12.878542 ], [ 77.615874, 12.8785501 ], [ 77.6159138, 12.8787868 ], [ 77.6159254, 12.878856 ], [ 77.615934, 12.878907 ], [ 77.6159426, 12.8789583 ], [ 77.6164845, 12.8789697 ] ] ] ] } },
{ "type": "Feature", "properties": { "fid": 33820, "KGISVillageID": 15511, "Category": "Settlement", "Kharab": "SETTLEMENT_NEW", "Surveynumber_Old": "SETTLEMENT_NEW", "KGISVill_2": "Devarachikkanahalli" }, "geometry": { "type": "MultiPolygon", "coordinates": [ [ [ [ 77.6174381, 12.8887847 ], [ 77.6174341, 12.8883433 ], [ 77.6173452, 12.8880629 ], [ 77.6169996, 12.8881042 ], [ 77.6167259, 12.8881226 ], [ 77.6165277, 12.8882249 ], [ 77.6164614, 12.8882299 ], [ 77.6162234, 12.8882481 ], [ 77.6160173, 12.8883584 ], [ 77.6158476, 12.88842 ], [ 77.6160081, 12.8888357 ], [ 77.6165984, 12.8888074 ], [ 77.6174381, 12.8887847 ] ] ] ] } },
{ "type": "Feature", "properties": { "fid": 33867, "KGISVillageID": 15511, "Category": "Settlement", "Kharab": "SETTLEMENT", "Surveynumber_Old": "SETTLEMENT", "KGISVill_2": "Devarachikkanahalli" }, "geometry": { "type": "MultiPolygon", "coordinates": [ [ [ [ 77.6152826, 12.8893515 ], [ 77.6155649, 12.8891352 ], [ 77.6158156, 12.889132 ], [ 77.6158858, 12.8891311 ], [ 77.616576, 12.8891219 ], [ 77.6165984, 12.8888074 ], [ 77.6160081, 12.8888357 ], [ 77.6158476, 12.88842 ], [ 77.6156096, 12.8885103 ], [ 77.6152372, 12.8879613 ], [ 77.6151581, 12.8878448 ], [ 77.6147699, 12.8878906 ], [ 77.6144801, 12.8880072 ], [ 77.6143492, 12.8881543 ], [ 77.6142435, 12.8885584 ], [ 77.6143638, 12.8890694 ], [ 77.6146605, 12.889541 ], [ 77.6149228, 12.8895876 ], [ 77.6149983, 12.889569 ], [ 77.6152826, 12.8893515 ] ] ] ] } },
{ "type": "Feature", "properties": { "fid": 33901, "KGISVillageID": 15511, "Category": "Settlement", "Kharab": "HATTI", "Surveynumber_Old": "HATTI", "KGISVill_2": "Devarachikkanahalli" }, "geometry": { "type": "MultiPolygon", "coordinates": [ [ [ [ 77.6161428, 12.8895497 ], [ 77.6164604, 12.8895299 ], [ 77.6164157, 12.8893291 ], [ 77.6160685, 12.8893599 ], [ 77.6161428, 12.8895497 ] ] ] ] } },
{ "type": "Feature", "properties": { "fid": 34081, "KGISVillageID": 15505, "Category": "Settlement", "Kharab": "MAJARE_KODIHALLI", "Surveynumber_Old": "MAJARE_KODIHALLI", "KGISVill_2": "Begur" }, "geometry": { "type": "MultiPolygon", "coordinates": [ [ [ [ 77.6355284, 12.8804959 ], [ 77.6356005, 12.8806071 ], [ 77.6358046, 12.880577 ], [ 77.6357078, 12.8795015 ], [ 77.6352315, 12.8795223 ], [ 77.6348203, 12.8795366 ], [ 77.6344351, 12.8795502 ], [ 77.6342813, 12.8795556 ], [ 77.6342863, 12.8797801 ], [ 77.6342854, 12.8798352 ], [ 77.6342656, 12.880587 ], [ 77.6347828, 12.8805441 ], [ 77.6355284, 12.8804959 ] ] ] ] } },
{ "type": "Feature", "properties": { "fid": 34121, "KGISVillageID": 15505, "Category": "Settlement", "Kharab": "SETTLEMENT", "Surveynumber_Old": "SETTLEMENT", "KGISVill_2": "Begur" }, "geometry": { "type": "MultiPolygon", "coordinates": [ [ [ [ 77.6257076, 12.8776306 ], [ 77.6258534, 12.8775825 ], [ 77.6258437, 12.877447 ], [ 77.625728, 12.8773597 ], [ 77.6257045, 12.8770767 ], [ 77.6261147, 12.8769619 ], [ 77.6262264, 12.8771584 ], [ 77.6262829, 12.877097 ], [ 77.6262588, 12.8768426 ], [ 77.6266073, 12.8768395 ], [ 77.6267545, 12.8769142 ], [ 77.6271767, 12.8767654 ], [ 77.6272937, 12.876579 ], [ 77.6272746, 12.876311 ], [ 77.6273124, 12.8759056 ], [ 77.6273204, 12.8757334 ], [ 77.6273409, 12.8755532 ], [ 77.6274027, 12.8752605 ], [ 77.6274245, 12.8751578 ], [ 77.6273807, 12.8749245 ], [ 77.6273561, 12.8744647 ], [ 77.6272637, 12.8744701 ], [ 77.6272809, 12.8743228 ], [ 77.6266322, 12.8743217 ], [ 77.626271, 12.873976 ], [ 77.6263226, 12.8736767 ], [ 77.6251273, 12.8734697 ], [ 77.6250783, 12.8733127 ], [ 77.6250572, 12.873245 ], [ 77.6250021, 12.873069 ], [ 77.6249031, 12.8730041 ], [ 77.6248284, 12.8730211 ], [ 77.6247063, 12.8726883 ], [ 77.6246166, 12.8720861 ], [ 77.6245506, 12.8715959 ], [ 77.6245496, 12.8707667 ], [ 77.6245457, 12.8700859 ], [ 77.6242194, 12.8702725 ], [ 77.6239989, 12.870333 ], [ 77.6237473, 12.8703734 ], [ 77.6236863, 12.8707751 ], [ 77.6241015, 12.8708995 ], [ 77.6242705, 12.8713688 ], [ 77.6238275, 12.871598 ], [ 77.6236548, 12.8715763 ], [ 77.6235932, 12.8716122 ], [ 77.6235252, 12.8716519 ], [ 77.6235982, 12.8720399 ], [ 77.6237784, 12.8726823 ], [ 77.6237946, 12.8729431 ], [ 77.6240437, 12.8732695 ], [ 77.6241479, 12.8734069 ], [ 77.6241985, 12.8739013 ], [ 77.6243441, 12.873888 ], [ 77.624441, 12.8744216 ], [ 77.6244456, 12.8745732 ], [ 77.6245396, 12.8757806 ], [ 77.6246476, 12.8764001 ], [ 77.6244427, 12.8764386 ], [ 77.6244624, 12.8765981 ], [ 77.6243785, 12.8766099 ], [ 77.6244866, 12.8767458 ], [ 77.6244927, 12.8772079 ], [ 77.6244984, 12.8776202 ], [ 77.624679, 12.8775505 ], [ 77.6252277, 12.8776075 ], [ 77.6254065, 12.8775599 ], [ 77.6254184, 12.8777257 ], [ 77.6257076, 12.8776306 ] ] ] ] } },
{ "type": "Feature", "properties": { "fid": 34311, "KGISVillageID": 15505, "Category": "Settlement", "Kharab": "MAJARE", "Surveynumber_Old": "MAJARE", "KGISVill_2": "Begur" }, "geometry": { "type": "MultiPolygon", "coordinates": [ [ [ [ 77.6203342, 12.861783 ], [ 77.620636, 12.8616348 ], [ 77.6206962, 12.8611128 ], [ 77.620439, 12.8610526 ], [ 77.6200708, 12.8611576 ], [ 77.6201502, 12.8614851 ], [ 77.6200073, 12.8615076 ], [ 77.6199893, 12.8616261 ], [ 77.6203342, 12.861783 ] ] ] ] } },
{ "type": "Feature", "properties": { "fid": 34332, "KGISVillageID": 15548, "Category": "Settlement", "Kharab": "SETTLEMENT", "Surveynumber_Old": "SETTLEMENT", "KGISVill_2": "Yalenahalli" }, "geometry": { "type": "MultiPolygon", "coordinates": [ [ [ [ 77.6163458, 12.8673526 ], [ 77.6163826, 12.8673573 ], [ 77.6164836, 12.8673055 ], [ 77.6165567, 12.8671831 ], [ 77.6164685, 12.866721 ], [ 77.6164269, 12.8665029 ], [ 77.6163501, 12.8663953 ], [ 77.6163181, 12.8663977 ], [ 77.6158191, 12.8664346 ], [ 77.6156721, 12.8664989 ], [ 77.6155258, 12.8665629 ], [ 77.6153912, 12.8671367 ], [ 77.6161936, 12.8673336 ], [ 77.6163458, 12.8673526 ] ] ] ] } },
{ "type": "Feature", "properties": { "fid": 34534, "KGISVillageID": 15506, "Category": "Settlement", "Kharab": "MAJARE", "Surveynumber_Old": "MAJARE", "KGISVill_2": "Beratena Agrahara" }, "geometry": { "type": "MultiPolygon", "coordinates": [ [ [ [ 77.6574066, 12.8630263 ], [ 77.6574149, 12.8630692 ], [ 77.6567714, 12.8640394 ], [ 77.6573587, 12.8642525 ], [ 77.6574764, 12.8642915 ], [ 77.6575115, 12.8643021 ], [ 77.6580563, 12.8635241 ], [ 77.6574066, 12.8630263 ] ] ] ] } },
{ "type": "Feature", "properties": { "fid": 34542, "KGISVillageID": 15506, "Category": "Settlement", "Kharab": "SETTLEMENT", "Surveynumber_Old": "SETTLEMENT", "KGISVill_2": "Beratena Agrahara" }, "geometry": { "type": "MultiPolygon", "coordinates": [ [ [ [ 77.6582253, 12.860372 ], [ 77.6582702, 12.8605464 ], [ 77.658264, 12.8607699 ], [ 77.6584681, 12.8607769 ], [ 77.6585068, 12.8605463 ], [ 77.6588495, 12.8605264 ], [ 77.658853, 12.8604056 ], [ 77.6590443, 12.8603314 ], [ 77.6590011, 12.860276 ], [ 77.6589273, 12.8601813 ], [ 77.6585263, 12.8601436 ], [ 77.6582641, 12.8602126 ], [ 77.6582001, 12.8598724 ], [ 77.6580554, 12.8598526 ], [ 77.658078, 12.8603652 ], [ 77.6582253, 12.860372 ] ] ] ] } },
{ "type": "Feature", "properties": { "fid": 34653, "KGISVillageID": 15502, "Category": "Settlement", "Kharab": "SETTLEMENT", "Surveynumber_Old": "SETTLEMENT", "KGISVill_2": "Basapura" }, "geometry": { "type": "MultiPolygon", "coordinates": [ [ [ [ 77.6474668, 12.8670367 ], [ 77.6477911, 12.8668032 ], [ 77.6477679, 12.8666578 ], [ 77.6475353, 12.8661487 ], [ 77.647273, 12.8657834 ], [ 77.6472257, 12.865727 ], [ 77.6470168, 12.8655922 ], [ 77.6469626, 12.8656102 ], [ 77.6463215, 12.8658214 ], [ 77.6463607, 12.8661403 ], [ 77.6462984, 12.8663938 ], [ 77.6463241, 12.866591 ], [ 77.6464137, 12.8667832 ], [ 77.6465942, 12.8670292 ], [ 77.6466388, 12.8670676 ], [ 77.6466881, 12.86711 ], [ 77.6468217, 12.867225 ], [ 77.6469993, 12.8671944 ], [ 77.6471118, 12.8671186 ], [ 77.6473135, 12.867091 ], [ 77.6474668, 12.8670367 ] ] ] ] } },
{ "type": "Feature", "properties": { "fid": 34689, "KGISVillageID": 15510, "Category": "Settlement", "Kharab": "SETTLEMENT", "Surveynumber_Old": "SETTLEMENT", "KGISVill_2": "Chikkathoguru" }, "geometry": { "type": "MultiPolygon", "coordinates": [ [ [ [ 77.6524287, 12.8568395 ], [ 77.6520306, 12.8568383 ], [ 77.6519475, 12.8567076 ], [ 77.6513734, 12.8564413 ], [ 77.6509485, 12.856631 ], [ 77.6508525, 12.8568451 ], [ 77.6509652, 12.8573607 ], [ 77.651063, 12.8574218 ], [ 77.6513345, 12.857582 ], [ 77.6516864, 12.8575951 ], [ 77.6519586, 12.8574781 ], [ 77.6520338, 12.8575788 ], [ 77.6522196, 12.8575498 ], [ 77.6522375, 12.8574099 ], [ 77.6524671, 12.8572646 ], [ 77.6524427, 12.8570128 ], [ 77.6524287, 12.8568395 ] ] ] ] } },
{ "type": "Feature", "properties": { "fid": 34764, "KGISVillageID": 15544, "Category": "Settlement", "Kharab": "SETTLEMENT", "Surveynumber_Old": "SETTLEMENT", "KGISVill_2": "Singasandra" }, "geometry": { "type": "MultiPolygon", "coordinates": [ [ [ [ 77.6487089, 12.8777546 ], [ 77.6489503, 12.8776596 ], [ 77.6492682, 12.8775545 ], [ 77.6495935, 12.8772043 ], [ 77.6494353, 12.8770805 ], [ 77.649518, 12.8767668 ], [ 77.649379, 12.8767303 ], [ 77.6493705, 12.876539 ], [ 77.6494953, 12.8765278 ], [ 77.6494999, 12.8765274 ], [ 77.6494863, 12.8764931 ], [ 77.6494369, 12.8763684 ], [ 77.6491281, 12.8764261 ], [ 77.6489216, 12.8762152 ], [ 77.6482895, 12.8762756 ], [ 77.6479637, 12.8767332 ], [ 77.6477695, 12.8771057 ], [ 77.6478598, 12.8773489 ], [ 77.6482458, 12.8772823 ], [ 77.6484075, 12.8777998 ], [ 77.6487089, 12.8777546 ] ] ] ] } },
{ "type": "Feature", "properties": { "fid": 34964, "KGISVillageID": 21279, "Category": "Settlement", "Kharab": "SETTLEMENT", "Surveynumber_Old": "SETTLEMENT", "KGISVill_2": "Kudlu" }, "geometry": { "type": "MultiPolygon", "coordinates": [ [ [ [ 77.656248, 12.8904026 ], [ 77.656273, 12.8902745 ], [ 77.6563365, 12.8901536 ], [ 77.6563119, 12.8900602 ], [ 77.6563408, 12.8899567 ], [ 77.6564431, 12.8899198 ], [ 77.6564626, 12.8898083 ], [ 77.6565108, 12.8898064 ], [ 77.6565911, 12.8898292 ], [ 77.6565236, 12.8900318 ], [ 77.6566305, 12.8900237 ], [ 77.6566636, 12.8902413 ], [ 77.6567975, 12.8902129 ], [ 77.6567948, 12.890464 ], [ 77.6571347, 12.8904167 ], [ 77.6570724, 12.8901185 ], [ 77.657279, 12.89005 ], [ 77.6572427, 12.8898073 ], [ 77.6570943, 12.8897742 ], [ 77.6571052, 12.8894856 ], [ 77.6571067, 12.88944 ], [ 77.6571048, 12.88939 ], [ 77.6571019, 12.8893147 ], [ 77.6569611, 12.8893329 ], [ 77.6569614, 12.8892349 ], [ 77.6570493, 12.8891897 ], [ 77.6569062, 12.888822 ], [ 77.6570424, 12.8888188 ], [ 77.6570687, 12.8886527 ], [ 77.6567541, 12.8883948 ], [ 77.6564105, 12.8883921 ], [ 77.6559113, 12.8883403 ], [ 77.6556162, 12.8882598 ], [ 77.6550673, 12.8886915 ], [ 77.6548768, 12.8891983 ], [ 77.6547608, 12.8898836 ], [ 77.6548313, 12.8902294 ], [ 77.6549737, 12.8902705 ], [ 77.6554094, 12.8903005 ], [ 77.6555681, 12.8903261 ], [ 77.6560743, 12.8903837 ], [ 77.656248, 12.8904026 ] ] ] ] } },
{ "type": "Feature", "properties": { "fid": 35085, "KGISVillageID": 15539, "Category": "Settlement", "Kharab": "SETTLEMENT", "Surveynumber_Old": "SETTLEMENT", "KGISVill_2": "Parappana Agrahara" }, "geometry": { "type": "MultiPolygon", "coordinates": [ [ [ [ 77.6567192, 12.8819596 ], [ 77.656917, 12.8820384 ], [ 77.6571192, 12.8819913 ], [ 77.6570925, 12.8818742 ], [ 77.6575504, 12.8816575 ], [ 77.6575506, 12.8814387 ], [ 77.6574239, 12.8813323 ], [ 77.6573746, 12.8812958 ], [ 77.6573841, 12.8811933 ], [ 77.6573434, 12.8811082 ], [ 77.6573094, 12.8805408 ], [ 77.65695, 12.8806273 ], [ 77.6565995, 12.8807761 ], [ 77.6565626, 12.8809282 ], [ 77.656545, 12.8810014 ], [ 77.6565254, 12.881084 ], [ 77.6565036, 12.8814604 ], [ 77.6565522, 12.8817267 ], [ 77.6567192, 12.8819596 ] ] ] ] } },
{ "type": "Feature", "properties": { "fid": 35206, "KGISVillageID": 15531, "Category": "Settlement", "Kharab": "SETTLEMENT", "Surveynumber_Old": "SETTLEMENT", "KGISVill_2": "K.G.Naganathapura" }, "geometry": { "type": "MultiPolygon", "coordinates": [ [ [ [ 77.6686696, 12.8752055 ], [ 77.6693447, 12.8751024 ], [ 77.6693201, 12.8750011 ], [ 77.6688137, 12.8748166 ], [ 77.6681149, 12.8749356 ], [ 77.6682349, 12.875423 ], [ 77.6686212, 12.8753442 ], [ 77.6686837, 12.875331 ], [ 77.6686696, 12.8752055 ] ] ] ] } }
]
}
